ticker,holding_name,weight_pct,sector,region,market_value,shares
NVDA,NVIDIA Corp,4.5995,Technology,US,"US$3,362,450,950.80","15,925,220"
AAPL,Apple Inc,4.1829,Technology,US,"US$3,057,863,457.60","9,798,960"
MSFT,Microsoft Corp,3.1062,Technology,US,"US$2,270,784,089.28","5,043,497"
AMZN,Amazon.com Inc,2.4159,Consumer Discretionary,US,"US$1,766,135,204.72","6,525,773"
GOOGL,Alphabet Inc,2.0521,Technology,US,"US$1,500,207,390.90","3,944,385"
AVGO,Broadcom Inc,1.921,Technology,US,"US$1,404,339,736.09","3,143,317"
2330,Taiwan Semiconductor Manufacturing Co Ltd,1.6989,Technology,TW,"US$1,241,946,656.88","16,520,000"
GOOG,Alphabet Inc,1.6637,Technology,US,"US$1,216,202,416.98","3,230,886"
META,Meta Platforms Inc,1.2855,Technology,US,"US$939,794,743.18","1,485,818"
TSLA,Tesla Inc,1.1442,Consumer Discretionary,US,"US$836,471,450.23","1,919,437"
MU,Micron Technology Inc,1.0089,Technology,US,"US$737,518,195.00","759,545"
005930,Samsung Electronics Co Ltd,0.9246,Telecommunications,KR,"US$675,919,095.55","3,213,281"
LLY,Eli Lilly & Co,0.8239,Health Care,US,"US$602,325,555.00","545,091"
000660,SK hynix Inc,0.7853,Technology,KR,"US$574,103,773.06","370,842"
AMD,Advanced Micro Devices Inc,0.7736,Technology,US,"US$565,534,638.50","1,095,785"
BRK/B,Berkshire Hathaway Inc,0.66,Financials,US,"US$482,519,114.64","1,016,943"
JPM,JPMorgan Chase & Co,0.6196,Financials,US,"US$452,987,127.78","1,513,438"
ASML,ASML Holding NV,0.587,Technology,NL,"US$429,134,844.07","265,555"
XOM,Exxon Mobil Corp,0.5701,Energy,US,"US$416,779,556.22","2,869,197"
V,Visa Inc,0.5105,Industrials,US,"US$373,222,358.76","1,143,591"
JNJ,Johnson & Johnson,0.5033,Health Care,US,"US$367,943,384.97","1,632,909"
INTC,Intel Corp,0.4743,Technology,US,"US$346,734,635.96","3,023,497"
WMT,Walmart Inc,0.4676,Consumer Discretionary,US,"US$341,814,727.25","2,953,043"
CSCO,Cisco Systems Inc,0.4465,Telecommunications,US,"US$326,439,352.80","2,710,840"
COST,Costco Wholesale Corp,0.3939,Consumer Discretionary,US,"US$287,921,175.04","301,072"
CAT,Caterpillar Inc,0.3771,Industrials,US,"US$275,657,309.88","314,724"
LRCX,Lam Research Corp,0.3752,Technology,US,"US$274,325,568.78","862,171"
MA,Mastercard Inc,0.369,Industrials,US,"US$269,728,887.36","546,032"
ABBV,AbbVie Inc,0.3582,Health Care,US,"US$261,869,479.32","1,202,781"
ORCL,Oracle Corp,0.3539,Technology,US,"US$258,708,206.76","1,145,842"
NFLX,Netflix Inc,0.3385,Consumer Discretionary,US,"US$247,428,702.18","2,876,409"
AMAT,Applied Materials Inc,0.3343,Technology,US,"US$244,404,182.88","543,048"
UNH,UnitedHealth Group Inc,0.322,Health Care,US,"US$235,397,818.53","618,963"
PLTR,Palantir Technologies Inc,0.3181,Technology,US,"US$232,564,433.70","1,485,655"
CVX,Chevron Corp,0.3169,Energy,US,"US$231,668,367.24","1,269,694"
700,Tencent Holdings Ltd,0.3158,Technology,HK,"US$230,894,148.77","4,235,978"
GE,General Electric Co,0.3131,Industrials,US,"US$228,908,680.32","707,032"
PG,Procter & Gamble Co/The,0.3123,Consumer Staples,US,"US$228,328,303.88","1,590,473"
HSBA,HSBC Holdings PLC,0.2988,Financials,GB,"US$218,462,579.18","11,629,610"
HD,Home Depot Inc/The,0.2923,Consumer Discretionary,US,"US$213,682,589.20","673,780"
KO,Coca-Cola Co/The,0.2839,Consumer Staples,US,"US$207,537,226.21","2,626,721"
MRK,Merck & Co Inc,0.2742,Health Care,US,"US$200,472,966.40","1,688,620"
ROP,Roche Holding AG,0.2733,Health Care,CH,"US$199,816,635.44","474,117"
NOVN,Novartis AG,0.2679,Health Care,CH,"US$195,875,542.66","1,298,993"
BAC,Bank of America Corp,0.2657,Financials,US,"US$194,246,032.80","3,764,458"
TXN,Texas Instruments Inc,0.2607,Technology,US,"US$190,607,069.68","623,551"
9988,Alibaba Group Holding Ltd,0.2591,Consumer Discretionary,HK,"US$189,403,006.86","12,278,140"
AZN,AstraZeneca PLC,0.2589,Health Care,GB,"US$189,250,893.94","1,017,237"
IBM,International Business Machines Corp,0.2584,Technology,US,"US$188,923,128.80","634,396"
PM,Philip Morris International Inc,0.2566,Consumer Staples,US,"US$187,562,676.28","1,057,406"
QCOM,QUALCOMM Inc,0.25,Technology,US,"US$182,783,225.24","728,162"
RY,Royal Bank of Canada,0.247,Financials,CA,"US$180,588,591.69","940,742"
GEV,GE Vernova Inc,0.2443,Industrials,US,"US$178,618,243.84","184,462"
NESN,Nestle SA,0.2425,Consumer Staples,CH,"US$177,283,117.07","1,743,708"
KLAC,KLA Corp,0.238,Technology,US,"US$173,953,189.20","90,520"
GS,Goldman Sachs Group Inc/The,0.2292,Financials,US,"US$167,567,273.96","163,391"
SNDK,Sandisk Corp,0.2247,Technology,US,"US$164,252,036.90","96,905"
SHEL,Shell PLC,0.2244,Energy,GB,"US$164,065,555.53","3,903,620"
WFC,Wells Fargo & Co,0.2242,Financials,US,"US$163,896,685.70","2,113,705"
RTX,RTX Corp,0.2234,Industrials,US,"US$163,283,991.00","908,850"
MS,Morgan Stanley,0.2218,Financials,US,"US$162,136,832.00","779,504"
LIN,Linde PLC,0.2187,Basic Materials,US,"US$159,911,778.52","321,308"
SIE,Siemens AG,0.2159,Industrials,DE,"US$157,862,647.59","501,401"
PANW,Palo Alto Networks Inc,0.2121,Technology,US,"US$155,050,626.70","550,430"
BHP,BHP Group Ltd,0.2033,Basic Materials,AU,"US$148,588,269.89","3,314,332"
8306,Mitsubishi UFJ Financial Group Inc,0.1912,Financials,JP,"US$139,767,453.99","7,419,000"
ADI,Analog Devices Inc,0.1907,Technology,US,"US$139,433,100.45","336,917"
7203,Toyota Motor Corp,0.1887,Consumer Discretionary,JP,"US$137,961,264.02","7,219,610"
VZ,Verizon Communications Inc,0.1878,Telecommunications,US,"US$137,280,438.75","2,871,375"
MCD,McDonald's Corp,0.1845,Consumer Discretionary,US,"US$134,846,620.00","482,975"
CBA,Commonwealth Bank of Australia,0.1836,Financials,AU,"US$134,202,882.36","1,130,302"
PEP,PepsiCo Inc,0.183,Consumer Staples,US,"US$133,755,690.65","927,635"
TD,Toronto-Dominion Bank/The,0.1811,Financials,CA,"US$132,414,609.09","1,156,309"
STX,Seagate Technology Holdings PLC,0.1773,Technology,US,"US$129,589,261.20","147,294"
SAP,SAP SE,0.1744,Technology,DE,"US$127,460,771.27","703,501"
TMO,Thermo Fisher Scientific Inc,0.1717,Health Care,US,"US$125,533,411.35","254,885"
9984,SoftBank Group Corp,0.1709,Telecommunications,JP,"US$124,964,505.31","2,655,600"
SAN,Banco Santander SA,0.1702,Financials,ES,"US$124,424,754.52","9,938,842"
NEE,NextEra Energy Inc,0.1694,Utilities,US,"US$123,809,922.39","1,422,939"
AMGN,Amgen Inc,0.1692,Health Care,US,"US$123,722,500.82","367,358"
DIS,Walt Disney Co/The,0.1691,Consumer Discretionary,US,"US$123,593,413.09","1,213,723"
APH,Amphenol Corp,0.1685,Technology,US,"US$123,158,850.28","827,903"
2454,MediaTek Inc,0.1682,Technology,TW,"US$122,961,202.22","893,694"
CRWD,Crowdstrike Holdings Inc,0.167,Technology,US,"US$122,117,205.00","167,055"
WDC,Western Digital Corp,0.1667,Technology,US,"US$121,856,917.95","229,395"
CRM,Salesforce Inc,0.1628,Technology,US,"US$119,008,671.60","622,756"
BA,Boeing Co/The,0.1625,Industrials,US,"US$118,776,196.35","513,849"
C,Citigroup Inc,0.162,Financials,US,"US$118,453,015.00","940,850"
MRVL,Marvell Technology Inc,0.1609,Technology,US,"US$117,621,825.00","573,765"
TJX,TJX Cos Inc/The,0.1603,Consumer Discretionary,US,"US$117,185,985.00","757,260"
T,AT&T Inc,0.1595,Telecommunications,US,"US$116,618,230.40","4,702,348"
SU,Schneider Electric SE,0.1574,Industrials,FR,"US$115,088,729.93","365,340"
AXP,American Express Co,0.1572,Industrials,US,"US$114,891,585.27","363,041"
ABBN,ABB Ltd,0.1567,Industrials,CH,"US$114,544,791.78","1,070,313"
GILD,Gilead Sciences Inc,0.1565,Health Care,US,"US$114,424,261.83","851,181"
ALV,Allianz SE,0.1545,Financials,DE,"US$112,910,098.50","253,555"
ANET,Arista Networks Inc,0.1525,Telecommunications,US,"US$111,491,058.45","699,135"
TTE,TotalEnergies SE,0.1491,Energy,FR,"US$109,004,999.18","1,242,487"
BRK/A,Berkshire Hathaway Inc,0.1468,Financials,US,"US$107,345,900.00",151
ETN,Eaton Corp PLC,0.1461,Industrials,US,"US$106,825,999.00","266,665"
BLK,BlackRock Funding Inc/DE,0.1457,Financials,US,"US$106,526,321.28","101,756"
UNP,Union Pacific Corp,0.1451,Industrials,US,"US$106,085,023.52","403,918"
8035,Tokyo Electron Ltd,0.1441,Technology,JP,"US$105,370,160.19","319,990"
RR/,Rolls-Royce Holdings PLC,0.1421,Industrials,GB,"US$103,860,654.31","5,761,240"
IBE,Iberdrola SA,0.1408,Utilities,ES,"US$102,918,800.55","4,522,805"
ISRG,Intuitive Surgical Inc,0.1401,Health Care,US,"US$102,398,114.24","241,141"
HON,Honeywell International Inc,0.1388,Industrials,US,"US$101,441,105.64","426,474"
UBSG,UBS Group AG,0.1381,Financials,CH,"US$100,990,139.53","2,130,363"
ABT,Abbott Laboratories,0.138,Health Care,US,"US$100,880,028.00","1,178,505"
PFE,Pfizer Inc,0.137,Health Care,US,"US$100,181,042.50","3,826,625"
SCHW,Charles Schwab Corp/The,0.1362,Financials,US,"US$99,537,683.45","1,139,527"
COP,ConocoPhillips,0.135,Energy,US,"US$98,705,654.18","865,991"
APP,AppLovin Corp,0.1347,Technology,US,"US$98,468,384.90","160,610"
NOVOB,Novo Nordisk A/S,0.1343,Health Care,DK,"US$98,210,134.66","2,147,012"
6501,Hitachi Ltd,0.1335,Industrials,JP,"US$97,563,052.96","3,006,400"
UBER,Uber Technologies Inc,0.1326,Consumer Discretionary,US,"US$96,897,996.80","1,376,392"
GLW,Corning Inc,0.1319,Technology,US,"US$96,427,301.32","532,277"
MC,LVMH Moet Hennessy Louis Vuitton SE,0.1316,Consumer Discretionary,FR,"US$96,210,349.12","174,286"
ENR,Siemens Energy AG,0.1316,Energy,DE,"US$96,189,206.86","504,949"
WELL,Welltower Inc,0.1315,Real Estate,US,"US$96,117,642.29","468,113"
SHOP,Shopify Inc,0.1291,Technology,CA,"US$94,365,527.68","790,665"
BKNG,Booking Holdings Inc,0.1279,Consumer Discretionary,US,"US$93,530,081.46","558,622"
2308,Delta Electronics Inc,0.1273,Industrials,TW,"US$93,063,136.90","1,192,331"
8316,Sumitomo Mitsui Financial Group Inc,0.1263,Financials,JP,"US$92,327,597.21","2,525,800"
DE,Deere & Co,0.1242,Industrials,US,"US$90,763,100.72","167,404"
BATS,British American Tobacco PLC,0.1231,Consumer Staples,GB,"US$89,986,018.52","1,454,099"
BBVA,Banco Bilbao Vizcaya Argentaria SA,0.123,Financials,ES,"US$89,926,892.34","3,831,998"
NOW,ServiceNow Inc,0.1228,Technology,US,"US$89,774,245.84","721,832"
UCG,UniCredit SpA,0.1217,Financials,IT,"US$88,978,259.36","1,027,055"
PLD,Prologis Inc,0.1214,Real Estate,US,"US$88,751,259.35","618,605"
DELL,Dell Technologies Inc,0.1211,Technology,US,"US$88,551,045.80","210,380"
6758,Sony Group Corp,0.121,Consumer Discretionary,JP,"US$88,424,629.69","4,087,200"
SPGI,S&P Global Inc,0.1202,Financials,US,"US$87,898,168.00","207,307"
SAF,Safran SA,0.1174,Industrials,FR,"US$85,821,553.00","240,574"
IFX,Infineon Technologies AG,0.1173,Technology,DE,"US$85,775,196.76","906,223"
AIR,Airbus SE,0.113,Industrials,FR,"US$82,588,816.70","393,841"
6857,Advantest Corp,0.1129,Technology,JP,"US$82,509,724.23","501,900"
NEM,Newmont Corp,0.1127,Basic Materials,US,"US$82,405,926.21","750,441"
ULVR,Unilever PLC,0.1115,Consumer Staples,GB,"US$81,521,816.43","1,438,078"
VRT,Vertiv Holdings Co,0.1112,Technology,US,"US$81,253,966.99","257,369"
LOW,Lowe's Cos Inc,0.1106,Consumer Discretionary,US,"US$80,878,456.72","377,302"
ENB,Enbridge Inc,0.1104,Energy,CA,"US$80,675,986.06","1,469,265"
MO,Altria Group Inc,0.1087,Consumer Staples,US,"US$79,431,693.04","1,141,588"
COF,Capital One Financial Corp,0.1082,Industrials,US,"US$79,116,650.70","420,990"
BMO,Bank of Montreal,0.108,Financials,CA,"US$78,922,259.50","485,506"
BMY,Bristol-Myers Squibb Co,0.1078,Health Care,US,"US$78,809,535.78","1,378,271"
ACN,Accenture PLC,0.1078,Industrials,US,"US$78,770,126.11","421,073"
2317,Hon Hai Precision Industry Co Ltd,0.1074,Technology,TW,"US$78,515,309.28","8,510,489"
DTE,Deutsche Telekom AG,0.1073,Telecommunications,DE,"US$78,432,599.95","2,328,885"
CVS,CVS Health Corp,0.1065,Consumer Staples,US,"US$77,850,039.34","855,683"
DHR,Danaher Corp,0.1065,Health Care,US,"US$77,817,968.01","426,003"
VRTX,Vertex Pharmaceuticals Inc,0.1064,Health Care,US,"US$77,808,409.32","173,858"
CFR,Cie Financiere Richemont SA,0.1051,Consumer Discretionary,CH,"US$76,851,823.77","355,525"
CB,Chubb Ltd,0.1047,Financials,US,"US$76,551,847.83","245,571"
SBUX,Starbucks Corp,0.1039,Consumer Discretionary,US,"US$75,970,640.72","766,142"
RIO,Rio Tinto PLC,0.1039,Basic Materials,GB,"US$75,928,107.88","706,935"
PGR,Progressive Corp/The,0.1039,Financials,US,"US$75,919,524.80","398,737"
1299,AIA Group Ltd,0.1024,Financials,HK,"US$74,845,044.27","7,131,800"
BP/,BP PLC,0.102,Energy,GB,"US$74,539,893.43","10,597,683"
8411,Mizuho Financial Group Inc,0.1016,Financials,JP,"US$74,301,177.21","1,643,920"
LMT,Lockheed Martin Corp,0.1016,Industrials,US,"US$74,266,182.70","140,006"
ADBE,Adobe Inc,0.1004,Technology,US,"US$73,427,453.54","283,274"
005935,Samsung Electronics Co Ltd,0.099,Telecommunications,KR,"US$72,395,160.92","538,763"
BNP,BNP Paribas SA,0.099,Financials,FR,"US$72,377,008.96","667,266"
ZURN,Zurich Insurance Group AG,0.0988,Financials,CH,"US$72,202,911.63","101,285"
PWR,Quanta Services Inc,0.098,Industrials,US,"US$71,617,119.52","100,624"
PH,Parker-Hannifin Corp,0.0979,Industrials,US,"US$71,570,567.68","84,736"
ISP,Intesa Sanpaolo SpA,0.0976,Financials,IT,"US$71,330,534.51","10,526,195"
SYK,Stryker Corp,0.0972,Health Care,US,"US$71,064,308.61","232,929"
8058,Mitsubishi Corp,0.0968,Industrials,JP,"US$70,777,639.93","2,224,500"
EQIX,Equinix Inc,0.0962,Real Estate,US,"US$70,312,277.32","65,833"
HWM,Howmet Aerospace Inc,0.096,Industrials,US,"US$70,200,355.75","271,831"
CDNS,Cadence Design Systems Inc,0.095,Technology,US,"US$69,442,659.95","185,215"
CM,Canadian Imperial Bank of Commerce,0.095,Financials,CA,"US$69,438,208.62","635,621"
GSK,GSK PLC,0.0935,Health Care,GB,"US$68,340,390.13","2,694,632"
SO,Southern Co/The,0.0934,Utilities,US,"US$68,256,823.95","741,519"
TT,Trane Technologies PLC,0.093,Industrials,US,"US$67,959,913.10","150,587"
6981,Murata Manufacturing Co Ltd,0.0927,Technology,JP,"US$67,754,098.88","1,120,600"
939,China Construction Bank Corp,0.092,Financials,HK,"US$67,244,907.75","62,076,000"
RELIANCE,Reliance Industries Ltd,0.0911,Energy,IN,"US$66,563,710.98","4,786,219"
CME,CME Group Inc,0.0908,Financials,US,"US$66,383,781.36","242,684"
DBS,DBS Group Holdings Ltd,0.0906,Financials,SG,"US$66,227,501.47","1,344,100"
BNS,Bank of Nova Scotia/The,0.0895,Financials,CA,"US$65,400,426.28","814,431"
BN,Brookfield Corp,0.0892,Financials,CA,"US$65,185,203.32","1,429,643"
MDT,Medtronic PLC,0.0887,Health Care,US,"US$64,821,344.39","878,219"
BNY,Bank of New York Mellon Corp/The,0.0879,Financials,US,"US$64,281,134.04","461,028"
AEM,Agnico Eagle Mines Ltd,0.0876,Basic Materials,CA,"US$64,024,055.87","347,942"
DUK,Duke Energy Corp,0.0872,Utilities,US,"US$63,745,593.81","519,397"
FCX,Freeport-McMoRan Inc,0.0872,Basic Materials,US,"US$63,722,732.47","969,757"
SAN,Sanofi SA,0.0869,Health Care,FR,"US$63,554,869.46","723,368"
MCK,McKesson Corp,0.0869,Consumer Staples,US,"US$63,513,514.68","85,547"
CNQ,Canadian Natural Resources Ltd,0.0857,Energy,CA,"US$62,662,768.25","1,376,732"
SNPS,Synopsys Inc,0.0856,Technology,US,"US$62,590,165.14","131,597"
INGA,ING Groep NV,0.085,Financials,NL,"US$62,156,942.02","1,994,923"
6098,Recruit Holdings Co Ltd,0.0843,Industrials,JP,"US$61,633,810.10","928,239"
TMUS,T-Mobile US Inc,0.0842,Telecommunications,US,"US$61,547,908.59","328,203"
INTU,Intuit Inc,0.0838,Technology,US,"US$61,271,053.89","184,813"
4063,Shin-Etsu Chemical Co Ltd,0.0838,Basic Materials,JP,"US$61,256,474.02","1,256,950"
ADP,Automatic Data Processing Inc,0.0835,Industrials,US,"US$61,025,078.24","275,086"
CEG,Constellation Energy Corp,0.0832,Utilities,US,"US$60,835,241.75","211,417"
CMCSA,Comcast Corp,0.0831,Telecommunications,US,"US$60,728,063.40","2,441,820"
CMI,Cummins Inc,0.0824,Industrials,US,"US$60,217,418.75","93,125"
WBC,Westpac Banking Corp,0.0819,Financials,AU,"US$59,897,023.47","2,312,448"
FDX,FedEx Corp,0.0816,Industrials,US,"US$59,682,339.00","144,948"
HDFCB,HDFC Bank Ltd,0.081,Financials,IN,"US$59,241,547.15","7,558,857"
FTNT,Fortinet Inc,0.081,Technology,US,"US$59,217,689.79","429,207"
6861,Keyence Corp,0.0808,Industrials,JP,"US$59,029,480.50","117,300"
AMT,American Tower Corp,0.0807,Real Estate,US,"US$59,021,589.36","315,691"
GD,General Dynamics Corp,0.0807,Industrials,US,"US$58,963,561.84","170,012"
WMB,Williams Cos Inc/The,0.0798,Energy,US,"US$58,356,399.09","817,431"
ENEL,Enel SpA,0.0797,Utilities,IT,"US$58,248,622.49","5,186,002"
009150,Samsung Electro-Mechanics Co Ltd,0.0796,Technology,KR,"US$58,201,043.13","41,236"
BX,Blackstone Inc,0.0795,Financials,US,"US$58,143,096.69","497,077"
BARC,Barclays PLC,0.0789,Financials,GB,"US$57,644,044.47","9,338,188"
SLB,SLB Ltd,0.0784,Energy,US,"US$57,317,812.45","1,050,739"
PNC,PNC Financial Services Group Inc/The,0.0782,Financials,US,"US$57,181,632.00","258,600"
CSX,CSX Corp,0.0781,Industrials,US,"US$57,125,044.78","1,262,153"
MAR,Marriott International Inc/MD,0.0781,Consumer Discretionary,US,"US$57,071,668.80","151,948"
6503,Mitsubishi Electric Corp,0.0779,Industrials,JP,"US$56,978,263.71","1,383,100"
8031,Mitsui & Co Ltd,0.0779,Industrials,JP,"US$56,914,272.25","1,712,700"
JCI,Johnson Controls International plc,0.0778,Industrials,US,"US$56,899,085.80","424,430"
SNOW,Snowflake Inc,0.0777,Technology,US,"US$56,799,565.20","222,264"
9983,Fast Retailing Co Ltd,0.077,Consumer Discretionary,JP,"US$56,320,981.22","108,900"
CIEN,Ciena Corp,0.0769,Telecommunications,US,"US$56,232,410.22","96,914"
ICE,Intercontinental Exchange Inc,0.0765,Financials,US,"US$55,910,808.15","378,159"
USB,US Bancorp,0.0765,Financials,US,"US$55,890,669.05","1,018,973"
BA/,BAE Systems PLC,0.0763,Industrials,GB,"US$55,775,878.09","2,045,393"
NXPI,NXP Semiconductors NV,0.0759,Technology,US,"US$55,501,001.20","172,712"
GLEN,Glencore PLC,0.0758,Basic Materials,GB,"US$55,443,724.15","7,244,080"
NAB,National Australia Bank Ltd,0.0758,Financials,AU,"US$55,439,550.31","2,064,101"
LLOY,Lloyds Banking Group PLC,0.0754,Financials,GB,"US$55,107,749.55","40,120,351"
MMM,3M Co,0.0754,Industrials,US,"US$55,095,714.61","359,797"
CP,Canadian Pacific Kansas City Ltd,0.0748,Industrials,CA,"US$54,650,394.90","611,565"
EMR,Emerson Electric Co,0.0747,Industrials,US,"US$54,638,512.38","379,909"
MDLZ,Mondelez International Inc,0.0747,Consumer Staples,US,"US$54,612,392.49","892,797"
8766,Tokio Marine Holdings Inc,0.0747,Financials,JP,"US$54,608,942.14","1,222,500"
ELV,Elevance Health Inc,0.0741,Health Care,US,"US$54,162,708.88","137,752"
MELI,MercadoLibre Inc,0.074,Consumer Discretionary,US,"US$54,099,713.25","31,905"
NOKIA,Nokia Oyj,0.0739,Telecommunications,FI,"US$54,052,819.16","3,708,546"
8001,ITOCHU Corp,0.0735,Industrials,JP,"US$53,713,498.96","4,417,800"
MRSH,Marsh & McLennan Cos Inc,0.073,Financials,US,"US$53,377,669.81","333,673"
NG/,National Grid PLC,0.073,Utilities,GB,"US$53,374,812.35","3,312,173"
ANZ,ANZ Group Holdings Ltd,0.0725,Financials,AU,"US$52,966,286.57","2,091,347"
SU,Suncor Energy Inc,0.0724,Energy,CA,"US$52,897,076.66","845,635"
UPS,United Parcel Service Inc,0.0722,Industrials,US,"US$52,781,570.11","494,719"
WM,Waste Management Inc,0.072,Utilities,US,"US$52,660,306.72","249,032"
GM,General Motors Co,0.0709,Consumer Discretionary,US,"US$51,850,695.44","622,906"
7011,Mitsubishi Heavy Industries Ltd,0.0709,Industrials,JP,"US$51,819,363.03","2,167,400"
MPWR,Monolithic Power Systems Inc,0.0708,Technology,US,"US$51,782,035.02","33,062"
NOC,Northrop Grumman Corp,0.0707,Industrials,US,"US$51,709,748.48","91,736"
SPOT,Spotify Technology SA,0.0707,Consumer Discretionary,US,"US$51,678,593.52","103,839"
EOG,EOG Resources Inc,0.0704,Energy,US,"US$51,502,686.30","386,135"
ABI,Anheuser-Busch InBev SA/NV,0.0704,Consumer Staples,BE,"US$51,434,357.82","638,781"
NET,Cloudflare Inc,0.0699,Technology,US,"US$51,094,873.26","211,293"
DDOG,Datadog Inc,0.0697,Technology,US,"US$50,938,516.95","205,937"
MPC,Marathon Petroleum Corp,0.0697,Energy,US,"US$50,927,448.09","204,717"
CRH,CRH PLC,0.0696,Industrials,US,"US$50,873,032.54","467,626"
HLT,Hilton Worldwide Holdings Inc,0.0694,Consumer Discretionary,US,"US$50,724,061.62","154,807"
ROST,Ross Stores Inc,0.0688,Consumer Discretionary,US,"US$50,328,511.78","217,186"
RKLB,Rocket Lab Corp,0.0686,Industrials,US,"US$50,113,977.00","349,275"
ORLY,O'Reilly Automotive Inc,0.0682,Consumer Discretionary,US,"US$49,863,472.80","573,935"
CL,Colgate-Palmolive Co,0.0682,Consumer Staples,US,"US$49,860,817.30","553,210"
VLO,Valero Energy Corp,0.0681,Energy,US,"US$49,805,446.34","203,437"
CI,Cigna Group/The,0.068,Health Care,US,"US$49,729,775.40","179,271"
ABX,Barrick Mining Corp,0.0672,Basic Materials,CA,"US$49,124,280.35","1,148,916"
HOOD,Robinhood Markets Inc,0.0671,Financials,US,"US$49,070,891.00","520,370"
SHW,Sherwin-Williams Co/The,0.0671,Industrials,US,"US$49,024,280.16","161,349"
402340,SK Square Co Ltd,0.0669,Technology,KR,"US$48,893,727.27","59,759"
RCL,Royal Caribbean Cruises Ltd,0.0669,Consumer Discretionary,US,"US$48,887,479.54","171,758"
BSX,Boston Scientific Corp,0.0667,Health Care,US,"US$48,777,737.42","1,009,682"
DG,Vinci SA,0.0667,Industrials,FR,"US$48,751,032.07","334,078"
CS,AXA SA,0.0662,Financials,FR,"US$48,427,788.22","1,044,537"
MCO,Moody's Corp,0.0659,Financials,US,"US$48,171,863.25","106,281"
TDG,TransDigm Group Inc,0.0656,Industrials,US,"US$47,945,766.96","38,103"
285A,Kioxia Holdings Corp,0.0654,Technology,JP,"US$47,777,341.54","115,500"
ITW,Illinois Tool Works Inc,0.0651,Industrials,US,"US$47,602,636.40","192,505"
PSX,Phillips 66,0.0648,Energy,US,"US$47,376,267.96","269,367"
ICICIBC,ICICI Bank Ltd,0.0644,Financials,IN,"US$47,070,364.74","3,559,125"
1398,Industrial & Commercial Bank of China Ltd,0.0641,Financials,HK,"US$46,864,807.21","55,316,000"
RHM,Rheinmetall AG,0.0637,Industrials,DE,"US$46,587,075.62","30,866"
ITX,Industria de Diseno Textil SA,0.0636,Consumer Discretionary,ES,"US$46,459,244.65","746,952"
MUV2,Muenchener Rueckversicherungs-Gesellschaft AG in Muenchen,0.0631,Financials,DE,"US$46,142,334.88","87,422"
AEP,American Electric Power Co Inc,0.0631,Utilities,US,"US$46,126,120.48","364,144"
TRP,TC Energy Corp,0.063,Energy,CA,"US$46,071,102.51","690,891"
MSI,Motorola Solutions Inc,0.063,Telecommunications,US,"US$46,069,094.08","114,236"
NSC,Norfolk Southern Corp,0.0629,Industrials,US,"US$45,957,472.00","150,700"
F,Ford Motor Co,0.0628,Consumer Discretionary,US,"US$45,898,330.40","2,631,785"
DLR,Digital Realty Trust Inc,0.0621,Real Estate,US,"US$45,358,890.00","238,731"
CNR,Canadian National Railway Co,0.062,Industrials,CA,"US$45,354,596.02","382,715"
TEL,TE Connectivity PLC,0.0613,Technology,US,"US$44,773,844.82","209,802"
MFC,Manulife Financial Corp,0.061,Financials,CA,"US$44,554,792.55","1,163,976"
NWG,NatWest Group PLC,0.0609,Financials,GB,"US$44,547,579.18","5,513,579"
AON,Aon PLC,0.0607,Financials,US,"US$44,385,253.98","140,433"
WES,Wesfarmers Ltd,0.0602,Consumer Discretionary,AU,"US$44,024,072.81","766,851"
FIX,Comfort Systems USA Inc,0.0598,Industrials,US,"US$43,734,439.62","23,922"
005380,Hyundai Motor Co,0.0598,Consumer Discretionary,KR,"US$43,721,110.15","91,131"
KKR,KKR & Co Inc,0.0598,Financials,US,"US$43,688,869.38","455,377"
SPG,Simon Property Group Inc,0.0596,Real Estate,US,"US$43,575,136.05","212,655"
COHR,Coherent Corp,0.0594,Technology,US,"US$43,386,521.16","120,028"
PDD,PDD Holdings Inc,0.0592,Technology,US,"US$43,252,701.20","512,230"
WBD,Warner Bros Discovery Inc,0.0591,Consumer Discretionary,US,"US$43,230,585.40","1,600,540"
ECL,Ecolab Inc,0.059,Basic Materials,US,"US$43,117,568.00","168,428"
388,Hong Kong Exchanges & Clearing Ltd,0.0589,Financials,HK,"US$43,023,364.89","843,400"
RMS,Hermes International SCA,0.0586,Consumer Discretionary,FR,"US$42,805,662.43","22,643"
1810,Xiaomi Corp,0.0584,Telecommunications,HK,"US$42,692,182.61","11,932,800"
TRV,Travelers Cos Inc/The,0.0582,Financials,US,"US$42,521,951.42","145,678"
BKR,Baker Hughes Co,0.0581,Energy,US,"US$42,494,956.28","665,231"
REGN,Regeneron Pharmaceuticals Inc,0.058,Health Care,US,"US$42,376,170.62","68,929"
URI,United Rentals Inc,0.0579,Industrials,US,"US$42,296,061.60","42,480"
WPM,Wheaton Precious Metals Corp,0.0578,Basic Materials,CA,"US$42,264,717.33","314,101"
APD,Air Products and Chemicals Inc,0.0578,Basic Materials,US,"US$42,225,418.24","151,552"
HCA,HCA Healthcare Inc,0.0577,Health Care,US,"US$42,192,068.40","111,460"
KEYS,Keysight Technologies Inc,0.0575,Industrials,US,"US$42,043,254.11","124,267"
3711,ASE Technology Holding Co Ltd,0.0569,Technology,TW,"US$41,570,372.09","2,131,281"
MNST,Monster Beverage Corp,0.0566,Consumer Staples,US,"US$41,396,543.04","469,988"
TER,Teradyne Inc,0.0563,Technology,US,"US$41,186,077.92","110,032"
OCBC,Oversea-Chinese Banking Corp Ltd,0.0562,Financials,SG,"US$41,109,635.94","2,240,563"
LSEG,London Stock Exchange Group PLC,0.056,Financials,GB,"US$40,915,886.03","336,446"
5802,Sumitomo Electric Industries Ltd,0.0555,Consumer Discretionary,JP,"US$40,555,970.85","513,000"
LHX,L3Harris Technologies Inc,0.0554,Industrials,US,"US$40,524,268.50","128,575"
REL,RELX PLC,0.0552,Technology,GB,"US$40,319,847.34","1,220,897"
DASH,DoorDash Inc,0.0551,Technology,US,"US$40,257,839.57","252,733"
KMI,Kinder Morgan Inc,0.055,Energy,US,"US$40,212,018.84","1,293,823"
TFC,Truist Financial Corp,0.0548,Financials,US,"US$40,069,355.82","831,142"
BHARTI,Bharti Airtel Ltd,0.0547,Telecommunications,IN,"US$39,995,590.12","2,077,409"
MQG,Macquarie Group Ltd,0.0545,Financials,AU,"US$39,821,090.22","232,008"
NDA,Nordea Bank Abp,0.0544,Financials,FI,"US$39,735,525.87","2,067,441"
EL,EssilorLuxottica SA,0.0542,Health Care,FR,"US$39,628,405.09","193,885"
2303,United Microelectronics Corp,0.0532,Technology,TW,"US$38,890,983.38","8,431,000"
PCAR,PACCAR Inc,0.0532,Industrials,US,"US$38,856,089.61","352,053"
VALE3,Vale SA,0.0529,Basic Materials,BR,"US$38,693,012.14","2,363,161"
CTAS,Cintas Corp,0.0529,Industrials,US,"US$38,684,722.58","225,883"
TGT,Target Corp,0.0529,Consumer Discretionary,US,"US$38,680,870.42","304,406"
SRE,Sempra,0.0528,Utilities,US,"US$38,609,422.53","433,181"
DBK,Deutsche Bank AG,0.0527,Financials,DE,"US$38,554,413.24","1,185,880"
D,Dominion Energy Inc,0.0524,Utilities,US,"US$38,328,505.20","572,580"
ABNB,Airbnb Inc,0.0524,Consumer Discretionary,US,"US$38,291,564.47","287,237"
GLE,Societe Generale SA,0.0523,Financials,FR,"US$38,231,097.56","457,372"
AAL,Anglo American PLC,0.0522,Basic Materials,GB,"US$38,176,448.20","710,177"
AI,Air Liquide SA,0.0521,Basic Materials,FR,"US$38,113,268.24","183,404"
PRX,Prosus NV,0.0518,Technology,NL,"US$37,873,955.98","831,766"
DHL,Deutsche Post AG,0.0517,Industrials,DE,"US$37,769,118.45","632,142"
NUE,Nucor Corp,0.0516,Basic Materials,US,"US$37,736,250.00","150,945"
APO,Apollo Global Management Inc,0.0516,Financials,US,"US$37,731,722.63","293,153"
HPE,Hewlett Packard Enterprise Co,0.0516,Technology,US,"US$37,721,719.36","876,434"
VST,Vistra Corp,0.0516,Utilities,US,"US$37,711,572.57","235,359"
FLEX,Flex Ltd,0.0512,Technology,US,"US$37,462,648.02","248,459"
O,Realty Income Corp,0.0512,Real Estate,US,"US$37,460,831.68","611,306"
TRGP,Targa Resources Corp,0.0508,Energy,US,"US$37,144,313.68","145,624"
CPG,Compass Group PLC,0.0508,Consumer Discretionary,GB,"US$37,143,160.30","1,154,590"
GWW,WW Grainger Inc,0.0501,Industrials,US,"US$36,603,855.68","29,657"
BAS,BASF SE,0.05,Basic Materials,DE,"US$36,518,699.43","615,784"
ALL,Allstate Corp/The,0.0499,Financials,US,"US$36,444,749.51","176,839"
NKE,NIKE Inc,0.0496,Consumer Discretionary,US,"US$36,276,542.31","784,697"
CTVA,Corteva Inc,0.0494,Consumer Staples,US,"US$36,115,260.80","461,360"
DB1,Deutsche Boerse AG,0.0494,Financials,DE,"US$36,082,718.42","124,881"
VOLVB,Volvo AB,0.049,Industrials,SE,"US$35,821,939.08","1,016,138"
AME,AMETEK Inc,0.0488,Industrials,US,"US$35,693,334.00","158,040"
6752,Panasonic Holdings Corp,0.0487,Consumer Discretionary,JP,"US$35,612,412.84","1,532,200"
DVN,Devon Energy Corp,0.0485,Energy,US,"US$35,429,166.60","796,340"
3690,Meituan,0.0481,Technology,HK,"US$35,172,694.69","3,753,063"
AFL,Aflac Inc,0.0481,Financials,US,"US$35,149,911.72","312,666"
ROK,Rockwell Automation Inc,0.0481,Industrials,US,"US$35,124,944.32","77,872"
ARGX,Argenx SE,0.0479,Health Care,BE,"US$35,047,027.91","41,969"
CARR,Carrier Global Corp,0.0479,Industrials,US,"US$35,028,351.84","548,432"
FAST,Fastenal Co,0.0476,Basic Materials,US,"US$34,769,930.00","786,650"
OKE,ONEOK Inc,0.0475,Energy,US,"US$34,745,116.32","413,928"
7741,Hoya Corp,0.0473,Health Care,JP,"US$34,583,604.50","203,300"
4502,Takeda Pharmaceutical Co Ltd,0.0472,Health Care,JP,"US$34,484,369.62","1,072,600"
ON,ON Semiconductor Corp,0.0472,Technology,US,"US$34,485,619.86","285,903"
ENI,Eni SpA,0.0471,Energy,IT,"US$34,431,931.42","1,309,628"
AJG,Arthur J Gallagher & Co,0.047,Financials,US,"US$34,330,884.77","170,707"
MSTR,Strategy Inc,0.0468,Technology,US,"US$34,190,190.99","214,911"
2318,Ping An Insurance Group Co of China Ltd,0.0468,Financials,HK,"US$34,191,584.58","4,462,500"
EA,Electronic Arts Inc,0.0467,Consumer Discretionary,US,"US$34,151,801.16","169,303"
STAN,Standard Chartered PLC,0.0467,Financials,GB,"US$34,129,611.41","1,270,110"
MCHP,Microchip Technology Inc,0.0466,Technology,US,"US$34,098,230.40","360,256"
6762,TDK Corp,0.0466,Industrials,JP,"US$34,040,221.12","1,319,100"
PRY,Prysmian SpA,0.0463,Industrials,IT,"US$33,865,565.27","196,085"
EBAY,eBay Inc,0.0463,Consumer Discretionary,US,"US$33,848,130.82","309,766"
ASM,ASM International NV,0.0463,Technology,NL,"US$33,847,202.15","32,285"
RJHI,Al Rajhi Bank,0.0461,Financials,SA,"US$33,734,445.82","1,900,779"
AZO,AutoZone Inc,0.0461,Consumer Discretionary,US,"US$33,663,694.11","11,469"
3988,Bank of China Ltd,0.0459,Financials,HK,"US$33,515,933.86","50,418,000"
EW,Edwards Lifesciences Corp,0.0458,Health Care,US,"US$33,442,445.44","386,752"
ETR,Entergy Corp,0.0456,Utilities,US,"US$33,334,185.90","305,678"
CABK,CaixaBank SA,0.0455,Financials,ES,"US$33,263,075.53","2,457,266"
CVNA,Carvana Co,0.0453,Consumer Discretionary,US,"US$33,131,634.00","453,858"
COR,Cencora Inc,0.0452,Consumer Staples,US,"US$33,017,340.72","122,577"
ADSK,Autodesk Inc,0.0451,Technology,US,"US$32,994,983.64","142,644"
5803,Fujikura Ltd,0.045,Industrials,JP,"US$32,895,593.94","1,097,600"
8002,Marubeni Corp,0.0449,Industrials,JP,"US$32,845,874.74","1,006,300"
CCO,Cameco Corp,0.0448,Energy,CA,"US$32,730,760.78","291,061"
DSV,DSV A/S,0.0447,Industrials,DK,"US$32,653,928.45","129,932"
HOLN,Holcim AG,0.0447,Industrials,CH,"US$32,642,336.93","329,438"
LNG,Cheniere Energy Inc,0.0444,Energy,US,"US$32,461,689.04","144,364"
RIO,Rio Tinto Ltd,0.0444,Basic Materials,AU,"US$32,451,261.42","242,970"
ANG,Anglogold Ashanti Plc,0.0443,Basic Materials,ZA,"US$32,393,764.91","336,239"
PSA,Public Storage,0.0441,Real Estate,US,"US$32,242,767.30","106,170"
9433,KDDI Corp,0.0439,Telecommunications,JP,"US$32,120,907.09","1,867,200"
XEL,Xcel Energy Inc,0.0439,Utilities,US,"US$32,060,044.50","403,271"
STMMI,STMicroelectronics NV,0.0438,Technology,IT,"US$31,997,152.85","465,131"
EXC,Exelon Corp,0.0436,Utilities,US,"US$31,853,890.32","697,938"
DGE,Diageo PLC,0.0435,Consumer Staples,GB,"US$31,788,589.63","1,535,846"
CAH,Cardinal Health Inc,0.0435,Health Care,US,"US$31,763,520.00","161,400"
9999,NetEase Inc,0.0432,Consumer Discretionary,HK,"US$31,606,025.12","1,276,193"
EOAN,E.ON SE,0.0431,Utilities,DE,"US$31,482,089.31","1,482,313"
MBG,Mercedes-Benz Group AG,0.0429,Consumer Discretionary,DE,"US$31,360,417.00","514,923"
7974,Nintendo Co Ltd,0.0426,Consumer Discretionary,JP,"US$31,130,777.06","693,300"
MET,MetLife Inc,0.0426,Financials,US,"US$31,105,745.37","376,173"
WAB,Westinghouse Air Brake Technologies Corp,0.0425,Industrials,US,"US$31,081,173.92","119,012"
ALAB,Astera Labs Inc,0.0425,Technology,US,"US$31,087,238.05","90,673"
IDXX,IDEXX Laboratories Inc,0.0425,Health Care,US,"US$31,067,408.90","55,130"
6954,FANUC Corp,0.0424,Industrials,JP,"US$31,014,732.08","625,600"
MSCI,MSCI Inc,0.0423,Financials,US,"US$30,895,948.92","48,934"
INVEA,Investor AB,0.0421,Financials,SE,"US$30,807,056.29","757,925"
GMG,Goodman Group,0.0421,Real Estate,AU,"US$30,783,986.13","1,350,971"
6723,Renesas Electronics Corp,0.0421,Technology,JP,"US$30,743,771.59","1,087,578"
LONN,Lonza Group AG,0.042,Health Care,CH,"US$30,669,553.47","47,889"
LR,Legrand SA,0.0419,Industrials,FR,"US$30,633,935.47","177,794"
OR,L'Oreal SA,0.0417,Consumer Discretionary,FR,"US$30,476,869.14","68,270"
8591,ORIX Corp,0.0416,Financials,JP,"US$30,411,202.97","776,200"
ORA,Orange SA,0.0414,Telecommunications,FR,"US$30,282,989.24","1,446,922"
FITB,Fifth Third Bancorp,0.0413,Financials,US,"US$30,231,716.26","605,482"
BN,Danone SA,0.0413,Consumer Staples,FR,"US$30,174,067.96","424,306"
INVEB,Investor AB,0.0411,Financials,SE,"US$30,077,899.49","729,394"
SREN,Swiss Re AG,0.041,Financials,CH,"US$30,001,712.68","199,166"
FNV,Franco-Nevada Corp,0.0409,Basic Materials,CA,"US$29,883,128.74","128,900"
NU,NU Holdings Ltd/Cayman Islands,0.0409,Financials,US,"US$29,871,577.19","2,275,063"
RWE,RWE AG,0.0408,Utilities,DE,"US$29,856,906.50","468,941"
CLS,Celestica Inc,0.0408,Technology,CA,"US$29,829,678.01","77,094"
STT,State Street Corp,0.0406,Financials,US,"US$29,685,528.48","190,732"
ITUB4,Itau Unibanco Holding SA,0.0405,Financials,BR,"US$29,633,922.06","3,743,614"
8053,Sumitomo Corp,0.0405,Industrials,JP,"US$29,637,511.15","664,600"
INFO,Infosys Ltd,0.0403,Technology,IN,"US$29,444,823.20","2,409,560"
2914,Japan Tobacco Inc,0.04,Consumer Staples,JP,"US$29,267,972.23","755,500"
2383,Elite Material Co Ltd,0.04,Technology,TW,"US$29,256,675.87","179,000"
ATD,Alimentation Couche-Tard Inc,0.0399,Consumer Discretionary,CA,"US$29,164,689.33","515,802"
SGO,Cie de Saint-Gobain SA,0.0398,Industrials,FR,"US$29,126,900.09","318,935"
BAYN,Bayer AG,0.0398,Health Care,DE,"US$29,085,891.30","682,308"
ATCOB,Atlas Copco AB,0.0396,Industrials,SE,"US$28,952,699.32","1,702,723"
G,Generali,0.0395,Financials,IT,"US$28,887,176.52","639,484"
SAND,Sandvik AB,0.0395,Industrials,SE,"US$28,878,680.53","708,218"
1211,BYD Co Ltd,0.0394,Consumer Discretionary,HK,"US$28,828,102.56","2,474,670"
FERG,Ferguson Enterprises Inc,0.0394,Industrials,US,"US$28,809,141.27","127,491"
ODFL,Old Dominion Freight Line Inc,0.0392,Industrials,US,"US$28,663,396.20","127,308"
ARAMCO,Saudi Arabian Oil Co,0.0391,Energy,SA,"US$28,593,343.92","3,845,856"
FANG,Diamondback Energy Inc,0.039,Energy,US,"US$28,534,349.60","149,020"
BDX,Becton Dickinson & Co,0.0389,Health Care,US,"US$28,405,341.12","193,076"
AMP,Ameriprise Financial Inc,0.0386,Financials,US,"US$28,254,002.61","63,391"
CMG,Chipotle Mexican Grill Inc,0.0386,Consumer Discretionary,US,"US$28,196,291.16","885,006"
OXY,Occidental Petroleum Corp,0.0385,Energy,US,"US$28,163,005.08","497,316"
NDAQ,Nasdaq Inc,0.0385,Financials,US,"US$28,121,454.00","303,950"
YUM,Yum! Brands Inc,0.0383,Consumer Discretionary,US,"US$27,974,829.85","189,083"
AIG,American International Group Inc,0.0382,Financials,US,"US$27,941,285.45","376,415"
WDS,Woodside Energy Group Ltd,0.0381,Energy,AU,"US$27,848,885.11","1,262,423"
COIN,Coinbase Global Inc,0.0381,Financials,US,"US$27,817,654.80","147,160"
TTWO,Take-Two Interactive Software Inc,0.0379,Consumer Discretionary,US,"US$27,719,625.60","123,660"
CSU,Constellation Software Inc/Canada,0.0379,Technology,CA,"US$27,710,885.33","13,523"
NPN,Naspers Ltd,0.0378,Technology,ZA,"US$27,641,253.31","525,334"
VTR,Ventas Inc,0.0376,Real Estate,US,"US$27,514,841.76","325,928"
RKT,Reckitt Benckiser Group PLC,0.0376,Consumer Staples,GB,"US$27,471,776.91","443,921"
KDP,Keurig Dr Pepper Inc,0.0373,Consumer Staples,US,"US$27,258,291.06","907,702"
SLF,Sun Life Financial Inc,0.0368,Financials,CA,"US$26,894,478.60","373,925"
GALD,Galderma Group AG,0.0367,Health Care,CH,"US$26,817,459.59","125,811"
9434,SoftBank Corp,0.0367,Telecommunications,JP,"US$26,813,810.13","19,825,780"
HLN,Haleon PLC,0.0365,Health Care,GB,"US$26,700,824.07","5,883,121"
LUMI,Bank Leumi Le-Israel BM,0.0365,Financials,IL,"US$26,677,162.04","1,045,841"
RSG,Republic Services Inc,0.0365,Utilities,US,"US$26,658,720.44","133,001"
ED,Consolidated Edison Inc,0.0363,Utilities,US,"US$26,536,157.34","251,218"
RACE,Ferrari NV,0.0362,Consumer Discretionary,IT,"US$26,485,624.22","76,885"
DHI,DR Horton Inc,0.0362,Consumer Discretionary,US,"US$26,466,492.06","179,934"
IBKR,Interactive Brokers Group Inc,0.036,Financials,US,"US$26,281,812.18","302,194"
EME,EMCOR Group Inc,0.0359,Industrials,US,"US$26,271,378.68","31,774"
CCI,Crown Castle Inc,0.0359,Real Estate,US,"US$26,262,421.50","287,021"
PEG,Public Service Enterprise Group Inc,0.0359,Utilities,US,"US$26,243,302.80","333,672"
CVE,Cenovus Energy Inc,0.0359,Energy,CA,"US$26,210,272.98","948,659"
A,Agilent Technologies Inc,0.0358,Health Care,US,"US$26,183,989.41","193,197"
ADM,Archer-Daniels-Midland Co,0.0356,Consumer Staples,US,"US$26,001,179.58","325,911"
PETR3,Petroleo Brasileiro SA,0.0355,Energy,BR,"US$25,957,691.85","2,809,741"
WCN,Waste Connections Inc,0.0354,Utilities,CA,"US$25,874,655.76","173,246"
TSCO,Tesco PLC,0.0353,Consumer Staples,GB,"US$25,788,057.39","4,447,075"
GRMN,Garmin Ltd,0.0352,Consumer Discretionary,US,"US$25,768,627.20","110,160"
SSE,SSE PLC,0.0352,Utilities,GB,"US$25,737,334.78","819,120"
2891,CTBC Financial Holding Co Ltd,0.035,Financials,TW,"US$25,571,061.66","13,240,104"
GMEXICOB,Grupo Mexico SAB de CV,0.0349,Basic Materials,MX,"US$25,539,421.08","2,057,600"
2327,Yageo Corp,0.0349,Technology,TW,"US$25,501,668.86","1,082,456"
WAT,Waters Corp,0.0349,Health Care,US,"US$25,488,610.07","66,451"
KR,Kroger Co/The,0.0348,Consumer Staples,US,"US$25,429,977.65","409,171"
ALNY,Alnylam Pharmaceuticals Inc,0.0347,Health Care,US,"US$25,385,344.74","84,063"
AD,Koninklijke Ahold Delhaize NV,0.0347,Consumer Staples,NL,"US$25,333,463.57","600,197"
9888,Baidu Inc,0.0346,Technology,HK,"US$25,304,368.80","1,525,542"
K,Kinross Gold Corp,0.0346,Basic Materials,CA,"US$25,277,029.63","831,432"
ERICB,Telefonaktiebolaget LM Ericsson,0.0345,Telecommunications,SE,"US$25,200,988.21","1,937,444"
CBRE,CBRE Group Inc,0.0345,Real Estate,US,"US$25,192,809.12","201,478"
IRM,Iron Mountain Inc,0.0345,Real Estate,US,"US$25,184,837.25","196,373"
STLD,Steel Dynamics Inc,0.0343,Basic Materials,US,"US$25,060,769.80","96,332"
8750,Daiichi Life Group Inc,0.0343,Financials,JP,"US$25,050,254.41","2,437,500"
VMC,Vulcan Materials Co,0.0342,Industrials,US,"US$25,018,898.52","88,431"
TEVA,Teva Pharmaceutical Industries Ltd,0.0341,Health Care,IL,"US$24,933,779.74","710,372"
6301,Komatsu Ltd,0.034,Industrials,JP,"US$24,876,007.92","602,100"
PRU,Prudential PLC,0.034,Financials,GB,"US$24,823,917.33","1,718,717"
XYZ,Block Inc,0.0338,Industrials,US,"US$24,739,768.44","326,727"
4578,Otsuka Holdings Co Ltd,0.0338,Health Care,JP,"US$24,704,601.42","335,700"
9618,JD.com Inc,0.0337,Consumer Discretionary,HK,"US$24,647,532.79","1,701,961"
SYY,Sysco Corp,0.0336,Consumer Staples,US,"US$24,551,523.36","323,856"
FER,Ferrovial NV,0.0335,Industrials,ES,"US$24,451,336.10","356,954"
AIRB,Air Liquide SA,0.0334,Basic Materials,FR,"US$24,402,765.82","117,428"
HUM,Humana Inc,0.0333,Health Care,US,"US$24,366,102.18","79,779"
3037,Unimicron Technology Corp,0.0333,Technology,TW,"US$24,347,832.60","722,946"
IFC,Intact Financial Corp,0.0333,Financials,CA,"US$24,337,498.92","123,772"
7267,Honda Motor Co Ltd,0.0333,Consumer Discretionary,JP,"US$24,304,807.78","2,663,740"
2345,Accton Technology Corp,0.0332,Telecommunications,TW,"US$24,280,218.99","313,000"
CCL,Carnival Corp Ltd,0.0331,Consumer Discretionary,US,"US$24,210,560.84","862,814"
UOB,United Overseas Bank Ltd,0.033,Financials,SG,"US$24,128,153.06","818,400"
UCB,UCB SA,0.033,Health Care,BE,"US$24,118,337.94","82,113"
PRU,Prudential Financial Inc,0.033,Financials,US,"US$24,103,581.92","239,503"
POLI,Bank Hapoalim BM,0.0328,Financials,IL,"US$23,941,615.69","925,781"
ASSAB,Assa Abloy AB,0.0327,Industrials,SE,"US$23,929,285.13","664,097"
PCG,PG&E Corp,0.0325,Utilities,US,"US$23,731,431.68","1,452,352"
6702,Fujitsu Ltd,0.0324,Technology,JP,"US$23,700,192.22","1,120,200"
4062,Ibiden Co Ltd,0.0324,Technology,JP,"US$23,666,059.43","163,800"
EQT,EQT Corp,0.0324,Energy,US,"US$23,662,965.12","430,784"
GFI,Gold Fields Ltd,0.0324,Basic Materials,ZA,"US$23,659,026.16","597,316"
6367,Daikin Industries Ltd,0.0323,Industrials,JP,"US$23,608,260.57","161,400"
CBOE,Cboe Global Markets Inc,0.0323,Financials,US,"US$23,593,365.92","70,732"
SDZ,Sandoz Group AG,0.0323,Health Care,CH,"US$23,587,118.70","280,942"
FFH,Fairfax Financial Holdings Ltd,0.0322,Financials,CA,"US$23,565,239.23","15,129"
CSL,CSL Ltd,0.0321,Health Care,AU,"US$23,447,691.33","337,324"
105560,KB Financial Group Inc,0.0321,Financials,KR,"US$23,435,538.55","234,511"
AXON,Axon Enterprise Inc,0.032,Industrials,US,"US$23,384,145.36","52,113"
SIKA,Sika AG,0.0319,Industrials,CH,"US$23,334,718.37","118,934"
MLM,Martin Marietta Materials Inc,0.0319,Industrials,US,"US$23,326,090.56","40,104"
ROP,Roper Technologies Inc,0.0318,Technology,US,"US$23,209,637.94","71,298"
WEC,WEC Energy Group Inc,0.0317,Utilities,US,"US$23,169,138.85","208,637"
HIG,Hartford Financial Services Group Inc/The,0.0317,Financials,US,"US$23,154,059.77","182,129"
ZTS,Zoetis Inc,0.0316,Health Care,US,"US$23,090,167.21","297,209"
SUNB,Sunbelt Rentals Holdings Inc,0.0315,Industrials,GB,"US$23,058,135.75","292,812"
DOL,Dollarama Inc,0.0313,Consumer Discretionary,CA,"US$22,861,600.60","178,633"
PETR4,Petroleo Brasileiro SA,0.0311,Energy,BR,"US$22,716,302.24","2,735,800"
NTR,Nutrien Ltd,0.031,Basic Materials,CA,"US$22,682,250.08","330,960"
EBS,Erste Group Bank AG,0.031,Financials,AT,"US$22,670,619.68","188,614"
6701,NEC Corp,0.031,Technology,JP,"US$22,637,508.01","878,300"
8725,MS&AD Insurance Group Holdings Inc,0.0309,Financials,JP,"US$22,597,033.11","839,100"
7182,Japan Post Bank Co Ltd,0.0308,Financials,JP,"US$22,511,970.02","1,167,703"
6146,Disco Corp,0.0308,Technology,JP,"US$22,488,535.71","55,000"
Q,Qnity Electronics Inc,0.0308,Technology,US,"US$22,478,196.00","144,091"
4519,Chugai Pharmaceutical Co Ltd,0.0306,Health Care,JP,"US$22,358,766.25","451,000"
CRWV,Coreweave Inc,0.0306,Technology,US,"US$22,345,982.01","204,017"
TECK/B,Teck Resources Ltd,0.0306,Basic Materials,CA,"US$22,334,924.34","336,514"
TSEM,Tower Semiconductor Ltd,0.0305,Technology,IL,"US$22,326,349.50","77,685"
TCL,Transurban Group,0.0305,Industrials,AU,"US$22,314,544.54","2,070,358"
HBAN,Huntington Bancshares Inc/OH,0.0305,Financials,US,"US$22,270,164.52","1,361,257"
NTAP,NetApp Inc,0.0304,Technology,US,"US$22,251,081.43","127,667"
6971,Kyocera Corp,0.0304,Technology,JP,"US$22,220,835.48","1,015,600"
HAL,Halliburton Co,0.0303,Energy,US,"US$22,181,174.40","570,944"
8630,Sompo Holdings Inc,0.0303,Financials,JP,"US$22,164,254.04","592,200"
IQV,IQVIA Holdings Inc,0.0302,Health Care,US,"US$22,097,882.17","121,277"
MTB,M&T Bank Corp,0.0302,Financials,US,"US$22,074,555.95","102,145"
DELTA/F,Delta Electronics Thailand PCL,0.0301,Technology,TH,"US$21,970,320.85","2,025,564"
KVUE,Kenvue Inc,0.03,Consumer Staples,US,"US$21,937,893.12","1,269,554"
DANSKE,Danske Bank A/S,0.03,Financials,DK,"US$21,913,535.47","415,948"
ALC,Alcon AG,0.0299,Health Care,CH,"US$21,825,255.78","327,316"
8015,Toyota Tsusho Corp,0.0297,Industrials,JP,"US$21,731,616.31","499,200"
PAYX,Paychex Inc,0.0297,Industrials,US,"US$21,707,615.28","223,836"
POW,Power Corp of Canada,0.0296,Financials,CA,"US$21,657,391.69","358,024"
ADS,adidas AG,0.0296,Consumer Discretionary,DE,"US$21,646,817.58","111,344"
PYPL,PayPal Holdings Inc,0.0294,Industrials,US,"US$21,517,276.75","480,833"
ATCOA,Atlas Copco AB,0.0293,Industrials,SE,"US$21,420,458.29","1,114,570"
KMB,Kimberly-Clark Corp,0.0292,Consumer Staples,US,"US$21,362,883.20","218,882"
ACGL,Arch Capital Group Ltd,0.0291,Financials,US,"US$21,284,450.94","238,241"
034020,Doosan Enerbility Co Ltd,0.0287,Industrials,KR,"US$20,995,270.07","299,620"
OTP,OTP Bank Nyrt,0.0286,Financials,HU,"US$20,898,054.39","152,524"
KBC,KBC Group NV,0.0285,Financials,BE,"US$20,848,320.80","156,785"
WDAY,Workday Inc,0.0284,Technology,US,"US$20,787,779.43","142,197"
EXPN,Experian PLC,0.0284,Industrials,GB,"US$20,768,101.45","598,802"
HLMA,Halma PLC,0.0284,Industrials,GB,"US$20,738,090.80","328,597"
4568,Daiichi Sankyo Co Ltd,0.0284,Health Care,JP,"US$20,723,228.85","1,221,600"
FSLR,First Solar Inc,0.0284,Energy,US,"US$20,727,039.19","67,561"
012330,Hyundai Mobis Co Ltd,0.0282,Consumer Discretionary,KR,"US$20,632,546.78","40,486"
NTRA,Natera Inc,0.0282,Health Care,US,"US$20,586,449.31","92,163"
SNB,Saudi National Bank/The,0.0281,Financials,SA,"US$20,549,484.41","1,957,208"
FISV,Fiserv Inc,0.028,Industrials,US,"US$20,462,898.96","361,791"
NTRS,Northern Trust Corp,0.028,Financials,US,"US$20,460,870.60","123,668"
CBK,Commerzbank AG,0.028,Financials,DE,"US$20,437,529.61","472,575"
AXSB,Axis Bank Ltd,0.0279,Financials,IN,"US$20,426,142.86","1,508,226"
LT,Larsen & Toubro Ltd,0.0279,Industrials,IN,"US$20,425,238.88","475,996"
TDY,Teledyne Technologies Inc,0.0278,Industrials,US,"US$20,329,184.34","32,798"
MT,ArcelorMittal SA,0.0277,Basic Materials,NL,"US$20,248,558.05","292,510"
KFH,Kuwait Finance House KSCP,0.0277,Financials,KW,"US$20,241,141.18","8,028,986"
MM,Mahindra & Mahindra Ltd,0.0277,Consumer Discretionary,IN,"US$20,229,836.97","631,020"
WOW,Woolworths Group Ltd,0.0276,Consumer Staples,AU,"US$20,177,628.20","796,025"
GFNORTEO,Grupo Financiero Banorte SAB de CV,0.0276,Financials,MX,"US$20,177,727.63","1,935,400"
SWEDA,Swedbank AB,0.0276,Financials,SE,"US$20,137,506.69","544,624"
9961,Trip.com Group Ltd,0.0275,Consumer Discretionary,HK,"US$20,094,786.13","427,036"
FTS,Fortis Inc/Canada,0.0275,Utilities,CA,"US$20,079,927.02","362,721"
III,3i Group PLC,0.0274,Financials,GB,"US$20,062,863.86","654,241"
CNC,Centene Corp,0.0274,Health Care,US,"US$20,050,751.20","336,422"
EXR,Extra Space Storage Inc,0.0274,Real Estate,US,"US$20,041,051.25","138,875"
AEE,Ameren Corp,0.0274,Utilities,US,"US$20,001,442.50","185,250"
2802,Ajinomoto Co Inc,0.0271,Consumer Staples,JP,"US$19,809,907.66","612,100"
ENGI,Engie SA,0.0269,Utilities,FR,"US$19,672,599.37","636,877"
RBLX,ROBLOX Corp,0.0267,Consumer Discretionary,US,"US$19,541,600.40","414,456"
FICO,Fair Isaac Corp,0.0267,Industrials,US,"US$19,492,946.33","15,587"
RMD,ResMed Inc,0.0266,Health Care,US,"US$19,407,077.09","101,837"
FSR,FirstRand Ltd,0.0265,Financials,ZA,"US$19,346,967.75","3,391,709"
DXCM,Dexcom Inc,0.0264,Health Care,US,"US$19,316,856.66","261,959"
857,PetroChina Co Ltd,0.0264,Energy,HK,"US$19,291,698.78","13,884,000"
8802,Mitsubishi Estate Co Ltd,0.0264,Real Estate,JP,"US$19,274,853.95","756,500"
IMB,Imperial Brands PLC,0.0263,Consumer Staples,GB,"US$19,223,592.43","528,982"
HEI,Heidelberg Materials AG,0.0263,Industrials,DE,"US$19,214,822.41","86,299"
GEHC,GE HealthCare Technologies Inc,0.0262,Health Care,US,"US$19,164,874.50","307,425"
VWS,Vestas Wind Systems A/S,0.0262,Energy,DK,"US$19,171,671.60","681,928"
8308,Resona Holdings Inc,0.0262,Financials,JP,"US$19,114,902.75","1,491,984"
CNP,CenterPoint Energy Inc,0.0261,Utilities,US,"US$19,078,868.64","451,464"
REP,Repsol SA,0.0261,Energy,ES,"US$19,076,236.41","741,701"
DOV,Dover Corp,0.0261,Industrials,US,"US$19,063,403.84","90,194"
MTD,Mettler-Toledo International Inc,0.0261,Industrials,US,"US$19,049,838.88","16,136"
BIIB,Biogen Inc,0.026,Health Care,US,"US$19,038,656.00","97,136"
AMS,Amadeus IT Group SA,0.026,Technology,ES,"US$19,030,592.96","297,917"
VOD,Vodafone Group PLC,0.026,Telecommunications,GB,"US$19,019,615.55","12,666,096"
GIVN,Givaudan SA,0.026,Basic Materials,CH,"US$18,988,161.52","5,116"
ADYEN,Adyen NV,0.0258,Industrials,NL,"US$18,893,753.51","17,237"
CPRT,Copart Inc,0.0257,Consumer Discretionary,US,"US$18,821,220.11","574,343"
CTSH,Cognizant Technology Solutions Corp,0.0257,Technology,US,"US$18,797,742.50","337,149"
1,CK Hutchison Holdings Ltd,0.0257,Industrials,HK,"US$18,791,796.36","2,090,544"
TWLO,Twilio Inc,0.0257,Technology,US,"US$18,780,518.32","98,513"
2628,China Life Insurance Co Ltd,0.0257,Financials,HK,"US$18,774,542.58","5,095,000"
DTE,DTE Energy Co,0.0256,Utilities,US,"US$18,704,111.79","130,917"
IR,Ingersoll Rand Inc,0.0255,Industrials,US,"US$18,653,694.84","260,381"
RF,Regions Financial Corp,0.0255,Financials,US,"US$18,657,100.00","666,325"
CFG,Citizens Financial Group Inc,0.0255,Financials,US,"US$18,649,609.44","299,544"
HSY,Hershey Co/The,0.0255,Consumer Staples,US,"US$18,640,656.13","96,071"
2881,Fubon Financial Holding Co Ltd,0.0254,Financials,TW,"US$18,589,531.21","5,293,876"
2882,Cathay Financial Holding Co Ltd,0.0254,Financials,TW,"US$18,563,100.68","6,785,279"
SLHN,Swiss Life Holding AG,0.0254,Financials,CH,"US$18,554,593.97","17,040"
SYF,Synchrony Financial,0.0254,Industrials,US,"US$18,530,250.08","259,382"
BESI,BE Semiconductor Industries NV,0.0253,Technology,NL,"US$18,513,957.85","55,785"
055550,Shinhan Financial Group Co Ltd,0.0253,Financials,KR,"US$18,500,751.16","297,870"
012450,Hanwha Aerospace Co Ltd,0.0252,Industrials,KR,"US$18,445,755.81","23,698"
9432,NTT Inc,0.0252,Telecommunications,JP,"US$18,424,520.31","19,618,725"
BAF,Bajaj Finance Ltd,0.0252,Financials,IN,"US$18,413,889.18","1,926,033"
4503,Astellas Pharma Inc,0.0252,Health Care,JP,"US$18,401,390.16","1,283,100"
992,Lenovo Group Ltd,0.0252,Technology,HK,"US$18,404,062.57","6,010,000"
AMRZ,Amrize Ltd,0.0251,Industrials,CH,"US$18,317,674.84","339,884"
000270,Kia Corp,0.025,Consumer Discretionary,KR,"US$18,283,255.74","162,842"
NRG,NRG Energy Inc,0.0249,Utilities,US,"US$18,205,784.64","135,783"
PKO,Powszechna Kasa Oszczednosci Bank Polski SA,0.0247,Financials,PL,"US$18,076,758.79","635,635"
2885,Yuanta Financial Holding Co Ltd,0.0247,Financials,TW,"US$18,062,965.75","9,493,816"
PPL,PPL Corp,0.0246,Utilities,US,"US$17,990,294.16","508,344"
OTIS,Otis Worldwide Corp,0.0246,Industrials,US,"US$17,984,221.64","253,871"
SEBA,Skandinaviska Enskilda Banken AB,0.0246,Financials,SE,"US$17,958,444.42","896,781"
4901,FUJIFILM Holdings Corp,0.0245,Technology,JP,"US$17,931,996.98","859,300"
PPG,PPG Industries Inc,0.0245,Industrials,US,"US$17,928,796.20","158,690"
3382,Seven & i Holdings Co Ltd,0.0245,Consumer Staples,JP,"US$17,922,173.82","1,534,300"
ZM,Zoom Video Communications Inc,0.0245,Technology,US,"US$17,894,367.37","176,143"
EQNR,Equinor ASA,0.0244,Energy,NO,"US$17,852,260.91","492,000"
VIE,Veolia Environnement SA,0.0244,Utilities,FR,"US$17,842,730.73","440,255"
PPL,Pembina Pipeline Corp,0.0244,Energy,CA,"US$17,798,681.25","381,256"
ACS,ACS Actividades de Construccion y Servicios SA,0.0243,Industrials,ES,"US$17,778,429.04","122,566"
FE,FirstEnergy Corp,0.0243,Utilities,US,"US$17,773,493.48","383,132"
AVB,AvalonBay Communities Inc,0.0243,Real Estate,US,"US$17,737,599.37","97,187"
LYV,Live Nation Entertainment Inc,0.0243,Consumer Discretionary,US,"US$17,730,541.62","105,282"
XYL,Xylem Inc/NY,0.0242,Industrials,US,"US$17,703,197.56","161,614"
MDB,MongoDB Inc,0.0242,Technology,US,"US$17,707,644.60","52,772"
EIX,Edison International,0.0242,Utilities,US,"US$17,707,828.84","253,186"
LDO,Leonardo SpA,0.0242,Industrials,IT,"US$17,677,368.14","278,360"
5108,Bridgestone Corp,0.0242,Consumer Discretionary,JP,"US$17,665,948.87","816,800"
QSR,Restaurant Brands International Inc,0.0241,Consumer Discretionary,CA,"US$17,608,544.77","235,159"
8801,Mitsui Fudosan Co Ltd,0.024,Real Estate,JP,"US$17,575,897.04","1,828,100"
HUBB,Hubbell Inc,0.024,Industrials,US,"US$17,563,353.24","37,084"
EXPE,Expedia Group Inc,0.024,Consumer Discretionary,US,"US$17,551,559.86","77,734"
JBHT,JB Hunt Transport Services Inc,0.024,Industrials,US,"US$17,527,873.44","63,408"
AIBG,AIB Group PLC,0.0238,Financials,IE,"US$17,431,204.59","1,478,951"
ST,Singapore Telecommunications Ltd,0.0238,Telecommunications,SG,"US$17,372,250.75","5,105,000"
300750,Contemporary Amperex Technology Co Ltd,0.0236,Industrials,CN,"US$17,254,855.10","275,160"
SAMPO,Sampo Oyj,0.0236,Financials,FI,"US$17,217,009.05","1,627,742"
VEEV,Veeva Systems Inc,0.0235,Health Care,US,"US$17,148,779.76","98,364"
HPQ,HP Inc,0.0234,Technology,US,"US$17,140,872.32","633,908"
SBK,Standard Bank Group Ltd,0.0234,Financials,ZA,"US$17,133,577.93","882,570"
ML,Cie Generale des Etablissements Michelin SCA,0.0234,Consumer Discretionary,FR,"US$17,086,853.73","464,688"
2388,BOC Hong Kong Holdings Ltd,0.0234,Financials,HK,"US$17,075,115.47","2,791,500"
2360,Chroma ATE Inc,0.0233,Industrials,TW,"US$17,054,476.39","212,000"
PHM,PulteGroup Inc,0.0233,Consumer Discretionary,US,"US$17,045,692.30","144,235"
CHD,Church & Dwight Co Inc,0.0232,Consumer Staples,US,"US$16,993,737.89","177,703"
ILMN,Illumina Inc,0.0232,Health Care,US,"US$16,978,476.48","104,188"
2382,Quanta Computer Inc,0.0232,Technology,TW,"US$16,968,667.70","1,568,000"
ES,Eversource Energy,0.0232,Utilities,US,"US$16,937,036.03","248,089"
L,Loblaw Cos Ltd,0.0231,Consumer Staples,CA,"US$16,872,165.27","376,881"
8309,Sumitomo Mitsui Trust Group Inc,0.0231,Financials,JP,"US$16,852,863.87","490,100"
BMW,Bayerische Motoren Werke AG,0.023,Consumer Discretionary,DE,"US$16,806,402.75","192,643"
ATO,Atmos Energy Corp,0.023,Utilities,US,"US$16,794,101.61","99,297"
AV/,Aviva PLC,0.023,Financials,GB,"US$16,791,856.99","2,031,528"
028260,Samsung C&T Corp,0.0229,Industrials,KR,"US$16,753,850.36","58,377"
HO,Thales SA,0.0229,Industrials,FR,"US$16,756,773.90","59,956"
QBE,QBE Insurance Group Ltd,0.0229,Financials,AU,"US$16,720,172.56","1,026,440"
006400,Samsung SDI Co Ltd,0.0229,Industrials,KR,"US$16,712,875.91","36,608"
DTG,Daimler Truck Holding AG,0.0228,Industrials,DE,"US$16,698,769.96","339,496"
WSM,Williams-Sonoma Inc,0.0228,Consumer Discretionary,US,"US$16,672,993.71","81,903"
FMG,Fortescue Ltd,0.0228,Basic Materials,AU,"US$16,641,201.92","1,036,703"
PAAS,Pan American Silver Corp,0.0226,Basic Materials,CA,"US$16,546,073.51","289,509"
WST,West Pharmaceutical Services Inc,0.0225,Health Care,US,"US$16,416,179.74","50,854"
P,Everpure Inc,0.0224,Technology,US,"US$16,402,276.92","206,292"
SOFI,SoFi Technologies Inc,0.0224,Financials,US,"US$16,394,756.84","899,822"
NBK,National Bank of Kuwait SAKP,0.0224,Financials,KW,"US$16,390,059.21","5,958,971"
CMS,CMS Energy Corp,0.0224,Utilities,US,"US$16,381,080.96","225,728"
DOW,Dow Inc,0.0224,Industrials,US,"US$16,370,032.50","485,038"
CPAY,Corpay Inc,0.0224,Industrials,US,"US$16,362,766.80","45,226"
NI,NiSource Inc,0.0223,Utilities,US,"US$16,326,105.72","353,226"
PFG,Principal Financial Group Inc,0.0223,Financials,US,"US$16,300,151.34","157,307"
ABN,ABN AMRO Bank NV,0.0223,Financials,NL,"US$16,279,704.21","408,870"
EQR,Equity Residential,0.0222,Real Estate,US,"US$16,248,747.90","248,262"
BAMI,Banco BPM SpA,0.0222,Financials,IT,"US$16,211,305.59","1,030,184"
DNB,DNB Bank ASA,0.0222,Financials,NO,"US$16,193,791.26","520,365"
TCS,Tata Consultancy Services Ltd,0.0221,Technology,IN,"US$16,138,057.16","678,700"
VRSK,Verisk Analytics Inc,0.0221,Industrials,US,"US$16,142,477.52","92,248"
FFIV,F5 Inc,0.0221,Technology,US,"US$16,135,576.00","42,080"
BAP,Credicorp Ltd,0.022,Financials,US,"US$16,098,813.18","46,986"
AWK,American Water Works Co Inc,0.022,Utilities,US,"US$16,081,927.47","130,461"
MAADEN,Saudi Arabian Mining Co,0.022,Basic Materials,SA,"US$16,067,230.79","970,135"
1288,Agricultural Bank of China Ltd,0.0219,Financials,HK,"US$16,033,258.48","21,778,000"
DG,Dollar General Corp,0.0219,Consumer Discretionary,US,"US$16,026,614.73","144,893"
BMPS,Banca Monte dei Paschi di Siena SpA,0.0219,Financials,IT,"US$15,975,024.12","1,483,480"
ARES,Ares Management Corp,0.0219,Financials,US,"US$15,972,935.50","124,303"
5020,ENEOS Holdings Inc,0.0218,Energy,JP,"US$15,922,441.89","1,941,550"
CINF,Cincinnati Financial Corp,0.0218,Financials,US,"US$15,916,106.52","101,106"
8604,Nomura Holdings Inc,0.0217,Financials,JP,"US$15,898,837.87","1,969,600"
PKN,ORLEN SA,0.0217,Energy,PL,"US$15,865,315.15","405,340"
RDDT,Reddit Inc,0.0217,Technology,US,"US$15,863,760.00","90,135"
2899,Zijin Mining Group Co Ltd,0.0217,Basic Materials,HK,"US$15,860,076.05","3,792,000"
IHG,InterContinental Hotels Group PLC,0.0217,Consumer Discretionary,GB,"US$15,856,793.90","102,866"
VRSN,VeriSign Inc,0.0216,Technology,US,"US$15,783,511.66","55,307"
SMCI,Super Micro Computer Inc,0.0215,Technology,US,"US$15,722,543.43","341,127"
WTW,Willis Towers Watson PLC,0.0215,Financials,US,"US$15,694,505.87","62,861"
ESLT,Elbit Systems Ltd,0.0214,Industrials,IL,"US$15,674,431.15","17,348"
VICI,VICI Properties Inc,0.0214,Real Estate,US,"US$15,665,599.28","555,124"
PGHN,Partners Group Holding AG,0.0214,Financials,CH,"US$15,655,767.07","14,788"
3017,Asia Vital Components Co Ltd,0.0214,Technology,TW,"US$15,653,700.66","184,000"
DLTR,Dollar Tree Inc,0.0213,Consumer Discretionary,US,"US$15,587,939.24","133,871"
STC,Saudi Telecom Co,0.0213,Telecommunications,SA,"US$15,581,048.28","1,327,644"
TROW,T Rowe Price Group Inc,0.0212,Financials,US,"US$15,520,196.28","148,476"
INSM,Insmed Inc,0.0212,Health Care,US,"US$15,490,296.81","144,891"
PKG,Packaging Corp of America,0.0211,Industrials,US,"US$15,446,508.51","70,561"
6178,Japan Post Holdings Co Ltd,0.0211,Financials,JP,"US$15,447,137.68","1,189,086"
OMC,Omnicom Group Inc,0.0211,Consumer Discretionary,US,"US$15,438,587.01","212,331"
KMB,Kotak Mahindra Bank Ltd,0.0211,Financials,IN,"US$15,431,239.32","3,815,637"
CPI,Capitec Bank Holdings Ltd,0.0211,Financials,ZA,"US$15,414,893.21","55,973"
ULTA,Ulta Beauty Inc,0.021,Consumer Discretionary,US,"US$15,335,212.45","30,137"
16,Sun Hung Kai Properties Ltd,0.021,Real Estate,HK,"US$15,333,688.47","912,500"
DRI,Darden Restaurants Inc,0.0209,Consumer Discretionary,US,"US$15,289,375.71","74,981"
RJF,Raymond James Financial Inc,0.0209,Financials,US,"US$15,285,068.03","106,583"
032830,Samsung Life Insurance Co Ltd,0.0209,Financials,KR,"US$15,279,882.88","59,271"
7269,Suzuki Motor Corp,0.0209,Consumer Discretionary,JP,"US$15,242,278.10","1,229,500"
035420,NAVER Corp,0.0208,Technology,KR,"US$15,233,912.41","98,109"
3968,China Merchants Bank Co Ltd,0.0208,Financials,HK,"US$15,226,099.34","2,533,610"
FIS,Fidelity National Information Services Inc,0.0208,Industrials,US,"US$15,199,974.30","353,570"
6902,Denso Corp,0.0208,Consumer Discretionary,JP,"US$15,188,250.52","1,267,200"
EXE,Expand Energy Corp,0.0208,Energy,US,"US$15,174,057.06","163,197"
NXT,Next PLC,0.0207,Consumer Discretionary,GB,"US$15,103,599.08","84,789"
SAABB,Saab AB,0.0206,Industrials,SE,"US$15,083,852.67","244,639"
DGX,Quest Diagnostics Inc,0.0206,Health Care,US,"US$15,064,600.60","77,294"
MTN,MTN Group Ltd,0.0205,Telecommunications,ZA,"US$15,018,812.60","1,121,915"
TPL,Texas Pacific Land Corp,0.0205,Energy,US,"US$14,985,876.00","38,132"
LUN,Lundin Mining Corp,0.0205,Basic Materials,CA,"US$14,966,944.31","500,673"
PUB,Publicis Groupe SA,0.0204,Consumer Discretionary,FR,"US$14,949,363.19","152,981"
QNBK,Qatar National Bank QPSC,0.0204,Financials,QA,"US$14,940,315.85","3,056,050"
PHIA,Koninklijke Philips NV,0.0204,Health Care,NL,"US$14,882,617.96","557,649"
LOGN,Logitech International SA,0.0204,Technology,CH,"US$14,879,630.13","122,510"
RPRX,Royalty Pharma PLC,0.0203,Health Care,US,"US$14,807,792.88","265,563"
7751,Canon Inc,0.0203,Technology,JP,"US$14,812,209.31","557,700"
8267,Aeon Co Ltd,0.0202,Consumer Staples,JP,"US$14,796,787.40","1,692,778"
FAB,First Abu Dhabi Bank PJSC,0.0202,Financials,AE,"US$14,794,136.22","3,234,324"
COL,Coles Group Ltd,0.0202,Consumer Staples,AU,"US$14,735,972.08","942,949"
FTV,Fortive Corp,0.0202,Industrials,US,"US$14,728,132.80","252,540"
UMG,Universal Music Group NV,0.0202,Consumer Discretionary,NL,"US$14,733,724.33","647,479"
AENA,Aena SME SA,0.0201,Industrials,ES,"US$14,719,490.22","506,572"
HEIA,Heineken NV,0.0201,Consumer Staples,NL,"US$14,702,204.94","187,874"
HEI/A,HEICO Corp,0.0201,Industrials,US,"US$14,671,210.89","56,469"
4543,Terumo Corp,0.0201,Health Care,JP,"US$14,666,325.77","972,400"
HEXAB,Hexagon AB,0.0201,Technology,SE,"US$14,663,773.61","1,585,042"
005490,POSCO Holdings Inc,0.02,Basic Materials,KR,"US$14,622,412.41","52,033"
VAL,Valterra Platinum Ltd,0.02,Basic Materials,ZA,"US$14,617,588.04","175,358"
FEMSAUBD,Fomento Economico Mexicano SAB de CV,0.02,Consumer Staples,MX,"US$14,597,204.61","1,225,037"
BIRG,Bank of Ireland Group PLC,0.0199,Financials,IE,"US$14,551,296.79","715,200"
FM,First Quantum Minerals Ltd,0.0199,Basic Materials,CA,"US$14,518,851.70","471,264"
5801,Furukawa Electric Co Ltd,0.0199,Industrials,JP,"US$14,520,158.30","44,400"
4452,Kao Corp,0.0198,Consumer Staples,JP,"US$14,485,624.10","377,100"
6273,SMC Corp,0.0198,Industrials,JP,"US$14,469,295.75","33,329"
BBD/B,Bombardier Inc,0.0198,Industrials,CA,"US$14,458,309.00","64,044"
LPLA,LPL Financial Holdings Inc,0.0198,Financials,US,"US$14,443,010.12","52,756"
BBDC4,Banco Bradesco SA,0.0198,Financials,BR,"US$14,440,676.33","4,126,770"
VACN,VAT Group AG,0.0198,Industrials,CH,"US$14,441,568.06","18,474"
LH,Labcorp Holdings Inc,0.0197,Health Care,US,"US$14,433,330.00","55,500"
GEBN,Geberit AG,0.0197,Industrials,CH,"US$14,406,870.67","21,926"
CPNG,Coupang Inc,0.0197,Consumer Discretionary,US,"US$14,391,486.20","866,957"
9020,East Japan Railway Co,0.0197,Industrials,JP,"US$14,379,739.93","670,900"
SBAC,SBA Communications Corp,0.0196,Real Estate,US,"US$14,346,549.72","70,617"
EL,Estee Lauder Cos Inc/The,0.0196,Consumer Discretionary,US,"US$14,337,494.70","161,186"
086790,Hana Financial Group Inc,0.0195,Financials,KR,"US$14,264,991.44","186,771"
AMXB,America Movil SAB de CV,0.0195,Telecommunications,MX,"US$14,264,922.97","11,254,200"
WRT1V,Wartsila OYJ Abp,0.0194,Industrials,FI,"US$14,175,325.23","348,061"
STE,STERIS PLC,0.0194,Health Care,US,"US$14,175,476.28","66,636"
1088,China Shenhua Energy Co Ltd,0.0194,Energy,HK,"US$14,169,824.18","2,463,500"
VOW3,Volkswagen AG,0.0193,Consumer Discretionary,DE,"US$14,137,820.62","131,945"
KEY,KeyCorp,0.0193,Financials,US,"US$14,108,451.21","661,437"
EXPD,Expeditors International of Washington Inc,0.0193,Industrials,US,"US$14,111,666.80","89,320"
BURL,Burlington Stores Inc,0.0192,Consumer Discretionary,US,"US$14,066,527.54","43,438"
9735,Secom Co Ltd,0.0192,Industrials,JP,"US$14,045,071.93","352,100"
SCMN,Swisscom AG,0.0192,Telecommunications,CH,"US$14,025,366.99","16,393"
OKTA,Okta Inc,0.0192,Technology,US,"US$14,024,797.71","113,773"
MAY,Malayan Banking Bhd,0.0192,Financials,MY,"US$14,019,575.28","5,224,400"
SW,Smurfit Westrock PLC,0.0192,Industrials,US,"US$14,020,298.80","340,712"
NN,NN Group NV,0.0192,Financials,NL,"US$14,013,294.01","167,529"
HBAN,Helvetia Baloise Holding AG,0.0191,Financials,CH,"US$13,925,901.32","53,601"
EMAAR,Emaar Properties PJSC,0.019,Real Estate,AE,"US$13,918,178.17","4,339,506"
CEMEXCPO,Cemex SAB de CV,0.019,Industrials,MX,"US$13,918,459.36","10,572,024"
ALL,Aristocrat Leisure Ltd,0.019,Consumer Discretionary,AU,"US$13,903,451.73","385,704"
NSISB,Novonesis (Novozymes) B,0.019,Health Care,DK,"US$13,900,160.05","238,982"
KER,Kering SA,0.019,Consumer Discretionary,FR,"US$13,878,450.06","46,575"
FWONK,Liberty Media Corp-Liberty Formula One,0.019,Consumer Discretionary,US,"US$13,878,885.72","152,868"
068270,Celltrion Inc,0.019,Health Care,KR,"US$13,857,311.35","108,258"
KHC,Kraft Heinz Co/The,0.0189,Consumer Staples,US,"US$13,804,429.45","574,945"
NTPC,NTPC Ltd,0.0188,Utilities,IN,"US$13,733,931.84","3,372,250"
4004,Resonac Holdings Corp,0.0186,Basic Materials,JP,"US$13,573,087.76","115,422"
TNB,Tenaga Nasional Bhd,0.0186,Utilities,MY,"US$13,565,459.77","3,766,600"
MTX,MTU Aero Engines AG,0.0185,Industrials,DE,"US$13,544,218.72","37,046"
7936,Asics Corp,0.0184,Consumer Discretionary,JP,"US$13,437,735.41","441,700"
HUVR,Hindustan Unilever Ltd,0.0184,Consumer Staples,IN,"US$13,423,286.87","592,158"
2887,TS Financial Holding Co Ltd,0.0184,Financials,TW,"US$13,412,221.96","17,993,343"
EQT,EQT AB,0.0183,Financials,SE,"US$13,408,151.90","387,483"
STO,Santos Ltd,0.0183,Energy,AU,"US$13,392,869.33","2,383,372"
RBA,RB Global Inc,0.0183,Consumer Discretionary,CA,"US$13,353,033.56","125,414"
066570,LG Electronics Inc,0.0182,Consumer Discretionary,KR,"US$13,332,569.34","68,574"
CAP,Capgemini SE,0.0182,Technology,FR,"US$13,294,959.02","111,750"
KPN,Koninklijke KPN NV,0.0182,Telecommunications,NL,"US$13,290,837.67","2,550,242"
EAND,Emirates Telecommunications Group Co PJSC,0.0181,Telecommunications,AE,"US$13,262,746.11","2,700,226"
SUNP,Sun Pharmaceutical Industries Ltd,0.0181,Health Care,IN,"US$13,248,797.45","699,553"
EFX,Equifax Inc,0.0181,Industrials,US,"US$13,223,741.98","79,762"
034730,SK Inc,0.0181,Energy,KR,"US$13,193,438.62","29,412"
MG,Magna International Inc,0.018,Consumer Discretionary,CA,"US$13,189,592.03","203,350"
669,Techtronic Industries Co Ltd,0.018,Industrials,HK,"US$13,147,446.86","886,000"
MSIL,Maruti Suzuki India Ltd,0.0179,Consumer Discretionary,IN,"US$13,071,452.06","94,598"
STZ,Constellation Brands Inc,0.0179,Consumer Staples,US,"US$13,046,303.60","93,980"
MRK,Merck KGaA,0.0178,Health Care,DE,"US$13,042,172.63","85,413"
INVH,Invitation Homes Inc,0.0178,Real Estate,US,"US$13,003,789.50","444,574"
WSP,WSP Global Inc,0.0177,Industrials,CA,"US$12,953,453.86","91,386"
IFF,International Flavors & Fragrances Inc,0.0177,Basic Materials,US,"US$12,928,500.00","170,000"
CLNX,Cellnex Telecom SA,0.0177,Telecommunications,ES,"US$12,907,029.21","383,778"
VLTO,Veralto Corp,0.0176,Industrials,US,"US$12,888,976.89","156,743"
2886,Mega Financial Holding Co Ltd,0.0176,Financials,TW,"US$12,883,648.15","10,089,668"
PBK,Public Bank Bhd,0.0176,Financials,MY,"US$12,857,517.18","10,823,791"
MKL,Markel Group Inc,0.0175,Financials,US,"US$12,779,938.01","7,039"
ANTO,Antofagasta PLC,0.0174,Basic Materials,GB,"US$12,718,169.61","230,239"
KNEBV,Kone Oyj,0.0174,Industrials,FI,"US$12,711,174.77","212,498"
BOL,Boliden AB,0.0174,Basic Materials,SE,"US$12,685,965.48","203,426"
AMCR,Amcor PLC,0.0174,Industrials,US,"US$12,680,048.34","326,637"
LEN,Lennar Corp,0.0173,Consumer Discretionary,US,"US$12,659,608.46","141,007"
ALFA,Alfa Laval AB,0.0173,Industrials,SE,"US$12,624,009.05","224,414"
DD,DuPont de Nemours Inc,0.0172,Industrials,US,"US$12,579,951.78","259,809"
BPE,BPER Banca SPA,0.0172,Financials,IT,"US$12,560,271.76","926,436"
6920,Lasertec Corp,0.0172,Technology,JP,"US$12,554,017.21","49,800"
3231,Wistron Corp,0.0172,Technology,TW,"US$12,540,370.43","2,478,444"
CCEP,Coca-Cola Europacific Partners PLC,0.0171,Consumer Staples,GB,"US$12,513,704.18","137,330"
LNT,Alliant Energy Corp,0.0171,Utilities,US,"US$12,492,650.94","174,454"
9022,Central Japan Railway Co,0.0171,Industrials,JP,"US$12,472,299.14","570,700"
GIS,General Mills Inc,0.0171,Consumer Staples,US,"US$12,465,882.24","368,704"
2884,E.Sun Financial Holding Co Ltd,0.017,Financials,TW,"US$12,436,228.81","12,587,111"
TATA,Tata Steel Ltd,0.017,Basic Materials,IN,"US$12,421,261.77","5,672,627"
SGSN,SGS SA,0.017,Industrials,CH,"US$12,407,026.91","109,071"
AGI,Alamos Gold Inc,0.017,Basic Materials,CA,"US$12,400,047.62","302,010"
2503,Kirin Holdings Co Ltd,0.0169,Consumer Staples,JP,"US$12,367,219.67","724,200"
6361,Ebara Corp,0.0169,Industrials,JP,"US$12,355,589.55","346,100"
BAM,Brookfield Asset Management Ltd,0.0169,Financials,CA,"US$12,335,666.89","254,844"
HNDL,Hindalco Industries Ltd,0.0169,Basic Materials,IN,"US$12,315,412.14","1,038,399"
FCNCA,First Citizens BancShares Inc/NC,0.0169,Financials,US,"US$12,319,266.39","6,189"
TEAM,Atlassian Corp,0.0168,Technology,US,"US$12,312,843.81","114,421"
SNA,Snap-on Inc,0.0168,Industrials,US,"US$12,289,278.26","33,106"
1812,Kajima Corp,0.0168,Industrials,JP,"US$12,282,285.32","331,000"
3407,Asahi Kasei Corp,0.0168,Basic Materials,JP,"US$12,242,617.00","1,090,600"
NST,Northern Star Resources Ltd,0.0167,Basic Materials,AU,"US$12,227,038.48","903,445"
6326,Kubota Corp,0.0167,Industrials,JP,"US$12,207,799.48","683,800"
1605,Inpex Corp,0.0166,Energy,JP,"US$12,132,568.63","535,900"
WCP,Whitecap Resources Inc,0.0165,Energy,CA,"US$12,092,029.82","1,051,602"
ZBH,Zimmer Biomet Holdings Inc,0.0165,Health Care,US,"US$12,074,023.82","146,654"
6594,NIDEC CORP,0.0165,Industrials,JP,"US$12,072,510.48","688,332"
2412,Chunghwa Telecom Co Ltd,0.0165,Telecommunications,TW,"US$12,057,556.94","2,757,000"
6383,Daifuku Co Ltd,0.0164,Industrials,JP,"US$12,014,307.43","261,600"
5401,Nippon Steel Corp,0.0164,Basic Materials,JP,"US$12,007,246.68","3,373,515"
TOU,Tourmaline Oil Corp,0.0164,Energy,CA,"US$11,970,483.28","261,662"
BR,Broadridge Financial Solutions Inc,0.0164,Financials,US,"US$11,953,728.36","77,763"
2357,Asustek Computer Inc,0.0163,Technology,TW,"US$11,928,013.92","491,000"
ESSITYB,Essity AB,0.0163,Consumer Staples,SE,"US$11,911,445.83","423,657"
9502,Chubu Electric Power Co Inc,0.0163,Utilities,JP,"US$11,912,039.07","648,300"
WY,Weyerhaeuser Co,0.0163,Real Estate,US,"US$11,891,320.62","485,162"
600519,Kweichow Moutai Co Ltd,0.0162,Consumer Staples,CN,"US$11,852,015.47","60,435"
2269,Wuxi Biologics Cayman Inc,0.0162,Health Care,HK,"US$11,850,129.44","2,785,669"
VNA,Vonovia SE,0.0162,Real Estate,DE,"US$11,836,287.48","473,305"
LYB,LyondellBasell Industries NV,0.0162,Basic Materials,US,"US$11,830,508.30","177,502"
2,CLP Holdings Ltd,0.0162,Utilities,HK,"US$11,805,796.57","1,209,500"
HNR1,Hannover Rueck SE,0.0161,Financials,DE,"US$11,794,723.34","43,491"
1925,Daiwa House Industry Co Ltd,0.0161,Consumer Discretionary,JP,"US$11,774,954.46","432,500"
2344,Winbond Electronics Corp,0.0161,Technology,TW,"US$11,768,035.50","2,333,162"
GMAB,Genmab A/S,0.016,Health Care,DK,"US$11,728,952.11","44,082"
IP,International Paper Co,0.016,Basic Materials,US,"US$11,726,147.56","350,348"
DECK,Deckers Outdoor Corp,0.016,Consumer Discretionary,US,"US$11,689,890.30","102,678"
FRE,Fresenius SE & Co KGaA,0.0159,Health Care,DE,"US$11,653,291.21","275,327"
1303,Nan Ya Plastics Corp,0.0159,Basic Materials,TW,"US$11,650,336.02","3,720,210"
INCY,Incyte Corp,0.0159,Health Care,US,"US$11,644,884.02","120,373"
PWGR,Power Grid Corp of India Ltd,0.0159,Utilities,IN,"US$11,627,655.02","3,801,849"
6160,BeOne Medicines Ltd,0.0158,Health Care,HK,"US$11,581,534.69","513,400"
EVRG,Evergy Inc,0.0158,Utilities,US,"US$11,574,531.36","141,084"
CDW,CDW Corp/DE,0.0158,Technology,US,"US$11,565,110.05","92,189"
EVN,Evolution Mining Ltd,0.0158,Basic Materials,AU,"US$11,560,955.81","1,323,562"
ESS,Essex Property Trust Inc,0.0158,Real Estate,US,"US$11,528,582.40","42,285"
TSCO,Tractor Supply Co,0.0157,Consumer Discretionary,US,"US$11,491,549.92","364,464"
BRO,Brown & Brown Inc,0.0157,Financials,US,"US$11,494,968.75","204,355"
IMO,Imperial Oil Ltd,0.0156,Energy,CA,"US$11,433,335.80","96,289"
BBCA,Bank Central Asia Tbk PT,0.0156,Financials,ID,"US$11,435,118.63","35,850,100"
S32,South32 Ltd,0.0156,Basic Materials,AU,"US$11,418,155.07","3,299,287"
TTAN,Titan Co Ltd,0.0156,Consumer Discretionary,IN,"US$11,419,585.55","266,230"
TRN,Terna - Rete Elettrica Nazionale,0.0156,Utilities,IT,"US$11,413,634.91","992,767"
ENLT,Enlight Renewable Energy Ltd,0.0155,Utilities,IL,"US$11,362,766.95","104,855"
1024,Kuaishou Technology,0.0155,Technology,HK,"US$11,338,224.67","1,951,300"
B3SA3,B3 SA - Brasil Bolsa Balcao,0.0155,Financials,BR,"US$11,326,684.69","3,472,281"
TSN,Tyson Foods Inc,0.0155,Consumer Staples,US,"US$11,292,178.14","185,057"
TIT,Telecom Italia SpA/Milano,0.0154,Telecommunications,IT,"US$11,284,127.88","13,268,059"
SCCO,Southern Copper Corp,0.0154,Basic Materials,US,"US$11,279,621.90","58,963"
TIH,Toromont Industries Ltd,0.0154,Industrials,CA,"US$11,221,186.03","67,979"
823,Link REIT,0.0153,Real Estate,HK,"US$11,213,289.10","2,176,400"
NVR,NVR Inc,0.0153,Consumer Discretionary,US,"US$11,202,308.00","1,835"
BT/A,BT Group PLC,0.0153,Telecommunications,GB,"US$11,194,326.33","3,977,349"
BAER,Julius Baer Group Ltd,0.0153,Financials,CH,"US$11,182,258.32","136,477"
BHE,Bharat Electronics Ltd,0.0153,Industrials,IN,"US$11,177,579.77","2,585,198"
2328,PICC Property & Casualty Co Ltd,0.0153,Financials,HK,"US$11,171,846.96","6,017,748"
BALL,Ball Corp,0.0153,Industrials,US,"US$11,165,527.45","204,235"
SCHP,Schindler Holding AG,0.0153,Industrials,CH,"US$11,161,758.49","33,035"
STLAM,Stellantis NV,0.0153,Consumer Discretionary,IT,"US$11,149,344.43","1,391,735"
9987,Yum China Holdings Inc,0.0152,Consumer Discretionary,HK,"US$11,123,495.16","254,167"
PTC,PTC Inc,0.0152,Technology,US,"US$11,128,226.95","80,215"
1801,Innovent Biologics Inc,0.0152,Health Care,HK,"US$11,117,537.67","1,045,382"
ACA,Credit Agricole SA,0.0152,Financials,FR,"US$11,110,991.48","573,578"
DSFIR,DSM-Firmenich AG,0.0152,Consumer Staples,NL,"US$11,102,623.33","131,849"
SBIN,State Bank of India,0.0152,Financials,IN,"US$11,103,208.26","1,093,742"
LVS,Las Vegas Sands Corp,0.0152,Consumer Discretionary,US,"US$11,098,193.34","219,462"
WALMEX*,Wal-Mart de Mexico SAB de CV,0.0151,Consumer Discretionary,MX,"US$11,071,084.34","3,663,800"
WPC,WP Carey Inc,0.0151,Real Estate,US,"US$11,060,523.66","148,623"
4661,Oriental Land Co Ltd/Japan,0.0151,Consumer Discretionary,JP,"US$11,057,160.63","766,800"
SAB,Banco de Sabadell SA,0.0151,Financials,ES,"US$11,054,724.53","3,266,613"
WKL,Wolters Kluwer NV,0.0151,Industrials,NL,"US$11,056,213.17","155,268"
SUI,Sun Communities Inc,0.0151,Real Estate,US,"US$11,023,918.02","89,147"
LDOS,Leidos Holdings Inc,0.0151,Technology,US,"US$11,009,970.00","86,150"
267260,HD Hyundai Electric Co Ltd,0.0151,Industrials,KR,"US$10,999,552.75","15,742"
8830,Sumitomo Realty & Development Co Ltd,0.015,Real Estate,JP,"US$10,943,890.32","468,700"
UTCEM,UltraTech Cement Ltd,0.015,Industrials,IN,"US$10,931,105.73","90,442"
PHOE,Phoenix Financial Ltd,0.0148,Financials,IL,"US$10,842,855.91","162,206"
NVMI,Nova Ltd,0.0148,Technology,IL,"US$10,834,768.95","20,621"
TEF,Telefonica SA,0.0148,Telecommunications,ES,"US$10,823,959.79","2,355,365"
9101,Nippon Yusen KK,0.0148,Industrials,JP,"US$10,790,206.04","323,300"
2502,Asahi Group Holdings Ltd,0.0147,Consumer Staples,JP,"US$10,785,440.20","1,126,967"
4307,Nomura Research Institute Ltd,0.0147,Technology,JP,"US$10,749,994.96","340,759"
DAL,Delta Air Lines Inc,0.0147,Consumer Discretionary,US,"US$10,717,946.08","129,946"
LGEN,Legal & General Group PLC,0.0146,Financials,GB,"US$10,701,851.53","2,925,333"
KIM,Kimco Realty Corp,0.0146,Real Estate,US,"US$10,671,822.56","443,182"
6223,MPI Corp,0.0146,Technology,TW,"US$10,654,578.54","56,000"
INF,Informa PLC,0.0145,Consumer Discretionary,GB,"US$10,631,463.74","972,280"
EPIB,Epiroc AB,0.0145,Industrials,SE,"US$10,629,262.94","415,155"
BXB,Brambles Ltd,0.0145,Industrials,AU,"US$10,613,006.34","890,195"
TRMB,Trimble Inc,0.0145,Industrials,US,"US$10,590,300.58","187,738"
8697,Japan Exchange Group Inc,0.0145,Financials,JP,"US$10,566,946.42","862,200"
FLUT,Flutter Entertainment PLC,0.0144,Consumer Discretionary,US,"US$10,540,271.30","108,685"
SBSP3,Cia de Saneamento Basico do Estado de Sao Paulo SABESP,0.0144,Utilities,BR,"US$10,532,140.67","1,906,034.85"
GPN,Global Payments Inc,0.0144,Industrials,US,"US$10,523,828.70","139,370"
EDP,EDP SA,0.0144,Utilities,PT,"US$10,490,205.20","2,058,489"
175,Geely Automobile Holdings Ltd,0.0143,Consumer Discretionary,HK,"US$10,432,716.46","4,344,600"
NTGY,Naturgy Energy Group SA,0.0143,Utilities,ES,"US$10,432,980.14","313,258"
GWO,Great-West Lifeco Inc,0.0143,Financials,CA,"US$10,430,238.38","178,531"
APTV,Aptiv Holdings Ltd,0.0143,Consumer Discretionary,US,"US$10,416,424.92","153,318"
SSNC,SS&C Technologies Holdings Inc,0.0142,Technology,US,"US$10,410,368.64","154,182"
QIBK,Qatar Islamic Bank QPSC,0.0142,Financials,QA,"US$10,404,816.62","1,663,035"
STE,Singapore Technologies Engineering Ltd,0.0142,Industrials,SG,"US$10,391,773.24","1,164,600"
J,Jacobs Solutions Inc,0.0142,Industrials,US,"US$10,381,554.04","86,614"
7012,Kawasaki Heavy Industries Ltd,0.0141,Industrials,JP,"US$10,327,920.72","524,100"
EPIA,Epiroc AB,0.0141,Industrials,SE,"US$10,321,990.29","346,944"
1802,Obayashi Corp,0.0141,Industrials,JP,"US$10,322,683.59","506,400"
BBY,Best Buy Co Inc,0.0141,Consumer Discretionary,US,"US$10,313,642.45","132,311"
MAA,Mid-America Apartment Communities Inc,0.0141,Real Estate,US,"US$10,308,175.55","79,865"
SHBA,Svenska Handelsbanken AB,0.0141,Financials,SE,"US$10,298,792.16","696,895"
8795,T&D Holdings Inc,0.014,Financials,JP,"US$10,238,007.41","388,600"
2890,SinoPac Financial Holdings Co Ltd,0.014,Financials,TW,"US$10,219,784.84","10,671,329"
386,China Petroleum & Chemical Corp,0.014,Energy,HK,"US$10,222,283.92","18,545,400"
3481,Innolux Corp,0.014,Technology,TW,"US$10,209,283.24","6,270,802"
DSY,Dassault Systemes SE,0.014,Technology,FR,"US$10,205,769.89","465,072"
329180,HD Hyundai Heavy Industries Co Ltd,0.014,Industrials,KR,"US$10,199,840.74","22,085"
CIMB,CIMB Group Holdings Bhd,0.0139,Financials,MY,"US$10,191,665.07","5,402,400"
DPLM,Diploma PLC,0.0139,Industrials,GB,"US$10,181,597.09","108,060"
NHY,Norsk Hydro ASA,0.0139,Basic Materials,NO,"US$10,182,606.72","830,728"
RTO,Rentokil Initial PLC,0.0139,Industrials,GB,"US$10,169,104.35","1,680,955"
ADANI,Adani Power Ltd,0.0139,Utilities,IN,"US$10,170,775.58","3,970,184"
1113,CK Asset Holdings Ltd,0.0139,Real Estate,HK,"US$10,171,437.58","1,683,938"
EMIRATES,Emirates NBD Bank PJSC,0.0139,Financials,AE,"US$10,158,995.23","1,350,922"
SABIC,Saudi Basic Industries Corp,0.0139,Basic Materials,SA,"US$10,136,774.08","665,022"
IEX,IDEX Corp,0.0139,Industrials,US,"US$10,132,911.46","48,062"
RI,Pernod Ricard SA,0.0138,Consumer Staples,FR,"US$10,119,997.53","136,742"
5706,Mitsui Kinzoku Co Ltd,0.0138,Basic Materials,JP,"US$10,119,077.83","31,200"
033780,KT&G Corp,0.0138,Consumer Staples,KR,"US$10,109,598.01","82,486"
7013,IHI Corp,0.0138,Industrials,JP,"US$10,107,396.19","581,600"
9531,Tokyo Gas Co Ltd,0.0138,Utilities,JP,"US$10,111,652.74","252,300"
TELIA,Telia Co AB,0.0138,Telecommunications,SE,"US$10,086,586.39","1,881,074"
KOG,Kongsberg Gruppen ASA,0.0138,Industrials,NO,"US$10,078,108.73","280,257"
5274,ASPEED Technology Inc,0.0137,Technology,TW,"US$10,041,978.58","16,600"
STMN,Straumann Holding AG,0.0137,Health Care,CH,"US$10,028,912.63","82,729"
SHFL,Shriram Finance Ltd,0.0137,Financials,IN,"US$10,031,355.38","1,006,154"
5016,JX Advanced Metals Corp,0.0137,Basic Materials,JP,"US$10,000,821.66","405,200"
6479,MINEBEA MITSUMI Inc,0.0136,Technology,JP,"US$9,969,971.73","347,900"
FPH,Fisher & Paykel Healthcare Corp Ltd,0.0136,Health Care,NZ,"US$9,951,176.58","445,731"
EMA,Emera Inc,0.0136,Utilities,CA,"US$9,937,034.45","189,858"
6669,Wiwynn Corp,0.0136,Technology,TW,"US$9,907,742.89","57,000"
RO,Roche Holding AG,0.0136,Health Care,CH,"US$9,903,066.23","22,988"
PLS,PLS Group Ltd,0.0135,Basic Materials,AU,"US$9,845,236.33","2,118,180"
9992,Pop Mart International Group Ltd,0.0134,Consumer Discretionary,HK,"US$9,823,359.79","444,000"
2883,KGI Financial Holding Co Ltd,0.0134,Financials,TW,"US$9,820,520.42","13,672,565"
EDV,Endeavour Mining PLC,0.0134,Basic Materials,GB,"US$9,776,752.64","157,881"
9503,Kansai Electric Power Co Inc/The,0.0133,Utilities,JP,"US$9,741,642.06","664,000"
MONC,Moncler SpA,0.0133,Consumer Discretionary,IT,"US$9,727,354.87","149,225"
KSP,Kingspan Group PLC,0.0133,Industrials,IE,"US$9,726,045.91","106,038"
CPU,Computershare Ltd,0.0133,Financials,AU,"US$9,700,078.54","389,757"
ICT,International Container Terminal Services Inc,0.0133,Industrials,PH,"US$9,700,191.97","794,030"
SOLS,Solstice Advanced Materials Inc,0.0132,Basic Materials,US,"US$9,682,659.65","114,955"
ZS,Zscaler Inc,0.0132,Technology,US,"US$9,672,529.79","69,223"
8601,Daiwa Securities Group Inc,0.0132,Financials,JP,"US$9,667,144.92","1,025,600"
CNA,Centrica PLC,0.0132,Utilities,GB,"US$9,656,159.97","3,820,581"
PTT/F,PTT PCL,0.0132,Energy,TH,"US$9,627,830.70","8,643,800"
298040,Hyosung Heavy Industries Corp,0.0131,Technology,KR,"US$9,558,503.65","3,909"
8299,Phison Electronics Corp,0.013,Technology,TW,"US$9,535,362.56","116,000"
1109,China Resources Land Ltd,0.013,Real Estate,HK,"US$9,530,505.37","2,114,790"
HEI,HEICO Corp,0.013,Industrials,US,"US$9,511,929.42","27,319"
KGH,KGHM Polska Miedz SA,0.013,Basic Materials,PL,"US$9,505,158.02","98,486"
EUROB,Eurobank SA,0.013,Financials,GR,"US$9,492,978.55","2,038,302"
7832,Bandai Namco Holdings Inc,0.013,Consumer Discretionary,JP,"US$9,480,460.46","414,500"
AXIA3,Axia Energia SA,0.013,Utilities,BR,"US$9,474,964.02","914,100"
EG,Everest Group Ltd,0.013,Financials,US,"US$9,468,480.63","29,221"
NESTE,Neste Oyj,0.0129,Energy,FI,"US$9,461,001.60","287,907"
TXT,Textron Inc,0.0129,Industrials,US,"US$9,455,592.72","103,047"
1928,Sekisui House Ltd,0.0129,Consumer Discretionary,JP,"US$9,442,489.48","448,300"
TYL,Tyler Technologies Inc,0.0129,Technology,US,"US$9,425,815.00","30,100"
LULU,Lululemon Athletica Inc,0.0129,Consumer Discretionary,US,"US$9,417,805.74","71,793"
TRU,TransUnion,0.0128,Industrials,US,"US$9,376,864.60","131,035"
JHX,James Hardie Industries PLC,0.0128,Industrials,AU,"US$9,363,164.23","407,689"
1216,Uni-President Enterprises Corp,0.0128,Consumer Staples,TW,"US$9,333,291.75","4,072,006"
AKRBP,Aker BP ASA,0.0128,Energy,NO,"US$9,337,016.07","259,258"
UPM,UPM-Kymmene Oyj,0.0128,Basic Materials,FI,"US$9,331,105.22","319,335"
6988,Nitto Denko Corp,0.0127,Basic Materials,JP,"US$9,313,963.82","495,800"
KEP,Keppel Ltd,0.0127,Utilities,SG,"US$9,293,244.99","1,101,500"
SGX,Singapore Exchange Ltd,0.0127,Financials,SG,"US$9,291,730.11","541,600"
IAG,Insurance Australia Group Ltd,0.0127,Financials,AU,"US$9,282,248.64","1,684,200"
ARX,ARC Resources Ltd,0.0127,Energy,CA,"US$9,285,787.79","409,857"
L,Loews Corp,0.0127,Financials,US,"US$9,262,236.85","89,447"
316140,Woori Financial Group Inc,0.0126,Financials,KR,"US$9,215,513.87","467,602"
ORG,Origin Energy Ltd,0.0126,Utilities,AU,"US$9,208,661.57","1,177,433"
3750,Contemporary Amperex Technology Co Ltd,0.0126,Industrials,HK,"US$9,205,129.70","96,903"
ROL,Rollins Inc,0.0126,Consumer Discretionary,US,"US$9,190,179.60","193,071"
TFII,TFI International Inc,0.0125,Industrials,CA,"US$9,152,859.15","59,284"
WRB,W R Berkley Corp,0.0125,Financials,US,"US$9,146,074.68","143,942"
AGS,Ageas SA/NV,0.0125,Financials,BE,"US$9,127,226.22","117,439"
7532,Pan Pacific International Holdings Corp,0.0125,Consumer Discretionary,JP,"US$9,120,172.37","1,653,200"
7733,Olympus Corp,0.0125,Health Care,JP,"US$9,119,857.09","813,100"
4188,Mitsubishi Chemical Group Corp,0.0124,Basic Materials,JP,"US$9,055,528.61","1,256,800"
URW,Unibail-Rodamco-Westfield,0.0124,Real Estate,FR,"US$9,044,685.61","78,022"
ETE,National Bank of Greece SA,0.0124,Financials,GR,"US$9,046,325.90","522,908"
ETERNAL,Zomato Ltd,0.0124,Technology,IN,"US$9,033,390.54","3,424,743"
TPEIR,Piraeus Bank SA,0.0124,Financials,GR,"US$9,029,046.81","845,607"
IMP,Impala Platinum Holdings Ltd,0.0123,Basic Materials,ZA,"US$9,008,306.25","629,272"
KYGA,Kerry Group PLC,0.0123,Consumer Staples,IE,"US$8,999,381.43","104,995"
HCLT,HCL Technologies Ltd,0.0123,Technology,IN,"US$8,988,244.49","721,307"
2020,ANTA Sports Products Ltd,0.0122,Consumer Discretionary,HK,"US$8,948,140.97","925,200"
LYC,Lynas Rare Earths Ltd,0.0122,Basic Materials,AU,"US$8,937,113.15","647,279"
METSO,Metso Oyj,0.0122,Industrials,FI,"US$8,936,113.63","467,501"
TLS,Telstra Group Ltd,0.0122,Telecommunications,AU,"US$8,923,391.01","2,380,463"
GEN,Gen Digital Inc,0.0122,Technology,US,"US$8,908,381.80","345,420"
4507,Shionogi & Co Ltd,0.0122,Health Care,JP,"US$8,893,146.55","471,900"
ALLE,Allegion plc,0.0122,Industrials,US,"US$8,882,480.30","68,290"
ORSTED,Orsted AS,0.0121,Utilities,DK,"US$8,872,835.12","346,173"
GPC,Genuine Parts Co,0.0121,Consumer Discretionary,US,"US$8,870,958.60","89,878"
9532,Osaka Gas Co Ltd,0.0121,Utilities,JP,"US$8,843,511.53","262,600"
UU/,United Utilities Group PLC,0.0121,Utilities,GB,"US$8,827,691.90","487,275"
CSGP,CoStar Group Inc,0.0121,Real Estate,US,"US$8,821,866.20","273,971"
MRU,Metro Inc/CN,0.0121,Consumer Staples,CA,"US$8,826,962.51","137,443"
SN/,Smith & Nephew PLC,0.012,Health Care,GB,"US$8,799,106.43","587,558"
PNR,Pentair PLC,0.012,Industrials,US,"US$8,797,973.80","124,195"
ITSA4,Itausa SA,0.012,Financials,BR,"US$8,785,472.29","3,439,526"
APNT,Asian Paints Ltd,0.012,Industrials,IN,"US$8,790,407.66","312,580"
RIVN,Rivian Automotive Inc,0.012,Consumer Discretionary,US,"US$8,786,563.90","539,053"
3402,Toray Industries Inc,0.012,Basic Materials,JP,"US$8,778,074.00","1,172,300"
SHL,Siemens Healthineers AG,0.012,Health Care,DE,"US$8,764,364.81","215,077"
COO,Cooper Cos Inc/The,0.012,Health Care,US,"US$8,764,537.48","143,188"
7453,Ryohin Keikaku Co Ltd,0.0119,Consumer Discretionary,JP,"US$8,720,224.26","357,500"
009540,HD Korea Shipbuilding & Offshore Engineering Co Ltd,0.0119,Industrials,KR,"US$8,720,199.73","31,067"
ALA,AltaGas Ltd,0.0119,Utilities,CA,"US$8,693,788.65","223,227"
373220,LG Energy Solution Ltd,0.0118,Industrials,KR,"US$8,606,570.67","28,319"
5713,Sumitomo Metal Mining Co Ltd,0.0118,Basic Materials,JP,"US$8,596,623.53","150,500"
DSCT,Israel Discount Bank Ltd,0.0117,Financials,IL,"US$8,572,682.36","767,585"
FNF,Fidelity National Financial Inc,0.0117,Financials,US,"US$8,548,332.25","180,535"
2892,First Financial Holding Co Ltd,0.0117,Financials,TW,"US$8,540,559.85","9,746,350"
SCG,Scentre Group,0.0117,Real Estate,AU,"US$8,530,952.51","3,095,765"
ADSEZ,Adani Ports & Special Economic Zone Ltd,0.0117,Industrials,IN,"US$8,531,331.98","449,117"
CHTR,Charter Communications Inc,0.0117,Telecommunications,US,"US$8,523,294.45","59,169"
ENX,Euronext NV,0.0117,Financials,FR,"US$8,513,153.10","52,258"
ABEV3,Ambev SA,0.0116,Consumer Staples,BR,"US$8,498,331.39","2,633,962"
MNG,M&G PLC,0.0116,Financials,GB,"US$8,459,393.36","1,985,996"
LISN,Chocoladefabriken Lindt & Spruengli AG,0.0115,Consumer Staples,CH,"US$8,433,480.51",69
PMAH,Press Metal Aluminium Holdings Bhd,0.0115,Basic Materials,MY,"US$8,438,890.29","3,717,800"
2301,Lite-On Technology Corp,0.0115,Technology,TW,"US$8,426,608.96","1,125,662"
KKC,Cummins India Ltd,0.0115,Industrials,IN,"US$8,394,972.74","135,610"
9104,Mitsui OSK Lines Ltd,0.0115,Industrials,JP,"US$8,385,170.15","243,761"
FBK,FinecoBank Banca Fineco SpA,0.0114,Financials,IT,"US$8,349,588.17","341,367"
SRG,Snam SpA,0.0114,Energy,IT,"US$8,348,643.85","1,141,756"
010140,Samsung Heavy Industries Co Ltd,0.0114,Industrials,KR,"US$8,331,752.19","449,229"
7186,Yokohama Financial Group Inc,0.0114,Financials,JP,"US$8,318,910.28","815,699"
BPAC11,Banco BTG Pactual SA,0.0114,Financials,BR,"US$8,311,984.50","782,208"
ALQ,ALS Ltd,0.0114,Industrials,AU,"US$8,315,549.75","489,928"
IT,Gartner Inc,0.0114,Technology,US,"US$8,298,314.20","51,161"
IMI,IMI PLC,0.0114,Industrials,GB,"US$8,296,192.86","221,232"
QUB,Qube Holdings Ltd,0.0113,Industrials,AU,"US$8,234,041.94","2,284,255"
CA,Carrefour SA,0.0112,Consumer Staples,FR,"US$8,202,779.56","438,369"
267,CITIC Ltd,0.0112,Industrials,HK,"US$8,200,862.53","4,884,000"
ADVANC/F,Advanced Info Service PCL,0.0112,Telecommunications,TH,"US$8,179,360.88","754,100"
PINS,Pinterest Inc,0.0112,Technology,US,"US$8,182,485.20","408,104"
FOXA,Fox Corp,0.0112,Consumer Discretionary,US,"US$8,183,294.08","128,024"
SQM/B,Sociedad Quimica y Minera de Chile SA,0.0112,Basic Materials,CL,"US$8,150,992.70","95,196"
JM,Jardine Matheson Holdings Ltd,0.0111,Industrials,SG,"US$8,098,360.00","122,000"
MKC,McCormick & Co Inc/MD,0.0111,Consumer Staples,US,"US$8,095,533.00","170,900"
3,Hong Kong & China Gas Co Ltd,0.0111,Utilities,HK,"US$8,088,827.44","8,841,754"
6525,Kokusai Electric Corp,0.0111,Technology,JP,"US$8,087,724.10","156,800"
9868,XPeng Inc,0.011,Consumer Discretionary,HK,"US$8,070,066.79","990,577"
288,WH Group Ltd,0.011,Consumer Staples,HK,"US$8,064,733.13","6,984,148"
SGRO,Segro PLC,0.011,Real Estate,GB,"US$8,038,453.79","825,279"
6724,Seiko Epson Corp,0.011,Technology,JP,"US$8,025,384.76","436,400"
6506,Yaskawa Electric Corp,0.0109,Industrials,JP,"US$8,000,839.25","176,700"
6770,Powerchip Semiconductor Manufacturing Corp,0.0109,Technology,TW,"US$7,990,659.37","2,822,000"
IMG,IAMGOLD Corp,0.0109,Basic Materials,CA,"US$7,982,809.61","440,927"
2368,Gold Circuit Electronics Ltd,0.0109,Technology,TW,"US$7,964,118.69","189,000"
6504,Fuji Electric Co Ltd,0.0109,Industrials,JP,"US$7,962,671.52","82,097"
GRASIM,Grasim Industries Ltd,0.0109,Industrials,IN,"US$7,941,643.63","241,627"
AGN,Aegon Ltd,0.0109,Financials,NL,"US$7,937,946.68","930,293"
2601,China Pacific Insurance Group Co Ltd,0.0108,Financials,HK,"US$7,922,551.36","1,976,200"
000810,Samsung Fire & Marine Insurance Co Ltd,0.0108,Financials,KR,"US$7,927,865.30","20,997"
TRI,Thomson Reuters Corp,0.0108,Technology,CA,"US$7,899,593.35","91,033"
ADCB,Abu Dhabi Commercial Bank PJSC,0.0108,Financials,AE,"US$7,895,103.15","2,116,608"
1347,Hua Hong Semiconductor Ltd,0.0108,Technology,HK,"US$7,886,667.33","383,205"
H,Hydro One Ltd,0.0108,Utilities,CA,"US$7,885,315.16","191,577"
HUBS,HubSpot Inc,0.0108,Technology,US,"US$7,877,594.15","35,705"
GDDY,GoDaddy Inc,0.0107,Technology,US,"US$7,852,415.04","91,488"
EQH,Equitable Holdings Inc,0.0107,Financials,US,"US$7,836,031.75","189,505"
CG,Carlyle Group Inc/The,0.0107,Financials,US,"US$7,836,675.00","172,500"
9633,Nongfu Spring Co Ltd,0.0107,Consumer Staples,HK,"US$7,838,711.82","1,435,400"
600036,China Merchants Bank Co Ltd,0.0107,Financials,CN,"US$7,836,475.90","1,394,000"
010120,LS Electric Co Ltd,0.0107,Technology,KR,"US$7,839,054.74","48,917"
8331,Chiba Bank Ltd/The,0.0107,Financials,JP,"US$7,815,675.61","534,900"
ACWA,ACWA Power Co,0.0107,Utilities,SA,"US$7,801,392.13","158,503"
601899,Zijin Mining Group Co Ltd,0.0107,Basic Materials,CN,"US$7,795,200.73","1,731,500"
AC,Accor SA,0.0106,Consumer Discretionary,FR,"US$7,769,925.56","141,576"
GIB/A,CGI Inc,0.0106,Technology,CA,"US$7,774,109.40","111,230"
BG,BAWAG Group AG,0.0106,Financials,AT,"US$7,740,832.70","43,046"
SGE,Sage Group PLC/The,0.0106,Technology,GB,"US$7,737,953.62","681,450"
KBX,Knorr-Bremse AG,0.0106,Industrials,DE,"US$7,737,915.91","63,943"
SY1,Symrise AG,0.0105,Basic Materials,DE,"US$7,704,021.96","83,462"
ADE,Adani Enterprises Ltd,0.0105,Industrials,IN,"US$7,697,750.44","248,957"
2423,KE Holdings Inc,0.0105,Real Estate,HK,"US$7,686,471.29","1,387,424"
CHKP,Check Point Software Technologies Ltd,0.0104,Technology,US,"US$7,630,460.05","56,501"
2057,ZTO Express Cayman Inc,0.0104,Industrials,HK,"US$7,617,410.11","343,700"
SPSN,Swiss Prime Site AG,0.0104,Real Estate,CH,"US$7,593,154.92","45,324"
AVY,Avery Dennison Corp,0.0104,Basic Materials,US,"US$7,590,502.26","47,718"
EQX,Equinox Gold Corp,0.0103,Basic Materials,CA,"US$7,556,274.84","553,678"
BMRI,Bank Mandiri Persero Tbk PT,0.0103,Financials,ID,"US$7,556,196.53","33,095,400"
1801,Taisei Corp,0.0103,Industrials,JP,"US$7,551,089.89","85,800"
SUN,Suncorp Group Ltd,0.0103,Financials,AU,"US$7,549,263.60","603,704"
AKZA,Akzo Nobel NV,0.0103,Basic Materials,NL,"US$7,530,173.98","98,277"
5831,Shizuoka Financial Group Inc,0.0103,Financials,JP,"US$7,504,385.33","416,100"
9766,Konami Group Corp,0.0103,Consumer Discretionary,JP,"US$7,503,505.25","63,100"
CARLB,Carlsberg AS,0.0103,Consumer Staples,DK,"US$7,500,177.51","55,762"
ELE,Endesa SA,0.0102,Utilities,ES,"US$7,475,391.51","178,637"
1378,China Hongqiao Group Ltd,0.0102,Basic Materials,HK,"US$7,479,245.67","2,092,000"
BEZ,Beazley PLC,0.0102,Financials,GB,"US$7,465,110.86","432,328"
AG,First Majestic Silver Corp,0.0102,Basic Materials,CA,"US$7,455,802.32","352,704"
FOX,Fox Corp,0.0102,Consumer Discretionary,US,"US$7,446,352.50","129,750"
6963,Rohm Co Ltd,0.0101,Technology,JP,"US$7,422,934.86","216,500"
SAFCO,SABIC Agri-Nutrients Co,0.0101,Basic Materials,SA,"US$7,420,446.30","200,764"
BBRI,Bank Rakyat Indonesia Persero Tbk PT,0.0101,Financials,ID,"US$7,403,617.48","44,848,354"
SOON,Sonova Holding AG,0.0101,Health Care,CH,"US$7,389,215.59","27,811"
IAG,International Consolidated Airlines Group SA,0.0101,Consumer Discretionary,GB,"US$7,383,917.43","1,273,631"
7259,Aisin Corp,0.0101,Consumer Discretionary,JP,"US$7,371,340.54","486,200"
042660,Hanwha Ocean Co Ltd,0.0101,Industrials,KR,"US$7,353,736.36","89,879"
8473,SBI Holdings Inc,0.0101,Financials,JP,"US$7,357,717.19","402,500"
MOTHERSO,Samvardhana Motherson International Ltd,0.01,Consumer Discretionary,IN,"US$7,318,952.34","4,770,828"
SDLF,Standard Life PLC,0.01,Financials,GB,"US$7,317,064.22","699,522"
1179,H World Group Ltd,0.01,Consumer Discretionary,HK,"US$7,296,822.62","1,630,220"
300308,Zhongji Innolight Co Ltd,0.01,Telecommunications,CN,"US$7,274,584.24","42,360"
FORTUM,Fortum Oyj,0.0099,Utilities,FI,"US$7,261,436.87","310,353"
005387,Hyundai Motor Co,0.0099,Consumer Discretionary,KR,"US$7,240,037.16","40,113"
2880,Hua Nan Financial Holdings Co Ltd,0.0099,Financials,TW,"US$7,221,964.39","7,417,431"
000150,Doosan Co Ltd,0.0099,Industrials,KR,"US$7,203,623.09","5,505"
FGR,Eiffage SA,0.0098,Industrials,FR,"US$7,188,883.91","49,382"
HSX,Hiscox Ltd,0.0098,Financials,GB,"US$7,173,267.11","304,266"
064350,Hyundai Rotem Co Ltd,0.0098,Industrials,KR,"US$7,172,099.20","53,907"
051910,LG Chem Ltd,0.0098,Industrials,KR,"US$7,151,264.10","29,365"
7735,SCREEN Holdings Co Ltd,0.0098,Technology,JP,"US$7,139,041.40","102,200"
DSY,Discovery Ltd,0.0098,Financials,ZA,"US$7,129,705.11","414,839"
GFS,GLOBALFOUNDRIES Inc,0.0097,Technology,US,"US$7,120,928.65","89,045"
7202,Isuzu Motors Ltd,0.0097,Industrials,JP,"US$7,106,429.11","481,700"
ALPHA,Alpha Bank SA,0.0097,Financials,GR,"US$7,097,039.72","1,555,422"
207940,Samsung Biologics Co Ltd,0.0097,Health Care,KR,"US$7,087,238.22","7,836"
CCH,Coca-Cola HBC AG,0.0097,Consumer Staples,GB,"US$7,084,334.09","123,256"
DPZ,Domino's Pizza Inc,0.0097,Consumer Discretionary,US,"US$7,077,807.62","22,789"
WEGE3,WEG SA,0.0097,Industrials,BR,"US$7,076,750.07","811,692"
EIM,Eicher Motors Ltd,0.0097,Consumer Discretionary,IN,"US$7,079,241.71","93,706"
6113,Amada Co Ltd,0.0097,Industrials,JP,"US$7,067,819.59","373,300"
SVT,Severn Trent PLC,0.0097,Utilities,GB,"US$7,054,611.33","176,215"
7167,Mebuki Financial Group Inc,0.0096,Financials,JP,"US$7,048,797.03","844,000"
6869,Yangtze Optical Fibre & Cable Joint Stock Ltd Co,0.0096,Telecommunications,HK,"US$7,044,376.96","243,000"
PRIO3,PRIO SA/Brazil,0.0096,Energy,BR,"US$7,040,691.35","572,100"
PEO,Bank Polska Kasa Opieki SA,0.0096,Financials,PL,"US$7,036,058.70","105,346"
2376,Gigabyte Technology Co Ltd,0.0096,Technology,TW,"US$7,027,820.78","595,000"
G1A,GEA Group AG,0.0096,Industrials,DE,"US$7,013,308.99","108,385"
ITRK,Intertek Group PLC,0.0096,Industrials,GB,"US$7,011,321.78","97,772"
MZTF,Mizrahi Tefahot Bank Ltd,0.0096,Financials,IL,"US$7,013,985.62","90,740"
HAR,Harmony Gold Mining Co Ltd,0.0096,Basic Materials,ZA,"US$7,003,090.82","383,019"
MPL,Medibank Pvt Ltd,0.0095,Financials,AU,"US$6,978,032.80","2,020,510"
OMV,OMV AG,0.0095,Energy,AT,"US$6,966,548.73","96,835"
3008,Largan Precision Co Ltd,0.0095,Technology,TW,"US$6,956,952.00","62,000"
2382,Sunny Optical Technology Group Co Ltd,0.0095,Technology,HK,"US$6,951,078.16","650,100"
TEN,Tenaris SA,0.0095,Energy,IT,"US$6,946,100.82","228,147"
TPWR,Tata Power Co Ltd/The,0.0095,Utilities,IN,"US$6,933,021.06","1,565,388"
1658,Postal Savings Bank of China Co Ltd,0.0095,Financials,HK,"US$6,927,848.52","10,816,000"
ATRL,AtkinsRealis Group Inc,0.0095,Industrials,CA,"US$6,925,874.43","115,282"
5334,Niterra Co Ltd,0.0095,Consumer Discretionary,JP,"US$6,915,443.81","108,300"
PE&OLES*,Industrias Penoles SAB de CV,0.0094,Basic Materials,MX,"US$6,903,473.69","118,725"
196170,Alteogen Inc,0.0094,Health Care,KR,"US$6,895,672.20","28,162"
SIG,Sigma Healthcare Ltd,0.0094,Consumer Staples,AU,"US$6,885,880.91","3,255,228"
KNIN,Kuehne + Nagel International AG,0.0094,Industrials,CH,"US$6,879,774.88","29,806"
LAND,Land Securities Group PLC,0.0094,Real Estate,GB,"US$6,877,352.79","811,142"
9866,NIO Inc,0.0094,Consumer Discretionary,HK,"US$6,871,227.38","1,267,119"
JSTL,JSW Steel Ltd,0.0094,Basic Materials,IN,"US$6,863,075.24","510,166"
OPCE,OPC Energy Ltd,0.0094,Utilities,IL,"US$6,847,778.55","155,067.89"
6841,Yokogawa Electric Corp,0.0094,Industrials,JP,"US$6,832,825.55","217,500"
6,Power Assets Holdings Ltd,0.0093,Utilities,HK,"US$6,828,674.05","890,500"
ASELS,Aselsan Elektronik Sanayi Ve Ticaret AS,0.0093,Industrials,TR,"US$6,809,065.76","821,775"
VOLVA,Volvo AB,0.0093,Industrials,SE,"US$6,790,607.16","192,684"
4005,Sumitomo Chemical Co Ltd,0.0092,Basic Materials,JP,"US$6,737,537.16","1,757,700"
HOT,HOCHTIEF AG,0.0092,Industrials,DE,"US$6,731,717.84","11,855"
011070,LG Innotek Co Ltd,0.0092,Technology,KR,"US$6,734,663.57","6,961"
HNAL,Hindustan Aeronautics Ltd,0.0092,Industrials,IN,"US$6,726,295.76","148,473"
PSPN,PSP Swiss Property AG,0.0092,Real Estate,CH,"US$6,728,803.23","35,333"
3665,Bizlink Holding Inc,0.0092,Technology,TW,"US$6,711,030.31","100,828"
SMIN,Smiths Group PLC,0.0092,Industrials,GB,"US$6,709,223.99","202,003"
TTD,Trade Desk Inc/The,0.0092,Consumer Discretionary,US,"US$6,705,418.72","311,012"
EVO,Evolution AB,0.0092,Consumer Discretionary,SE,"US$6,690,095.04","88,650"
DOCU,DocuSign Inc,0.0092,Technology,US,"US$6,691,940.84","127,417"
2338,Weichai Power Co Ltd,0.0091,Industrials,HK,"US$6,645,483.45","1,250,800"
ERF,Eurofins Scientific SE,0.0091,Health Care,FR,"US$6,619,077.43","90,812"
2408,Nanya Technology Corp,0.0091,Technology,TW,"US$6,613,110.72","597,000"
2015,Li Auto Inc,0.009,Consumer Discretionary,HK,"US$6,608,063.76","895,247"
HARL,Harel Insurance Investments & Financial Services Ltd,0.009,Financials,IL,"US$6,610,635.47","103,534"
PST,Poste Italiane SpA,0.009,Financials,IT,"US$6,598,304.32","222,962"
NWSA,News Corp,0.009,Consumer Discretionary,US,"US$6,595,992.00","252,720"
5880,Taiwan Cooperative Financial Holding Co Ltd,0.009,Financials,TW,"US$6,590,184.22","9,034,609"
086520,Ecopro Co Ltd,0.009,Basic Materials,KR,"US$6,580,132.71","71,340"
ITC,ITC Ltd,0.009,Consumer Staples,IN,"US$6,563,565.32","2,173,366"
CICT,CapitaLand Integrated Commercial Trust,0.0089,Real Estate,SG,"US$6,535,314.60","3,671,724"
HEN3,Henkel AG & Co KGaA,0.0089,Basic Materials,DE,"US$6,520,664.43","83,800"
TEL2B,Tele2 AB,0.0089,Telecommunications,SE,"US$6,520,149.15","347,387"
601138,Foxconn Industrial Internet Co Ltd,0.0089,Telecommunications,CN,"US$6,511,224.66","599,800"
PODD,Insulet Corp,0.0089,Health Care,US,"US$6,505,921.78","44,887"
VBBR3,Vibra Energia SA,0.0089,Energy,BR,"US$6,495,312.76","1,104,356"
ABG,Absa Group Ltd,0.0089,Financials,ZA,"US$6,486,540.64","442,988"
1803,Shimizu Corp,0.0089,Industrials,JP,"US$6,478,452.79","384,600"
ABVX,Abivax SA,0.0089,Health Care,FR,"US$6,466,409.43","48,865"
GALP,Galp Energia SGPS SA,0.0089,Energy,PT,"US$6,471,099.55","297,575"
3653,Jentech Precision Industrial Co Ltd,0.0089,Technology,TW,"US$6,468,149.59","57,156"
EMBJ3,Embraer SA,0.0088,Industrials,BR,"US$6,457,126.65","445,100"
DHER,Delivery Hero SE,0.0088,Consumer Discretionary,DE,"US$6,446,488.80","149,384"
VBL,Varun Beverages Ltd,0.0088,Consumer Staples,IN,"US$6,424,670.65","1,155,954"
MRL,Merlin Properties Socimi SA,0.0088,Real Estate,ES,"US$6,423,295.62","364,044"
3443,Global Unichip Corp,0.0088,Technology,TW,"US$6,410,432.40","43,000"
HKL,Hongkong Land Holdings Ltd,0.0088,Real Estate,SG,"US$6,413,754.00","841,700"
JKHY,Jack Henry & Associates Inc,0.0088,Industrials,US,"US$6,413,992.32","47,051"
BIMAS,BIM Birlesik Magazalar AS,0.0088,Consumer Staples,TR,"US$6,407,666.43","788,362"
TECHM,Tech Mahindra Ltd,0.0088,Technology,IN,"US$6,397,046.04","409,542"
DRRD,Dr Reddy's Laboratories Ltd,0.0088,Health Care,IN,"US$6,397,824.98","466,278"
LISP,Chocoladefabriken Lindt & Spruengli AG,0.0087,Consumer Staples,CH,"US$6,383,157.36",536
EN,Bouygues SA,0.0087,Industrials,FR,"US$6,379,819.05","108,345"
UAL,United Airlines Holdings Inc,0.0087,Consumer Discretionary,US,"US$6,380,010.00","55,575"
6845,Azbil Corp,0.0087,Industrials,JP,"US$6,367,399.02","609,700"
7270,Subaru Corp,0.0087,Consumer Discretionary,JP,"US$6,369,234.25","415,200"
COAL,Coal India Ltd,0.0087,Energy,IN,"US$6,356,447.30","1,318,765"
ADM,Admiral Group PLC,0.0087,Financials,GB,"US$6,353,043.42","142,995"
BVI,Bureau Veritas SA,0.0087,Industrials,FR,"US$6,352,583.96","209,375"
DSG,Descartes Systems Group Inc/The,0.0087,Technology,CA,"US$6,334,903.82","85,774"
MAERSKB,AP Moller - Maersk A/S,0.0086,Industrials,DK,"US$6,307,410.65","2,555"
ALINMA,Alinma Bank,0.0086,Financials,SA,"US$6,297,783.94","984,711"
HDFCAMC,HDFC Asset Management Co Ltd,0.0086,Financials,IN,"US$6,291,924.14","223,510"
BEZQ,Bezeq The Israeli Telecommunication Corp Ltd,0.0086,Telecommunications,IL,"US$6,285,649.25","2,199,938"
AC*,Arca Continental SAB de CV,0.0086,Consumer Staples,MX,"US$6,286,157.68","484,200"
CGPOWER,CG Power & Industrial Solutions Ltd,0.0086,Industrials,IN,"US$6,280,428.12","650,325"
MKS,Marks & Spencer Group PLC,0.0086,Consumer Staples,GB,"US$6,256,085.28","1,304,070"
1093,CSPC Pharmaceutical Group Ltd,0.0086,Health Care,HK,"US$6,247,390.72","6,528,440"
NEST,Nestle India Ltd,0.0085,Consumer Staples,IN,"US$6,244,993.65","417,358"
EQTL3,Equatorial SA,0.0085,Utilities,BR,"US$6,240,021.17","818,762"
BKT,Bankinter SA,0.0085,Financials,ES,"US$6,236,256.92","369,448"
2449,King Yuan Electronics Co Ltd,0.0085,Technology,TW,"US$6,197,618.55","591,000"
3003,Hulic Co Ltd,0.0085,Real Estate,JP,"US$6,188,985.58","579,885"
ANDR,ANDRITZ AG,0.0085,Industrials,AT,"US$6,193,427.85","67,956"
IAG,iA Financial Corp Inc,0.0085,Financials,CA,"US$6,183,712.24","49,560"
SKAB,Skanska AB,0.0084,Industrials,SE,"US$6,167,380.54","227,416"
APHS,Apollo Hospitals Enterprise Ltd,0.0084,Health Care,IN,"US$6,161,552.19","71,589"
REM,Remgro Ltd,0.0084,Financials,ZA,"US$6,162,410.51","523,889"
2395,Advantech Co Ltd,0.0084,Technology,TW,"US$6,162,252.64","389,971"
27,Galaxy Entertainment Group Ltd,0.0084,Consumer Discretionary,HK,"US$6,166,172.46","1,543,000"
047810,Korea Aerospace Industries Ltd,0.0084,Industrials,KR,"US$6,138,873.72","54,969"
SOBI,Swedish Orphan Biovitrum AB,0.0084,Health Care,SE,"US$6,126,840.06","127,930"
4911,Shiseido Co Ltd,0.0084,Consumer Discretionary,JP,"US$6,110,396.70","346,100"
ONGC,Oil & Natural Gas Corp Ltd,0.0083,Energy,IN,"US$6,096,419.59","2,182,215"
BCP,Banco Comercial Portugues SA,0.0083,Financials,PT,"US$6,092,058.47","5,368,672"
6586,Makita Corp,0.0083,Industrials,JP,"US$6,087,087.13","175,100"
4684,Obic Co Ltd,0.0083,Technology,JP,"US$6,079,096.68","242,600"
TEL,Telenor ASA,0.0083,Telecommunications,NO,"US$6,075,004.69","371,303"
SOL,Washington H Soul Pattinson & Co Ltd,0.0083,Energy,AU,"US$6,062,314.07","193,695"
2356,Inventec Corp,0.0083,Technology,TW,"US$6,057,384.56","2,703,000"
3661,Alchip Technologies Ltd,0.0083,Technology,TW,"US$6,060,398.08","43,000"
ASRNL,ASR Nederland NV,0.0083,Financials,NL,"US$6,051,113.17","80,644"
MOWI,Mowi ASA,0.0083,Consumer Staples,NO,"US$6,054,593.30","274,095"
ALE,Allegro.eu SA,0.0082,Consumer Discretionary,PL,"US$6,016,222.53","626,767"
3436,SUMCO Corp,0.0082,Technology,JP,"US$6,010,946.16","239,580"
FRES,Fresnillo PLC,0.0082,Basic Materials,GB,"US$6,000,857.44","135,479"
PZU,Powszechny Zaklad Ubezpieczen SA,0.0082,Financials,PL,"US$5,995,025.13","337,155"
GIL,Gildan Activewear Inc,0.0082,Consumer Discretionary,CA,"US$5,986,033.39","98,039"
ELI,Elia Group SA/NV,0.0082,Utilities,BE,"US$5,981,845.70","38,455"
FB,Federal Bank Ltd,0.0082,Financials,IN,"US$5,975,723.24","1,964,678"
ALDAR,Aldar Properties PJSC,0.0082,Real Estate,AE,"US$5,972,582.65","2,812,359"
7701,Shimadzu Corp,0.0082,Industrials,JP,"US$5,966,392.36","251,600"
035720,Kakao Corp,0.0081,Technology,KR,"US$5,957,902.12","214,030"
8593,Mitsubishi HC Capital Inc,0.0081,Financials,JP,"US$5,957,598.06","728,690"
PSON,Pearson PLC,0.0081,Consumer Discretionary,GB,"US$5,947,820.87","396,807"
8113,Unicharm Corp,0.0081,Consumer Staples,JP,"US$5,948,660.97","998,700"
LPC,Lupin Ltd,0.0081,Health Care,IN,"US$5,939,917.90","248,839"
ALD,Ampol Ltd,0.0081,Energy,AU,"US$5,938,014.71","245,917"
5411,JFE Holdings Inc,0.0081,Basic Materials,JP,"US$5,935,032.35","555,600"
INDUSTOW,Indus Towers Ltd,0.0081,Telecommunications,IN,"US$5,928,918.85","1,274,171"
4528,Ono Pharmaceutical Co Ltd,0.0081,Health Care,JP,"US$5,926,017.65","394,300"
SCAB,Svenska Cellulosa AB SCA,0.0081,Basic Materials,SE,"US$5,912,520.19","536,265"
9021,West Japan Railway Co,0.0081,Industrials,JP,"US$5,917,798.86","358,400"
788,China Tower Corp Ltd,0.0081,Telecommunications,HK,"US$5,905,854.17","4,665,982"
3044,Tripod Technology Corp,0.0081,Technology,TW,"US$5,904,295.22","355,000"
RIBL,Riyad Bank,0.0081,Financials,SA,"US$5,893,061.89","1,098,029"
HEIO,Heineken Holding NV,0.008,Consumer Staples,NL,"US$5,875,819.07","81,344"
TMCV,Tata Motors Ltd /new,0.008,Industrials,IN,"US$5,877,424.36","1,471,292"
071050,Korea Investment Holdings Co Ltd,0.008,Financials,KR,"US$5,873,672.86","37,270"
AUBANK,AU Small Finance Bank Ltd,0.008,Financials,IN,"US$5,856,321.86","564,995"
UNI,Unipol Gruppo SpA,0.008,Financials,IT,"US$5,850,714.67","236,049"
INDIGO,InterGlobe Aviation Ltd,0.008,Consumer Discretionary,IN,"US$5,850,860.11","126,182"
VMS,Venture Corp Ltd,0.008,Technology,SG,"US$5,850,158.78","414,500"
CHC,Charter Hall Group,0.008,Real Estate,AU,"US$5,813,704.36","396,477"
9697,Capcom Co Ltd,0.0079,Consumer Discretionary,JP,"US$5,799,344.18","306,100"
RENT3,Localiza Rent a Car SA,0.0079,Consumer Discretionary,BR,"US$5,798,630.41","698,016"
BSL,BlueScope Steel Ltd,0.0079,Basic Materials,AU,"US$5,784,486.43","253,455"
000720,Hyundai Engineering & Construction Co Ltd,0.0079,Industrials,KR,"US$5,775,334.44","59,207"
522,ASMPT Ltd,0.0079,Technology,HK,"US$5,765,567.92","232,923"
GBLB,Groupe Bruxelles Lambert NV,0.0079,Financials,BE,"US$5,770,393.43","61,123"
BLND,British Land Co PLC/The,0.0079,Real Estate,GB,"US$5,759,752.10","1,054,534"
BSE,BSE Ltd,0.0079,Financials,IN,"US$5,762,249.78","132,031"
NED,Nedbank Group Ltd,0.0079,Financials,ZA,"US$5,756,522.66","359,549"
CLAR,CapitaLand Ascendas REIT,0.0079,Real Estate,SG,"US$5,756,262.99","2,936,500"
INDUC,Industrivarden AB,0.0079,Financials,SE,"US$5,747,486.88","104,836"
TLKM,Telkom Indonesia Persero Tbk PT,0.0079,Telecommunications,ID,"US$5,744,690.10","33,880,400"
IFT,Infratil Ltd,0.0079,Financials,NZ,"US$5,748,519.00","609,243"
9901,New Oriental Education & Technology Group Inc,0.0078,Consumer Discretionary,HK,"US$5,729,022.28","1,232,180"
WN,George Weston Ltd,0.0078,Consumer Staples,CA,"US$5,733,804.32","81,783"
9926,Akeso Inc,0.0078,Health Care,HK,"US$5,726,133.67","380,000"
300,Midea Group Co Ltd,0.0078,Consumer Discretionary,HK,"US$5,708,610.35","521,757"
267250,HD Hyundai Co Ltd,0.0078,Energy,KR,"US$5,700,258.79","30,956"
GPT,GPT Group/The,0.0078,Real Estate,AU,"US$5,690,044.72","1,630,584"
CAR,CAR Group Ltd,0.0078,Technology,AU,"US$5,684,542.36","318,063"
4612,Nippon Paint Holdings Co Ltd,0.0078,Industrials,JP,"US$5,686,079.15","856,760"
688041,Hygon Information Technology Co Ltd,0.0078,Technology,CN,"US$5,689,831.32","130,900"
ORNBV,Orion Oyj,0.0078,Health Care,FI,"US$5,673,708.47","67,905"
ALMARAI,Almarai Co JSC,0.0078,Consumer Staples,SA,"US$5,675,941.19","462,029"
2688,ENN Energy Holdings Ltd,0.0077,Utilities,HK,"US$5,655,034.83","807,300"
SKFB,SKF AB,0.0077,Basic Materials,SE,"US$5,661,260.89","215,199"
3289,Tokyu Fudosan Holdings Corp,0.0077,Real Estate,JP,"US$5,655,816.32","682,600"
REC,Recordati Industria Chimica e Farmaceutica SpA,0.0077,Health Care,IT,"US$5,647,462.02","93,971"
BEAN,Belimo Holding AG,0.0077,Industrials,CH,"US$5,647,753.25","5,336"
JARIR,Jarir Marketing Co,0.0077,Consumer Discretionary,SA,"US$5,647,009.82","1,343,752"
IQCD,Industries Qatar QSC,0.0077,Basic Materials,QA,"US$5,630,994.73","1,666,866"
MIN,Mineral Resources Ltd,0.0077,Basic Materials,AU,"US$5,632,198.52","106,546"
CLIS,Clal Insurance Enterprises Holdings Ltd,0.0077,Financials,IL,"US$5,629,115.27","55,704"
4938,Pegatron Corp,0.0077,Technology,TW,"US$5,619,271.84","1,989,000"
RDOR3,Rede D'Or Sao Luiz SA,0.0077,Health Care,BR,"US$5,599,478.66","832,548"
SULAIMAN,Dr Sulaiman Al Habib Medical Services Group Co,0.0077,Health Care,SA,"US$5,597,992.80","96,451"
6690,Haier Smart Home Co Ltd,0.0076,Consumer Discretionary,HK,"US$5,577,653.30","2,219,000"
TPRO,Technoprobe SpA,0.0076,Technology,IT,"US$5,576,395.74","148,681"
6856,Horiba Ltd,0.0076,Industrials,JP,"US$5,576,713.36","33,800"
RBI,Raiffeisen Bank International AG,0.0076,Financials,AT,"US$5,574,619.79","96,663"
4042,Tosoh Corp,0.0076,Basic Materials,JP,"US$5,546,987.88","321,100"
SHOP,Shopify Inc,0.0076,Technology,US,"US$5,547,080.88","46,728"
YAR,Yara International ASA,0.0076,Basic Materials,NO,"US$5,549,735.58","101,935"
6976,Taiyo Yuden Co Ltd,0.0076,Technology,JP,"US$5,546,667.50","59,600"
COLOB,Coloplast A/S,0.0076,Health Care,DK,"US$5,543,536.12","89,698"
SHL,Sonic Healthcare Ltd,0.0076,Health Care,AU,"US$5,537,758.99","394,297"
RXL,Rexel SA,0.0076,Industrials,FR,"US$5,535,794.97","128,873"
FIBRAPL,Prologis Property Mexico SA de CV,0.0076,Real Estate,MX,"US$5,534,863.26","1,151,389"
BVT,Bidvest Group Ltd,0.0076,Industrials,ZA,"US$5,534,836.42","383,524"
X,TMX Group Ltd,0.0076,Financials,CA,"US$5,529,423.35","147,646"
EFN,Element Fleet Management Corp,0.0076,Industrials,CA,"US$5,524,310.62","277,030"
MICC,Magnum Ice Cream Co NV/The,0.0076,Consumer Staples,NL,"US$5,517,764.43","340,268"
KTB/F,Krung Thai Bank PCL,0.0075,Financials,TH,"US$5,509,281.76","5,159,700"
1519,J&T Global Express Ltd,0.0075,Industrials,HK,"US$5,510,588.21","4,782,800"
GAM,Gamuda Bhd,0.0075,Industrials,MY,"US$5,501,841.11","5,194,000"
JIOFIN,Jio Financial Services Ltd,0.0075,Financials,IN,"US$5,507,503.21","2,189,633"
ACKB,Ackermans & van Haaren NV,0.0075,Industrials,BE,"US$5,497,311.85","17,332"
2059,King Slide Works Co Ltd,0.0075,Basic Materials,TW,"US$5,497,438.19","34,000"
ORI,Orica Ltd,0.0075,Basic Materials,AU,"US$5,489,054.43","333,289"
4523,Eisai Co Ltd,0.0075,Health Care,JP,"US$5,493,360.14","219,500"
MEL,Meridian Energy Ltd,0.0075,Utilities,NZ,"US$5,472,188.22","1,557,090"
TNE,Technology One Ltd,0.0075,Technology,AU,"US$5,476,472.16","255,077"
TLX,Talanx AG,0.0075,Financials,DE,"US$5,471,675.59","45,523"
KESKOB,Kesko Oyj,0.0075,Consumer Staples,FI,"US$5,463,373.65","225,301"
SOL,Sasol Ltd,0.0075,Basic Materials,ZA,"US$5,464,365.30","439,513"
7912,Dai Nippon Printing Co Ltd,0.0075,Industrials,JP,"US$5,456,069.79","313,500"
600900,China Yangtze Power Co Ltd,0.0075,Utilities,CN,"US$5,445,286.74","1,326,776"
PTTEP/F,PTT Exploration & Production PCL,0.0075,Energy,TH,"US$5,444,495.65","1,252,234"
WIL,Wilmar International Ltd,0.0074,Consumer Staples,SG,"US$5,429,413.71","1,928,803"
4732,USS Co Ltd,0.0074,Consumer Discretionary,JP,"US$5,421,874.80","491,100"
EDEN,Edenred SE,0.0074,Industrials,FR,"US$5,423,218.11","199,115"
CIPLA,Cipla Ltd/India,0.0074,Health Care,IN,"US$5,423,713.42","367,775"
CHILE,Banco de Chile,0.0074,Financials,CL,"US$5,422,559.53","28,783,131"
SFR,Sandfire Resources Ltd,0.0074,Basic Materials,AU,"US$5,422,388.99","383,919"
SSW,Sibanye Stillwater Ltd,0.0074,Basic Materials,ZA,"US$5,406,193.03","1,794,136"
XRO,Xero Ltd,0.0074,Technology,AU,"US$5,409,400.52","100,017"
LHA,Deutsche Lufthansa AG,0.0074,Consumer Discretionary,DE,"US$5,413,310.84","540,659"
003550,LG Corp,0.0074,Industrials,KR,"US$5,410,678.17","55,620"
FORH,Fortis Healthcare Ltd,0.0074,Health Care,IN,"US$5,394,685.43","551,990"
MRO,Melrose Industries PLC,0.0074,Industrials,GB,"US$5,392,318.99","849,880"
QIA,QIAGEN NV,0.0074,Health Care,DE,"US$5,398,302.07","146,184"
HEN,Henkel AG & Co KGaA,0.0074,Basic Materials,DE,"US$5,397,684.54","74,245"
AIA,Auckland International Airport Ltd,0.0074,Industrials,NZ,"US$5,384,680.74","1,087,540"
NXT,NEXTDC Ltd,0.0074,Technology,AU,"US$5,390,887.78","491,637"
2324,Compal Electronics Inc,0.0074,Technology,TW,"US$5,379,847.09","4,592,000"
TLC,Lottery Corp Ltd/The,0.0074,Consumer Discretionary,AU,"US$5,383,030.27","1,380,374"
FHZN,Flughafen Zurich AG,0.0073,Industrials,CH,"US$5,369,088.12","17,701"
IH,Indian Hotels Co Ltd/The,0.0073,Consumer Discretionary,IN,"US$5,367,170.87","779,337"
ADNOCGAS,Adnoc Gas PLC,0.0073,Energy,AE,"US$5,359,204.92","5,738,646"
HDFCLIFE,HDFC Life Insurance Co Ltd,0.0073,Financials,IN,"US$5,359,655.15","856,031"
7752,Ricoh Co Ltd,0.0073,Technology,JP,"US$5,354,277.28","584,400"
STJ,St James's Place PLC,0.0073,Financials,GB,"US$5,337,821.02","327,269"
IMCD,IMCD NV,0.0073,Basic Materials,NL,"US$5,313,895.76","51,547"
KEY,Keyera Corp,0.0073,Energy,CA,"US$5,311,647.61","127,943"
ICG,ICG PLC,0.0073,Financials,GB,"US$5,307,833.81","210,911"
ANA,Acciona SA,0.0073,Industrials,ES,"US$5,307,035.98","18,427"
DMART,Avenue Supermarts Ltd,0.0073,Consumer Staples,IN,"US$5,301,493.48","124,218"
GAPB,Grupo Aeroportuario del Pacifico SAB de CV,0.0072,Industrials,MX,"US$5,291,386.60","224,720"
MRCO,Marico Ltd,0.0072,Consumer Staples,IN,"US$5,291,453.92","611,766"
PIDI,Pidilite Industries Ltd,0.0072,Basic Materials,IN,"US$5,295,359.75","339,263"
SLM,Sanlam Ltd,0.0072,Financials,ZA,"US$5,288,979.03","998,782"
BMED,Banca Mediolanum SpA,0.0072,Financials,IT,"US$5,281,073.06","228,447"
278470,APR Corp/Korea,0.0072,Consumer Discretionary,KR,"US$5,274,558.06","20,098"
079550,LIG Defense&Aerospace Co Ltd,0.0072,Industrials,KR,"US$5,260,449.24","9,897"
PTG,Petronas Gas Bhd,0.0072,Utilities,MY,"US$5,266,713.75","1,221,200"
CPALL/F,CP ALL PCL,0.0072,Consumer Staples,TH,"US$5,254,049.01","3,618,900"
WEIR,Weir Group PLC,0.0072,Industrials,GB,"US$5,250,147.20","159,236"
TRP,Torrent Pharmaceuticals Ltd,0.0072,Health Care,IN,"US$5,249,687.73","113,068"
BNR,Brenntag SE,0.0072,Basic Materials,DE,"US$5,250,636.82","79,580"
FSV,FirstService Corp,0.0072,Real Estate,CA,"US$5,245,477.51","39,097"
4021,Nissan Chemical Corp,0.0072,Basic Materials,JP,"US$5,240,592.37","111,100"
TLV,Banca Transilvania SA,0.0072,Financials,RO,"US$5,244,053.18","627,530"
TRELB,Trelleborg AB,0.0072,Industrials,SE,"US$5,244,538.60","120,040"
BNZL,Bunzl PLC,0.0072,Industrials,GB,"US$5,233,573.38","164,937"
BHFC,Bharat Forge Ltd,0.0072,Basic Materials,IN,"US$5,229,741.41","253,845"
WISE,Wise Group PLC,0.0071,Industrials,GB,"US$5,217,461.52","414,418"
1301,Formosa Plastics Corp,0.0071,Industrials,TW,"US$5,220,885.99","3,446,720"
TMPV,Tata Motors Passenger Vehicles Limited,0.0071,Consumer Discretionary,IN,"US$5,174,535.76","1,247,984"
4186,Tokyo Ohka Kogyo Co Ltd,0.0071,Basic Materials,JP,"US$5,173,365.16","74,800"
2801,Chang Hwa Commercial Bank Ltd,0.0071,Financials,TW,"US$5,173,903.28","8,003,709"
UOL,UOL Group Ltd,0.0071,Real Estate,SG,"US$5,165,131.14","649,000"
SAP,Saputo Inc,0.0071,Consumer Staples,CA,"US$5,168,731.15","168,565"
BSF,Banque Saudi Fransi,0.0071,Financials,SA,"US$5,163,616.54","1,012,911"
PPC,Public Power Corp SA,0.007,Utilities,GR,"US$5,153,810.97","204,846"
NXSN,Next Vision Stabilized Systems Ltd,0.007,Industrials,IL,"US$5,153,221.92","48,156"
MOL,MOL Hungarian Oil & Gas PLC,0.007,Energy,HU,"US$5,153,727.95","405,716"
5019,Idemitsu Kosan Co Ltd,0.007,Energy,JP,"US$5,147,101.99","585,890"
JBH,JB Hi-Fi Ltd,0.007,Consumer Discretionary,AU,"US$5,143,565.02","95,970"
BHEL,Bharat Heavy Electricals Ltd,0.007,Industrials,IN,"US$5,141,221.02","1,171,964"
2768,Sojitz Corp,0.007,Industrials,JP,"US$5,138,704.32","151,740"
PNDORA,Pandora A/S,0.007,Consumer Discretionary,DK,"US$5,142,701.15","54,801"
ZAL,Zalando SE,0.007,Consumer Discretionary,DE,"US$5,140,796.01","189,151"
CLI,CapitaLand Investment Ltd/Singapore,0.007,Real Estate,SG,"US$5,140,744.11","2,581,200"
SHP,Shoprite Holdings Ltd,0.007,Consumer Staples,ZA,"US$5,129,699.77","291,127"
7272,Yamaha Motor Co Ltd,0.007,Consumer Discretionary,JP,"US$5,132,327.41","623,200"
CRDA,Croda International PLC,0.007,Basic Materials,GB,"US$5,114,507.79","124,771"
247540,Ecopro BM Co Ltd,0.007,Industrials,KR,"US$5,107,779.69","35,472"
ORK,Orkla ASA,0.007,Consumer Staples,NO,"US$5,099,799.59","482,311"
STN,Stantec Inc,0.007,Industrials,CA,"US$5,099,418.50","67,435"
THYAO,Turk Hava Yollari AO,0.0069,Consumer Discretionary,TR,"US$5,071,593.24","784,311"
TRENT,Trent Ltd,0.0069,Consumer Discretionary,IN,"US$5,072,668.29","114,087"
SGH,Seven Group Holdings Ltd,0.0069,Industrials,AU,"US$5,067,479.55","170,948"
BEIJB,Beijer Ref AB,0.0069,Industrials,SE,"US$5,063,322.07","363,255"
PSYS,Persistent Systems Ltd,0.0069,Technology,IN,"US$5,060,615.12","92,555"
ADIB,Abu Dhabi Islamic Bank PJSC,0.0069,Financials,AE,"US$5,053,263.76","907,130"
8951,Nippon Building Fund Inc,0.0069,Real Estate,JP,"US$5,045,100.82","6,304"
PFCIBEST,Grupo Cibest SA,0.0069,Financials,CO,"US$5,030,854.73","297,287"
042700,Hanmi Semiconductor Co Ltd,0.0069,Technology,KR,"US$5,030,902.46","26,885"
2834,Taiwan Business Bank,0.0069,Financials,TW,"US$5,028,617.50","9,693,782"
GULF/F,Gulf Development PCL,0.0069,Utilities,TH,"US$5,014,673.16","2,632,299"
INDT,Indutrade AB,0.0069,Industrials,SE,"US$5,015,104.22","239,306"
NPH,Northam Platinum Holdings Ltd,0.0069,Basic Materials,ZA,"US$5,016,398.25","257,426"
006800,Mirae Asset Securities Co Ltd,0.0069,Financials,KR,"US$5,007,216.85","122,897"
8354,Fukuoka Financial Group Inc,0.0069,Financials,JP,"US$5,007,912.56","121,600"
8359,Hachijuni Nagano Bank Ltd,0.0068,Financials,JP,"US$4,999,049.88","342,500"
FME,Fresenius Medical Care AG,0.0068,Health Care,DE,"US$4,983,882.81","114,839"
6471,NSK Ltd,0.0068,Consumer Discretionary,JP,"US$4,965,714.55","632,900"
GET,Getlink SE,0.0068,Industrials,FR,"US$4,953,848.96","226,286"
ACEM,Ambuja Cements Ltd,0.0068,Industrials,IN,"US$4,955,535.68","1,051,191"
6473,JTEKT Corp,0.0068,Consumer Discretionary,JP,"US$4,948,641.25","363,700"
BID,Bid Corp Ltd,0.0068,Consumer Staples,ZA,"US$4,932,236.33","196,304"
LI,Klepierre SA,0.0067,Real Estate,FR,"US$4,926,262.89","120,545"
RNO,Renault SA,0.0067,Consumer Discretionary,FR,"US$4,909,275.32","142,174"
600030,CITIC Securities Co Ltd,0.0067,Financials,CN,"US$4,909,872.81","1,274,390"
POLICYBZ,PB Fintech Ltd,0.0067,Financials,IN,"US$4,910,278.82","273,995"
SIGN,SIG Group AG,0.0067,Industrials,CH,"US$4,904,973.19","317,260"
UHR,Swatch Group AG/The,0.0067,Consumer Discretionary,CH,"US$4,896,493.50","17,696"
016360,Samsung Securities Co Ltd,0.0067,Financials,KR,"US$4,897,331.79","61,605"
SCI,Sembcorp Industries Ltd,0.0067,Utilities,SG,"US$4,900,160.74","978,000"
KBANK/F,Kasikornbank PCL,0.0067,Financials,TH,"US$4,895,148.26","792,600"
4958,Zhen Ding Technology Holding Ltd,0.0067,Technology,TW,"US$4,882,763.24","297,000"
SECUB,Securitas AB,0.0066,Industrials,SE,"US$4,864,708.76","291,291"
5876,Shanghai Commercial & Savings Bank Ltd/The,0.0066,Financials,TW,"US$4,851,346.30","3,823,166"
5332,TOTO Ltd,0.0066,Industrials,JP,"US$4,852,106.29","100,600"
5844,Kyoto Financial Group Inc,0.0066,Financials,JP,"US$4,843,994.60","174,500"
2002,China Steel Corp,0.0066,Basic Materials,TW,"US$4,837,565.30","7,933,987"
688,China Overseas Land & Investment Ltd,0.0066,Real Estate,HK,"US$4,840,019.65","2,428,500"
TRYG,Tryg A/S,0.0066,Financials,DK,"US$4,842,233.37","205,644"
1101,TCC Group Holdings Co Ltd,0.0066,Industrials,TW,"US$4,830,639.18","6,201,729"
BEI,Beiersdorf AG,0.0066,Consumer Staples,DE,"US$4,820,525.86","59,712"
4755,Rakuten Group Inc,0.0066,Technology,JP,"US$4,802,149.70","1,025,700"
ADP,Aeroports de Paris SA,0.0066,Industrials,FR,"US$4,804,064.67","35,798"
BIMBOA,Grupo Bimbo SAB de CV,0.0066,Consumer Staples,MX,"US$4,801,098.67","1,394,800"
GJF,Gjensidige Forsikring ASA,0.0066,Financials,NO,"US$4,801,581.95","173,624"
998,China CITIC Bank Corp Ltd,0.0066,Financials,HK,"US$4,804,252.69","5,165,000"
BJAUT,Bajaj Auto Ltd,0.0066,Consumer Discretionary,IN,"US$4,797,066.11","43,568"
CPN/F,Central Pattana PCL,0.0066,Real Estate,TH,"US$4,790,975.57","2,417,400"
2353,Acer Inc,0.0065,Technology,TW,"US$4,777,630.70","4,251,752"
RED,Redeia Corp SA,0.0065,Utilities,ES,"US$4,783,162.47","278,266"
HAG,Hensoldt AG,0.0065,Industrials,DE,"US$4,761,010.80","46,142"
GFL,GFL Environmental Inc,0.0065,Utilities,CA,"US$4,733,393.18","140,953"
688256,Cambricon Technologies Corp Ltd,0.0065,Technology,CN,"US$4,724,869.67","24,387"
2379,Realtek Semiconductor Corp,0.0065,Technology,TW,"US$4,721,948.57","255,030"
SPIE,SPIE SA,0.0065,Industrials,FR,"US$4,717,012.30","82,662"
HMB,H & M Hennes & Mauritz AB,0.0064,Consumer Discretionary,SE,"US$4,699,064.31","264,317"
FALAB,Falabella SA,0.0064,Consumer Discretionary,CL,"US$4,700,337.55","733,867"
IVN,Ivanhoe Mines Ltd,0.0064,Basic Materials,CA,"US$4,695,569.53","529,761"
CON,Continental AG,0.0064,Consumer Discretionary,DE,"US$4,684,636.86","56,256"
CAE,CAE Inc,0.0064,Industrials,CA,"US$4,685,492.95","180,849"
UNITDSPR,United Spirits Ltd,0.0064,Consumer Staples,IN,"US$4,676,982.21","349,853"
DCC,DCC PLC,0.0064,Industrials,GB,"US$4,670,896.30","57,705"
6645,Omron Corp,0.0064,Industrials,JP,"US$4,669,097.31","129,400"
4182,Mitsubishi Gas Chemical Co Inc,0.0064,Basic Materials,JP,"US$4,671,050.32","134,100"
VCX,Vicinity Ltd,0.0064,Real Estate,AU,"US$4,662,991.62","2,561,612"
601318,Ping An Insurance Group Co of China Ltd,0.0064,Financials,CN,"US$4,654,213.96","588,210"
1336,New China Life Insurance Co Ltd,0.0064,Financials,HK,"US$4,653,449.81","752,599"
LNW,Light & Wonder Inc,0.0064,Consumer Discretionary,AU,"US$4,647,013.35","55,330"
1177,Sino Biopharmaceutical Ltd,0.0064,Health Care,HK,"US$4,650,548.33","7,304,250"
EEC,Etihad Etisalat Co,0.0064,Telecommunications,SA,"US$4,639,820.50","273,764"
SABB,Saudi Awwal Bank,0.0064,Financials,SA,"US$4,645,024.39","510,871"
3231,Nomura Real Estate Holdings Inc,0.0064,Real Estate,JP,"US$4,639,137.13","811,900"
IPN,Ipsen SA,0.0063,Health Care,FR,"US$4,638,052.03","25,380"
2801,Kikkoman Corp,0.0063,Consumer Staples,JP,"US$4,629,915.82","529,100"
GGBR4,Gerdau SA,0.0063,Basic Materials,BR,"US$4,611,638.50","1,024,444"
DIVI,Divi's Laboratories Ltd,0.0063,Health Care,IN,"US$4,607,879.51","65,659"
3993,CMOC Group Ltd,0.0063,Basic Materials,HK,"US$4,603,599.41","1,977,000"
BSAN,Banco Santander Chile,0.0063,Financials,CL,"US$4,590,509.22","58,361,439"
002236,Zhejiang Dahua Technology Co Ltd,0.0063,Technology,CN,"US$4,583,826.44","1,856,999"
PPH,Pepkor Holdings Ltd,0.0063,Consumer Discretionary,ZA,"US$4,585,140.30","3,426,710"
6446,PharmaEssentia Corp,0.0063,Health Care,TW,"US$4,579,505.20","154,253"
DLFU,DLF Ltd,0.0062,Real Estate,IN,"US$4,564,641.71","734,238"
3034,Novatek Microelectronics Corp,0.0062,Technology,TW,"US$4,552,936.11","299,000"
6618,JD Health International Inc,0.0062,Consumer Staples,HK,"US$4,550,748.36","928,803"
ADDTB,AddTech AB,0.0062,Industrials,SE,"US$4,541,943.76","127,313"
CIBEST,Grupo Cibest SA,0.0062,Financials,CO,"US$4,531,933.67","218,472"
002594,BYD Co Ltd,0.0062,Consumer Discretionary,CN,"US$4,523,473.52","318,000"
SSABB,SSAB AB,0.0062,Basic Materials,SE,"US$4,524,602.53","438,924"
9005,Tokyu Corp,0.0062,Consumer Discretionary,JP,"US$4,509,400.72","449,500"
4204,Sekisui Chemical Co Ltd,0.0062,Consumer Discretionary,JP,"US$4,511,768.96","313,500"
DIE,D'ieteren Group,0.0062,Consumer Discretionary,BE,"US$4,500,942.65","22,503"
LTM,Latam Airlines Group SA,0.0061,Consumer Discretionary,CL,"US$4,491,012.72","165,840,428"
AZJ,Aurizon Holdings Ltd,0.0061,Industrials,AU,"US$4,480,502.46","1,486,216"
BDMS/F,Bangkok Dusit Medical Services PCL,0.0061,Health Care,TH,"US$4,477,104.93","8,005,900"
8729,Sony Financial Group Inc,0.0061,Financials,JP,"US$4,476,323.89","5,089,900"
CTEC,Convatec Group PLC,0.0061,Health Care,GB,"US$4,475,159.30","1,641,926"
STERV,Stora Enso Oyj,0.0061,Basic Materials,FI,"US$4,472,229.12","381,524"
9843,Nitori Holdings Co Ltd,0.0061,Consumer Discretionary,JP,"US$4,447,781.90","270,400"
SUEL,Suzlon Energy Ltd,0.0061,Energy,IN,"US$4,447,265.64","7,413,410"
YMM,Full Truck Alliance Co Ltd,0.0061,Industrials,US,"US$4,433,955.12","502,716"
APA,APA Group,0.0061,Energy,AU,"US$4,435,121.41","611,525"
AZRG,Azrieli Group Ltd,0.0061,Real Estate,IL,"US$4,424,165.05","26,485"
BRBY,Burberry Group PLC,0.006,Consumer Discretionary,GB,"US$4,408,945.53","277,426"
SCB/F,SCB X PCL,0.006,Financials,TH,"US$4,408,392.99","1,066,700"
9501,Tokyo Electric Power Co Holdings Inc,0.006,Utilities,JP,"US$4,408,980.65","1,242,900"
AOT/F,Airports of Thailand PCL,0.006,Industrials,TH,"US$4,388,423.72","2,585,000"
GAIL,GAIL India Ltd,0.006,Energy,IN,"US$4,377,010.21","2,527,603"
BCE,BCE Inc,0.006,Telecommunications,CA,"US$4,380,656.57","173,507"
LUG,Lundin Gold Inc,0.006,Basic Materials,CA,"US$4,381,621.43","65,572"
5333,NGK Corp,0.006,Industrials,JP,"US$4,368,312.08","110,100"
SBILIFE,SBI Life Insurance Co Ltd,0.006,Financials,IN,"US$4,362,303.42","226,446"
MGR,Mirvac Group,0.006,Real Estate,AU,"US$4,365,848.40","3,590,469"
RAA,Rational AG,0.006,Consumer Discretionary,DE,"US$4,353,422.43","5,661"
SDG,SD Guthrie Bhd,0.006,Consumer Staples,MY,"US$4,348,341.74","2,967,500"
MAXHEALT,Max Healthcare Institute Ltd,0.0059,Health Care,IN,"US$4,341,761.40","427,383"
601995,China International Capital Corp Ltd,0.0059,Financials,CN,"US$4,343,282.73","869,100"
MOTV3,Motiva Infraestrutura de Mobilidade SA,0.0059,Industrials,BR,"US$4,335,029.84","1,554,036"
JMT,Jeronimo Martins SGPS SA,0.0059,Consumer Staples,PT,"US$4,318,933.60","203,802"
SPX,Spirax Group PLC,0.0059,Industrials,GB,"US$4,323,297.21","46,049"
600600,Tsingtao Brewery Co Ltd,0.0059,Consumer Staples,CN,"US$4,315,576.41","477,258"
600999,China Merchants Securities Co Ltd,0.0059,Financials,CN,"US$4,302,623.99","1,712,300"
1590,Airtac International Group,0.0059,Industrials,TW,"US$4,299,685.56","96,207"
IHH,IHH Healthcare Bhd,0.0059,Health Care,MY,"US$4,287,987.39","1,887,000"
RYA,Ryanair Holdings PLC,0.0059,Consumer Discretionary,IE,"US$4,288,378.30","146,234"
1339,People's Insurance Co Group of China Ltd/The,0.0059,Financials,HK,"US$4,283,509.84","6,481,000"
2319,China Mengniu Dairy Co Ltd,0.0059,Consumer Staples,HK,"US$4,276,015.17","1,975,993"
603993,CMOC Group Ltd,0.0059,Basic Materials,CN,"US$4,279,108.92","1,563,100"
8953,Japan Metropolitan Fund Invest,0.0058,Real Estate,JP,"US$4,265,657.39","6,036"
ASURB,Grupo Aeroportuario del Sureste SAB de CV,0.0058,Industrials,MX,"US$4,238,472.52","143,000"
ELISA,Elisa Oyj,0.0058,Telecommunications,FI,"US$4,239,185.36","88,344"
4091,Nippon Sanso Holdings Corp,0.0058,Basic Materials,JP,"US$4,234,286.07","109,000"
TATACONS,Tata Consumer Products Ltd,0.0058,Consumer Staples,IN,"US$4,235,740.19","341,476"
2POINTZE,Two Point Zero Group PJSC,0.0058,Financials,AE,"US$4,234,949.88","7,302,505"
000725,BOE Technology Group Co Ltd,0.0058,Technology,CN,"US$4,225,955.53","5,591,700"
018260,Samsung SDS Co Ltd,0.0058,Technology,KR,"US$4,225,879.89","21,299"
RADL3,Raia Drogasil SA,0.0058,Consumer Staples,BR,"US$4,225,021.89","1,143,446"
2331,Li Ning Co Ltd,0.0058,Consumer Discretionary,HK,"US$4,225,941.82","1,819,802"
GVTD,GE Vernova T&D India Ltd,0.0058,Industrials,IN,"US$4,216,269.83","77,797"
300502,Eoptolink Technology Inc Ltd,0.0058,Telecommunications,CN,"US$4,210,625.68","40,300"
3861,Oji Holdings Corp,0.0058,Basic Materials,JP,"US$4,212,450.91","857,300"
1326,Formosa Chemicals & Fibre Corp,0.0058,Basic Materials,TW,"US$4,209,437.87","2,642,540"
PAYTM,One 97 Communications Ltd,0.0058,Industrials,IN,"US$4,213,459.68","357,775"
LPP,LPP SA,0.0058,Consumer Discretionary,PL,"US$4,208,266.61",675
TVSL,TVS Motor Co Ltd,0.0058,Consumer Discretionary,IN,"US$4,206,599.55","119,089"
2404,United Integrated Services Co Ltd,0.0058,Industrials,TW,"US$4,203,284.86","114,000"
1963,JGC Holdings Corp,0.0057,Industrials,JP,"US$4,187,276.52","244,300"
CMIG4,Cia Energetica de Minas Gerais,0.0057,Utilities,BR,"US$4,189,226.95","1,969,326"
BARN,Barry Callebaut AG,0.0057,Consumer Staples,CH,"US$4,186,289.11","2,719"
ABF,Associated British Foods PLC,0.0057,Consumer Staples,GB,"US$4,191,030.28","170,647"
EMSN,EMS-Chemie Holding AG,0.0057,Basic Materials,CH,"US$4,182,287.07","4,580"
SGP,Stockland,0.0057,Real Estate,AU,"US$4,183,453.57","1,418,144"
DIB,Dubai Islamic Bank PJSC,0.0057,Financials,AE,"US$4,177,161.33","2,073,255"
3088,MatsukiyoCocokara & Co,0.0057,Consumer Staples,JP,"US$4,171,877.94","292,500"
9147,NIPPON EXPRESS HOLDINGS INC,0.0057,Industrials,JP,"US$4,169,142.53","126,200"
83,Sino Land Co Ltd,0.0057,Real Estate,HK,"US$4,158,981.29","2,760,000"
A2A,A2A SpA,0.0057,Utilities,IT,"US$4,158,767.46","1,584,612"
AUTO,Autotrader Group PLC,0.0057,Technology,GB,"US$4,153,633.43","697,949"
CPR,Davide Campari-Milano NV,0.0057,Consumer Staples,IT,"US$4,153,686.07","635,387"
BPCL,Bharat Petroleum Corp Ltd,0.0057,Energy,IN,"US$4,151,732.84","1,323,095"
6965,Hamamatsu Photonics KK,0.0057,Technology,JP,"US$4,147,294.43","230,600"
RICHT,Richter Gedeon Nyrt,0.0057,Health Care,HU,"US$4,141,755.96","97,866"
BCI,Banco de Credito e Inversiones SA,0.0057,Financials,CL,"US$4,145,596.96","61,437"
EXO,EXOR NV,0.0057,Financials,NL,"US$4,137,543.74","52,959"
BJFIN,Bajaj Finserv Ltd,0.0057,Financials,IN,"US$4,129,371.95","219,943"
NICE,Nice Ltd,0.0056,Technology,IL,"US$4,115,416.04","46,131"
AVOL,Avolta AG,0.0056,Consumer Discretionary,CH,"US$4,105,083.89","65,061"
7911,TOPPAN Holdings Inc,0.0056,Industrials,JP,"US$4,109,496.83","143,400"
2611,Guotai Junan Securities Co Ltd,0.0056,Financials,HK,"US$4,106,451.33","2,464,311"
9660,Horizon Robotics,0.0056,Technology,HK,"US$4,087,880.67","6,056,400"
EVD,CTS Eventim AG & Co KGaA,0.0056,Consumer Discretionary,DE,"US$4,089,665.30","56,389"
KGF,Kingfisher PLC,0.0056,Consumer Discretionary,GB,"US$4,082,400.89","1,053,426"
20,SenseTime Group Inc,0.0056,Technology,HK,"US$4,076,397.78","19,246,000"
IDR,Indra Sistemas SA,0.0056,Technology,ES,"US$4,065,072.41","61,243"
VEDL,Vedanta Ltd,0.0056,Basic Materials,IN,"US$4,064,420.20","1,095,065"
ORDS,Ooredoo QPSC,0.0056,Telecommunications,QA,"US$4,060,763.09","1,103,376"
CTC/A,Canadian Tire Corp Ltd,0.0055,Consumer Discretionary,CA,"US$4,035,356.68","31,424"
SCR,SCOR SE,0.0055,Financials,FR,"US$4,035,683.75","112,356"
SIA,Singapore Airlines Ltd,0.0055,Consumer Discretionary,SG,"US$4,034,242.21","758,860"
SQN,Swissquote Group Holding SA,0.0055,Financials,CH,"US$4,029,180.26","79,500"
GCPL,Godrej Consumer Products Ltd,0.0055,Consumer Staples,IN,"US$4,025,808.99","371,565"
015760,Korea Electric Power Corp,0.0055,Utilities,KR,"US$4,023,968.81","155,890"
JINDALST,Jindal Steel Ltd,0.0055,Basic Materials,IN,"US$4,023,559.48","316,632"
6005,Capital Securities Corp,0.0055,Financials,TW,"US$4,005,312.60","3,258,920"
7309,Shimano Inc,0.0055,Consumer Discretionary,JP,"US$3,991,723.73","38,500"
CEZ,CEZ AS,0.0055,Utilities,CZ,"US$3,993,143.80","66,180"
AAK,AAK AB,0.0054,Consumer Staples,SE,"US$3,987,463.07","148,337"
603259,WuXi AppTec Co Ltd,0.0054,Health Care,CN,"US$3,977,673.55","264,713"
1402,Far Eastern New Century Corp,0.0054,Industrials,TW,"US$3,971,466.33","4,850,221"
RHC,Ramsay Health Care Ltd,0.0054,Health Care,AU,"US$3,957,598.00","148,301"
BBAS3,Banco do Brasil SA,0.0054,Financials,BR,"US$3,956,296.71","985,800"
FUNO11,Fibra Uno Administracion SA de CV,0.0054,Real Estate,MX,"US$3,950,129.61","2,283,300"
CAMT,Camtek Ltd/Israel,0.0054,Technology,IL,"US$3,945,578.48","22,256"
HMCL,Hero MotoCorp Ltd,0.0054,Consumer Discretionary,IN,"US$3,941,702.34","76,374"
G24,Scout24 SE,0.0054,Technology,DE,"US$3,940,917.87","46,742"
OTEX,Open Text Corp,0.0054,Technology,CA,"US$3,931,934.29","165,236"
3036,WT Microelectronics Co Ltd,0.0054,Technology,TW,"US$3,932,562.93","427,000"
3099,Isetan Mitsukoshi Holdings Ltd,0.0054,Consumer Discretionary,JP,"US$3,933,804.89","184,400"
MAERSKA,AP Moller - Maersk A/S,0.0054,Industrials,DK,"US$3,930,709.05","1,622"
BMW3,Bayerische Motoren Werke AG,0.0054,Consumer Discretionary,DE,"US$3,935,321.47","45,175"
SBRY,J Sainsbury PLC,0.0054,Consumer Staples,GB,"US$3,920,306.84","981,555"
3529,eMemory Technology Inc,0.0054,Technology,TW,"US$3,918,852.05","36,000"
6488,Globalwafers Co Ltd,0.0054,Technology,TW,"US$3,920,607.81","121,000"
7201,Nissan Motor Co Ltd,0.0054,Consumer Discretionary,JP,"US$3,908,271.86","1,567,938"
ENEV3,Eneva SA,0.0053,Utilities,BR,"US$3,906,469.65","770,960"
ADNOCDIS,Abu Dhabi National Oil Co for Distribution PJSC,0.0053,Energy,AE,"US$3,891,766.27","3,637,118"
POWF,Power Finance Corp Ltd,0.0053,Financials,IN,"US$3,892,617.39","862,806"
MTLN,Metlen Energy & Metals PLC,0.0053,Utilities,GB,"US$3,878,341.92","80,084"
EBP,Erste Bank Polska SA,0.0053,Financials,PL,"US$3,872,737.98","22,859"
GFINBURO,Grupo Financiero Inbursa SAB de CV,0.0053,Financials,MX,"US$3,876,550.59","1,559,700"
MLSR,Melisron Ltd,0.0053,Real Estate,IL,"US$3,875,392.46","24,442"
COFORGE,Coforge Ltd,0.0053,Technology,IN,"US$3,867,161.30","258,391"
9962,MISUMI Group Inc,0.0053,Industrials,JP,"US$3,863,301.71","163,000"
007660,IsuPetasys Co Ltd,0.0053,Technology,KR,"US$3,849,422.69","44,900"
DIXON,Dixon Technologies India Ltd,0.0052,Consumer Discretionary,IN,"US$3,828,758.02","31,563"
ASX,ASX Ltd,0.0052,Financials,AU,"US$3,816,470.71","114,738"
QAN,Qantas Airways Ltd,0.0052,Consumer Discretionary,AU,"US$3,810,736.94","561,056"
AL,Ashok Leyland Ltd,0.0052,Industrials,IN,"US$3,809,850.76","2,328,460"
2633,Taiwan High Speed Rail Corp,0.0052,Industrials,TW,"US$3,807,760.45","4,800,000"
9626,Bilibili Inc,0.0052,Technology,HK,"US$3,808,170.59","218,974"
ALO,Alstom SA,0.0052,Industrials,FR,"US$3,804,769.65","190,224"
6415,Silergy Corp,0.0052,Technology,TW,"US$3,792,437.47","198,000"
3563,Food & Life Cos Ltd,0.0052,Consumer Discretionary,JP,"US$3,770,965.51","55,200"
272210,Hanwha Systems Co Ltd,0.0052,Industrials,KR,"US$3,765,159.26","54,039"
8963,Invincible Investment Corp,0.0051,Real Estate,JP,"US$3,757,556.38","9,758"
SMPH,SM Prime Holdings Inc,0.0051,Real Estate,PH,"US$3,748,106.66","12,547,500"
2875,Toyo Suisan Kaisha Ltd,0.0051,Consumer Staples,JP,"US$3,750,612.48","53,500"
600276,Jiangsu Hengrui Pharmaceuticals Co Ltd,0.0051,Health Care,CN,"US$3,741,478.20","504,041"
CBQK,Commercial Bank PSQC/The,0.0051,Financials,QA,"US$3,734,914.31","3,237,815"
SHBB,Svenska Handelsbanken AB,0.0051,Financials,SE,"US$3,731,492.42","150,322"
IG,Italgas SpA,0.0051,Utilities,IT,"US$3,728,244.73","317,423"
5201,AGC Inc,0.0051,Industrials,JP,"US$3,717,641.81","85,300"
COH,Cochlear Ltd,0.0051,Health Care,AU,"US$3,718,239.37","51,421"
VIVT3,Telefonica Brasil SA,0.0051,Telecommunications,BR,"US$3,719,785.46","556,340"
1818,Zhaojin Mining Industry Co Ltd,0.0051,Basic Materials,HK,"US$3,704,103.40","1,346,500"
SYENS,Syensqo SA,0.0051,Basic Materials,BE,"US$3,705,064.32","47,247"
R3NK,RENK Group AG,0.0051,Industrials,DE,"US$3,705,747.86","55,859"
VSNT,Versant Media Group Inc,0.0051,Consumer Discretionary,US,"US$3,702,447.36","85,824"
GF,Georg Fischer AG,0.0051,Industrials,CH,"US$3,693,325.71","66,462"
6239,Powertech Technology Inc,0.0051,Technology,TW,"US$3,690,124.66","305,000"
TEMN,Temenos AG,0.0051,Technology,CH,"US$3,694,393.23","42,733"
2610,China Airlines Ltd,0.0051,Consumer Discretionary,TW,"US$3,694,945.01","6,060,000"
CLS,Clicks Group Ltd,0.0051,Consumer Staples,ZA,"US$3,691,755.81","254,961"
002475,Luxshare Precision Industry Co Ltd,0.005,Consumer Discretionary,CN,"US$3,679,290.35","339,437"
BRIT,Britannia Industries Ltd,0.005,Consumer Staples,IN,"US$3,669,665.56","66,984"
601328,Bank of Communications Co Ltd,0.005,Financials,CN,"US$3,670,898.19","3,726,816"
BIM,BioMerieux,0.005,Health Care,FR,"US$3,667,894.46","42,275"
CIFC,Cholamandalam Investment and Finance Co Ltd,0.005,Financials,IN,"US$3,657,459.92","225,960"
8952,Japan Real Estate Investment Corp,0.005,Real Estate,JP,"US$3,636,002.26","5,064"
HWDN,Howden Joinery Group PLC,0.005,Consumer Discretionary,GB,"US$3,623,092.78","349,981"
T,TELUS Corp,0.005,Telecommunications,CA,"US$3,622,666.15","288,296"
1942,Kandenko Co Ltd,0.005,Industrials,JP,"US$3,617,564.65","88,082"
KOFUBL,Coca-Cola Femsa SAB de CV,0.005,Consumer Staples,MX,"US$3,615,141.33","334,525"
NWS,News Corp,0.005,Consumer Discretionary,US,"US$3,621,907.38","121,459"
TOTS3,TOTVS SA,0.0049,Technology,BR,"US$3,613,254.80","552,663"
TUPRS,Turkiye Petrol Rafinerileri AS,0.0049,Energy,TR,"US$3,592,666.25","698,026"
1308,SITC International Holdings Co Ltd,0.0049,Industrials,HK,"US$3,582,415.09","811,000"
YZJSGD,Yangzijiang Shipbuilding Holdings Ltd,0.0049,Industrials,SG,"US$3,579,064.57","1,254,000"
9107,Kawasaki Kisen Kaisha Ltd,0.0049,Industrials,JP,"US$3,571,279.60","225,600"
BOUBYAN,Boubyan Bank KSCP,0.0049,Financials,KW,"US$3,562,948.08","1,683,017"
AM,Dassault Aviation SA,0.0049,Industrials,FR,"US$3,553,662.36","9,991"
601398,Industrial & Commercial Bank of China Ltd,0.0049,Financials,CN,"US$3,547,505.93","3,322,200"
LIFCOB,Lifco AB,0.0048,Industrials,SE,"US$3,525,188.10","109,445"
TAL,TAL Education Group,0.0048,Consumer Discretionary,US,"US$3,519,030.23","362,413"
3659,Nexon Co Ltd,0.0048,Consumer Discretionary,JP,"US$3,506,551.92","249,200"
NIBEB,Nibe Industrier AB,0.0048,Industrials,SE,"US$3,512,599.20","894,202"
2603,Evergreen Marine Corp Taiwan Ltd,0.0048,Industrials,TW,"US$3,512,033.46","516,508"
8012,Nagase & Co Ltd,0.0048,Basic Materials,JP,"US$3,502,561.09","495,400"
1772,Ganfeng Lithium Group Co Ltd,0.0048,Basic Materials,HK,"US$3,494,825.07","427,640"
5347,Vanguard International Semiconductor Corp,0.0048,Technology,TW,"US$3,492,311.63","651,181"
YES,Yes Bank Ltd,0.0048,Financials,IN,"US$3,488,228.11","14,314,543"
LUV,Southwest Airlines Co,0.0048,Consumer Discretionary,US,"US$3,484,318.75","81,125"
1878,Daito Trust Construction Co Ltd,0.0048,Real Estate,JP,"US$3,487,028.08","175,000"
DEWA,Dubai Electricity & Water Authority PJSC,0.0048,Utilities,AE,"US$3,487,050.53","4,907,055"
836,China Resources Power Holdings Co Ltd,0.0048,Utilities,HK,"US$3,483,022.43","1,284,000"
MAXF,Max Financial Services Ltd,0.0047,Financials,IN,"US$3,473,884.80","197,144"
4689,LY Corp,0.0047,Technology,JP,"US$3,471,776.62","1,324,400"
DSTKF,Destek Finans Faktoring AS,0.0047,Financials,TR,"US$3,464,654.76","75,534"
ENT,Entain PLC,0.0047,Consumer Discretionary,GB,"US$3,450,763.64","479,582"
1944,Kinden Corp,0.0047,Industrials,JP,"US$3,440,905.21","76,300"
SALM,Salmar ASA,0.0047,Consumer Staples,NO,"US$3,432,990.84","55,186"
3328,Bank of Communications Co Ltd,0.0047,Financials,HK,"US$3,427,667.34","3,680,000"
ASII,Astra International Tbk PT,0.0047,Consumer Discretionary,ID,"US$3,430,693.90","12,261,300"
600918,Zhongtai Securities Co Ltd,0.0047,Financials,CN,"US$3,423,327.24","4,254,900"
000783,Changjiang Securities Co Ltd,0.0047,Financials,CN,"US$3,423,727.45","2,847,400"
HUB,HUB24 Ltd,0.0047,Financials,AU,"US$3,412,360.30","57,072"
BUPA,Bupa Arabia for Cooperative Insurance Co,0.0047,Financials,SA,"US$3,406,364.01","74,448"
SCHN,Schindler Holding AG,0.0047,Industrials,CH,"US$3,398,333.65","10,352"
SUZB3,Suzano SA,0.0047,Basic Materials,BR,"US$3,398,287.70","410,146"
601288,Agricultural Bank of China Ltd,0.0046,Financials,CN,"US$3,394,215.15","3,631,300"
2618,Eva Airways Corp,0.0046,Consumer Discretionary,TW,"US$3,388,578.01","2,944,491"
IOCL,Indian Oil Corp Ltd,0.0046,Energy,IN,"US$3,381,499.36","2,290,662"
WDP,Warehouses De Pauw CVA,0.0046,Real Estate,BE,"US$3,383,150.99","130,357"
3281,GLP J-Reit,0.0046,Real Estate,JP,"US$3,387,223.44","4,033"
GMD,Genesis Minerals Ltd,0.0046,Basic Materials,AU,"US$3,384,285.83","802,673"
9042,Hankyu Hanshin Holdings Inc,0.0046,Industrials,JP,"US$3,374,207.55","114,700"
TUB,Financiere de Tubize SA,0.0046,Health Care,BE,"US$3,377,241.00","12,874"
Z,Zillow Group Inc,0.0046,Real Estate,US,"US$3,371,200.00","96,320"
8341,77 Bank Ltd/The,0.0046,Financials,JP,"US$3,370,157.67","170,100"
2409,AUO Corp,0.0046,Technology,TW,"US$3,366,867.25","4,585,600"
1919,COSCO SHIPPING Holdings Co Ltd,0.0046,Industrials,HK,"US$3,362,969.46","1,860,052"
KOMB,Komercni Banka AS,0.0046,Financials,CZ,"US$3,346,887.52","70,480"
NRP,NEPI Rockcastle NV,0.0046,Real Estate,ZA,"US$3,338,861.18","381,388"
2845,Far Eastern International Bank,0.0046,Financials,TW,"US$3,343,824.45","8,839,407"
HTO,Hellenic Telecommunications Organization SA,0.0046,Telecommunications,GR,"US$3,337,662.75","157,238"
IDFCFB,IDFC First Bank Ltd,0.0046,Financials,IN,"US$3,324,548.77","4,428,381"
8377,Hokuhoku Financial Group Inc,0.0046,Financials,JP,"US$3,325,535.52","82,000"
WTB,Whitbread PLC,0.0046,Consumer Discretionary,GB,"US$3,328,552.99","105,168"
WPRO,Wipro Ltd,0.0045,Technology,IN,"US$3,317,899.35","1,543,209"
086280,Hyundai Glovis Co Ltd,0.0045,Industrials,KR,"US$3,322,587.92","20,648"
3105,Win Semiconductors Corp,0.0045,Technology,TW,"US$3,314,200.89","197,000"
2359,WuXi AppTec Co Ltd,0.0045,Health Care,HK,"US$3,303,801.77","198,720"
ISB,Islandsbanki HF,0.0045,Financials,IS,"US$3,287,397.72","2,751,740"
1888,Kingboard Laminates Holdings Ltd,0.0045,Technology,HK,"US$3,288,233.34","472,000"
005830,DB Insurance Co Ltd,0.0045,Financials,KR,"US$3,278,860.65","34,530"
MGOR,Mega Or Holdings Ltd,0.0045,Industrials,IL,"US$3,275,863.67","13,456"
1171,Yankuang Energy Group Co Ltd,0.0045,Energy,HK,"US$3,257,208.77","1,753,300"
COMI,Commercial International Bank - Egypt (CIB),0.0045,Financials,EG,"US$3,260,450.94","1,280,156"
WOR,Worley Ltd,0.0045,Industrials,AU,"US$3,256,613.53","349,785"
148,Kingboard Holdings Ltd,0.0044,Basic Materials,HK,"US$3,244,127.52","386,700"
4088,Air Water Inc,0.0044,Basic Materials,JP,"US$3,242,423.52","198,600"
RMS,Ramelius Resources Ltd,0.0044,Basic Materials,AU,"US$3,238,005.69","1,397,626"
SAGAB,Sagax AB,0.0044,Real Estate,SE,"US$3,235,828.23","179,335"
REA,REA Group Ltd,0.0044,Real Estate,AU,"US$3,232,996.01","30,157"
9143,SG Holdings Co Ltd,0.0044,Industrials,JP,"US$3,234,689.13","355,492"
7261,Mazda Motor Corp,0.0044,Consumer Discretionary,JP,"US$3,224,948.18","447,000"
KCHOL,KOC Holding AS,0.0044,Energy,TR,"US$3,213,881.04","779,961"
3533,Lotes Co Ltd,0.0044,Technology,TW,"US$3,214,633.45","38,000"
TW/,Taylor Wimpey PLC,0.0044,Consumer Discretionary,GB,"US$3,218,851.38","2,993,182"
INDUA,Industrivarden AB,0.0044,Financials,SE,"US$3,213,995.61","56,525"
000088,Shenzhen Yan Tian Port Holding Co Ltd,0.0044,Industrials,CN,"US$3,219,627.00","4,870,100"
SRF,SRF Ltd,0.0044,Basic Materials,IN,"US$3,211,419.21","112,337"
5711,Mitsubishi Materials Corp,0.0044,Industrials,JP,"US$3,204,642.25","99,000"
RAIL3,Rumo SA,0.0044,Industrials,BR,"US$3,195,136.34","1,177,962"
AKBNK,Akbank TAS,0.0044,Financials,TR,"US$3,192,330.47","2,289,088"
006260,LS Corp,0.0044,Industrials,KR,"US$3,194,212.34","10,793"
FIBI,First International Bank Of Israel Ltd/The,0.0044,Financials,IL,"US$3,195,936.22","37,363"
138040,Meritz Financial Group Inc,0.0044,Financials,KR,"US$3,187,988.12","46,689"
1911,Sumitomo Forestry Co Ltd,0.0044,Consumer Discretionary,JP,"US$3,182,766.19","388,100"
CGF,Challenger Ltd,0.0043,Financials,AU,"US$3,171,919.56","497,574"
4183,Mitsui Chemicals Inc,0.0043,Basic Materials,JP,"US$3,166,936.68","231,100"
601633,Great Wall Motor Co Ltd,0.0043,Consumer Discretionary,CN,"US$3,151,957.35","1,261,800"
LAURUS,Laurus Labs Ltd,0.0043,Health Care,IN,"US$3,148,327.52","219,597"
DIM,Sartorius Stedim Biotech,0.0043,Health Care,FR,"US$3,153,046.45","15,171"
CAST,Castellum AB,0.0043,Real Estate,SE,"US$3,142,525.71","231,201"
SDR,Schroders PLC,0.0043,Financials,GB,"US$3,138,947.44","398,747"
PSN,Persimmon PLC,0.0043,Consumer Discretionary,GB,"US$3,126,102.53","208,276"
2099,China Gold International Resources Corp Ltd,0.0043,Basic Materials,HK,"US$3,118,067.22","162,700"
66,MTR Corp Ltd,0.0043,Industrials,HK,"US$3,120,839.82","775,500"
8985,Japan Hotel REIT Investment Corp,0.0043,Real Estate,JP,"US$3,107,499.21","6,458"
6770,Alps Alpine Co Ltd,0.0042,Technology,JP,"US$3,099,869.97","227,300"
2313,Shenzhou International Group Holdings Ltd,0.0042,Consumer Discretionary,HK,"US$3,096,826.54","522,858"
CEN,Contact Energy Ltd,0.0042,Utilities,NZ,"US$3,101,837.16","543,077"
003670,POSCO Future M Co Ltd,0.0042,Basic Materials,KR,"US$3,093,919.04","18,992"
GENS,Genting Singapore Ltd,0.0042,Consumer Discretionary,SG,"US$3,082,683.19","6,552,500"
EVK,Evonik Industries AG,0.0042,Basic Materials,DE,"US$3,072,344.75","156,621"
259960,Krafton Inc,0.0042,Consumer Discretionary,KR,"US$3,056,167.88","17,886"
ADNOCDRI,ADNOC Drilling Co PJSC,0.0042,Energy,AE,"US$3,059,076.67","1,885,156"
AMM,AMMB Holdings Bhd,0.0042,Financials,MY,"US$3,046,662.30","1,864,200"
XYZ,Block Inc,0.0042,Industrials,AU,"US$3,043,826.11","40,886"
MCX,Multi Commodity Exchange of India Ltd,0.0042,Financials,IN,"US$3,032,800.37","97,488"
1530,3SBio Inc,0.0042,Health Care,HK,"US$3,032,032.31","1,284,500"
ZEG,Zegona Communications plc,0.0042,Telecommunications,GB,"US$3,030,558.73","121,397"
CWY,Cleanaway Waste Management Ltd,0.0041,Utilities,AU,"US$3,025,751.76","1,836,399"
9904,Pou Chen Corp,0.0041,Consumer Discretionary,TW,"US$3,023,078.64","3,721,000"
8069,E Ink Holdings Inc,0.0041,Technology,TW,"US$3,026,926.94","431,000"
BIG,Big Shopping Centers Ltd,0.0041,Real Estate,IL,"US$3,014,717.33","11,009"
BZ,Kanzhun Ltd,0.0041,Industrials,US,"US$3,011,590.10","221,930"
ADANIENS,Adani Energy Solutions Ltd,0.0041,Utilities,IN,"US$3,010,670.53","189,000"
SOF,Sofina SA,0.0041,Financials,BE,"US$3,002,792.19","11,539"
601857,PetroChina Co Ltd,0.0041,Energy,CN,"US$3,005,006.91","1,869,200"
ALBI,Bank AlBilad,0.0041,Financials,SA,"US$2,992,224.98","460,567"
600267,Zhejiang Hisun Pharmaceutical Co Ltd,0.0041,Health Care,CN,"US$2,988,386.37","1,971,300"
POLYCAB,Polycab India Ltd,0.0041,Industrials,IN,"US$2,973,241.39","29,803"
ICICIGI,ICICI Lombard General Insurance Co Ltd,0.0041,Financials,IN,"US$2,977,674.27","157,839"
7282,Toyoda Gosei Co Ltd,0.004,Consumer Discretionary,JP,"US$2,950,355.55","97,300"
BOS,Bosch Ltd,0.004,Consumer Discretionary,IN,"US$2,953,131.58","7,660"
VALMT,Valmet Oyj,0.004,Industrials,FI,"US$2,955,737.78","108,894"
ICL,ICL Group Ltd,0.004,Basic Materials,IL,"US$2,950,934.17","444,774"
INFOE,Info Edge India Ltd,0.004,Technology,IN,"US$2,937,617.05","280,476"
600487,Hengtong Optic-electric Co Ltd,0.004,Industrials,CN,"US$2,940,424.91","257,800"
AYV,Ayvens SA,0.004,Consumer Discretionary,FR,"US$2,933,760.28","217,102"
BKG,Berkeley Group Holdings PLC,0.004,Consumer Discretionary,GB,"US$2,931,498.21","63,147"
TEVA,Teva Pharmaceutical Industries Ltd,0.004,Health Care,US,"US$2,930,323.80","82,965"
277810,Rainbow Robotics,0.004,Industrials,KR,"US$2,933,307.23","6,297"
002352,SF Holding Co Ltd,0.004,Industrials,CN,"US$2,926,693.24","566,200"
1928,Sands China Ltd,0.004,Consumer Discretionary,HK,"US$2,922,272.69","1,494,000"
COPEC,Empresas Copec SA,0.004,Energy,CL,"US$2,927,048.28","411,948"
9880,UBTech Robotics Corp Ltd,0.004,Industrials,HK,"US$2,921,620.69","224,050"
CPLE3,Cia Paranaense de Energia - Copel,0.004,Utilities,BR,"US$2,909,613.73","1,010,811"
2331,ALSOK Co Ltd,0.004,Industrials,JP,"US$2,912,081.16","411,700"
1102,Asia Cement Corp,0.004,Industrials,TW,"US$2,904,455.60","2,675,986"
ARNB,Arab National Bank,0.004,Financials,SA,"US$2,902,201.25","513,717"
6370,Kurita Water Industries Ltd,0.004,Industrials,JP,"US$2,892,190.46","52,600"
390,China Railway Group Ltd,0.004,Industrials,HK,"US$2,893,127.82","6,460,000"
9072,Nikkon Holdings Co Ltd,0.004,Industrials,JP,"US$2,895,873.48","77,700"
2018,AAC Technologies Holdings Inc,0.004,Technology,HK,"US$2,885,331.87","497,000"
601166,Industrial Bank Co Ltd,0.004,Financials,CN,"US$2,885,216.93","1,054,500"
WHC,Whitehaven Coal Ltd,0.0039,Energy,AU,"US$2,881,217.74","457,654"
601108,Caitong Securities Co Ltd,0.0039,Financials,CN,"US$2,877,661.89","2,478,620"
8136,Sanrio Co Ltd,0.0039,Consumer Discretionary,JP,"US$2,879,637.41","535,400"
096770,SK Innovation Co Ltd,0.0039,Energy,KR,"US$2,871,399.07","36,302"
000338,Weichai Power Co Ltd,0.0039,Industrials,CN,"US$2,863,703.20","547,900"
2269,MEIJI Holdings Co Ltd,0.0039,Consumer Staples,JP,"US$2,847,480.37","120,300"
1808,Haseko Corp,0.0039,Consumer Discretionary,JP,"US$2,850,689.43","167,300"
9508,Kyushu Electric Power Co Inc,0.0039,Utilities,JP,"US$2,854,015.96","277,200"
EDPR,EDP Renewables SA,0.0039,Utilities,PT,"US$2,852,107.37","172,482"
5214,Nippon Electric Glass Co Ltd,0.0039,Technology,JP,"US$2,835,361.52","69,100"
6532,BayCurrent Inc,0.0039,Industrials,JP,"US$2,825,815.69","80,100"
MGDL,Migdal Insurance & Financial Holdings Ltd,0.0038,Financials,IL,"US$2,810,689.08","412,330"
601688,Huatai Securities Co Ltd,0.0038,Financials,CN,"US$2,810,036.01","1,045,100"
601878,Zheshang Securities Co Ltd,0.0038,Financials,CN,"US$2,808,914.66","2,011,900"
097955,CJ CheilJedang Corp,0.0038,Consumer Staples,KR,"US$2,801,932.32","33,512"
MNDI,Mondi PLC,0.0038,Industrials,GB,"US$2,796,579.73","275,085"
HAVL,Havells India Ltd,0.0038,Industrials,IN,"US$2,798,591.44","225,923"
1766,CRRC Corp Ltd,0.0038,Industrials,HK,"US$2,790,550.44","4,214,000"
002384,Suzhou Dongshan Precision Manufacturing Co Ltd,0.0038,Basic Materials,CN,"US$2,794,893.85","88,700"
MALLPLAZ,Plaza SA,0.0038,Real Estate,CL,"US$2,792,966.08","640,615"
TCELL,Turkcell Iletisim Hizmetleri AS,0.0038,Telecommunications,TR,"US$2,792,062.63","1,268,640"
000166,Shenwan Hongyuan Group Co Ltd,0.0038,Financials,CN,"US$2,785,465.69","4,270,700"
WTC,WiseTech Global Ltd,0.0038,Technology,AU,"US$2,773,656.84","107,053"
BZU,Buzzi SpA,0.0038,Industrials,IT,"US$2,773,879.20","51,119"
IGM,IGM Financial Inc,0.0038,Financials,CA,"US$2,763,671.85","48,461"
APN,Aspen Pharmacare Holdings Ltd,0.0038,Health Care,ZA,"US$2,755,539.44","308,320"
1208,MMG Ltd,0.0038,Basic Materials,HK,"US$2,758,085.08","2,453,600"
ELM,Elm Co,0.0038,Technology,SA,"US$2,745,754.94","15,020"
UHRN,Swatch Group AG/The,0.0038,Consumer Discretionary,CH,"US$2,749,931.27","50,438"
2702,McDonald's Holdings Co Japan Ltd,0.0038,Consumer Discretionary,JP,"US$2,750,160.19","56,200"
PME,Pro Medicus Ltd,0.0038,Health Care,AU,"US$2,741,970.86","28,814"
GRT,Growthpoint Properties Ltd,0.0037,Real Estate,ZA,"US$2,731,126.62","2,646,970"
MMHD,Menora Mivtachim Holdings Ltd,0.0037,Financials,IL,"US$2,732,446.24","14,644"
MUTH,Muthoot Finance Ltd,0.0037,Financials,IN,"US$2,727,665.65","77,516"
291,China Resources Beer Holdings Co Ltd,0.0037,Consumer Staples,HK,"US$2,715,174.29","879,335"
BC,Brunello Cucinelli SpA,0.0037,Consumer Discretionary,IT,"US$2,710,497.22","28,161"
352820,HYBE Co Ltd,0.0037,Consumer Discretionary,KR,"US$2,694,452.55","18,457"
3293,International Games System Co Ltd,0.0037,Consumer Discretionary,TW,"US$2,695,822.89","112,000"
6869,Sysmex Corp,0.0037,Health Care,JP,"US$2,695,010.36","307,100"
966,China Taiping Insurance Holdings Co Ltd,0.0037,Financials,HK,"US$2,692,236.18","1,061,909"
EGIE3,Engie Brasil Energia SA,0.0037,Utilities,BR,"US$2,681,988.65","409,850"
POWERIND,Hitachi Energy India Ltd,0.0037,Industrials,IN,"US$2,682,651.63","6,629"
601600,Aluminum Corp of China Ltd,0.0037,Basic Materials,CN,"US$2,686,502.45","1,590,600"
8334,Gunma Bank Ltd/The,0.0037,Financials,JP,"US$2,678,949.68","188,700"
8960,United Urban Investment Corp,0.0037,Real Estate,JP,"US$2,671,577.36","2,622"
7181,Japan Post Insurance Co Ltd,0.0037,Financials,JP,"US$2,671,536.96","297,504"
DXS,Dexus,0.0037,Real Estate,AU,"US$2,671,431.31","661,836"
RMV,Rightmove PLC,0.0037,Real Estate,GB,"US$2,666,182.69","471,278"
LEG,LEG Immobilien SE,0.0036,Real Estate,DE,"US$2,653,628.79","40,789"
9513,Electric Power Development Co Ltd,0.0036,Utilities,JP,"US$2,652,093.10","105,100"
000776,GF Securities Co Ltd,0.0036,Financials,CN,"US$2,649,341.04","948,300"
358,Jiangxi Copper Co Ltd,0.0036,Basic Materials,HK,"US$2,645,367.09","589,000"
TME,Tencent Music Entertainment Group,0.0036,Technology,US,"US$2,648,177.62","287,221"
PARAUCO,Parque Arauco SA,0.0036,Real Estate,CL,"US$2,645,638.66","603,711"
BDO,BDO Unibank Inc,0.0036,Financials,PH,"US$2,642,481.72","1,426,558"
051905,LG H&H Co Ltd,0.0036,Consumer Staples,KR,"US$2,641,950.90","39,420"
3462,Nomura Real Estate Master Fund Inc,0.0036,Real Estate,JP,"US$2,635,199.45","2,749"
BOL,Bollore SE,0.0036,Consumer Discretionary,FR,"US$2,626,425.01","413,727"
UPLL,UPL Ltd,0.0036,Basic Materials,IN,"US$2,627,369.95","387,097"
2259,Zijin Gold International Co Ltd,0.0036,Basic Materials,HK,"US$2,618,028.94","158,200"
BBSE3,BB Seguridade Participacoes SA,0.0036,Financials,BR,"US$2,614,198.53","373,535"
SOIL,Solar Industries India Ltd,0.0036,Basic Materials,IN,"US$2,612,202.11","13,600"
3045,Taiwan Mobile Co Ltd,0.0036,Telecommunications,TW,"US$2,605,481.16","732,000"
2492,Walsin Technology Corp,0.0036,Technology,TW,"US$2,603,565.79","207,000"
8972,KDX Realty Investment Corp,0.0036,Real Estate,JP,"US$2,598,894.40","2,602"
ADANIGR,Adani Green Energy Ltd,0.0036,Utilities,IN,"US$2,596,766.12","167,204"
GFC,Gecina SA,0.0036,Real Estate,FR,"US$2,596,830.89","30,297"
12,Henderson Land Development Co Ltd,0.0036,Real Estate,HK,"US$2,595,154.63","656,953"
2607,Shanghai Pharmaceuticals Holding Co Ltd,0.0035,Health Care,HK,"US$2,589,643.25","1,788,200"
VER,Verbund AG,0.0035,Utilities,AT,"US$2,584,708.84","38,487"
LTM,LTM Ltd,0.0035,Technology,IN,"US$2,577,833.39","60,295"
BCVN,Banque Cantonale Vaudoise,0.0035,Financials,CH,"US$2,571,811.61","17,102"
PHNX,Phoenix Mills Ltd/The,0.0035,Real Estate,IN,"US$2,567,084.06","137,688"
RECL,REC Ltd,0.0035,Financials,IN,"US$2,563,907.96","721,372"
1988,China Minsheng Banking Corp Ltd,0.0035,Financials,HK,"US$2,555,175.95","5,960,100"
MASAR,Umm Al Qura for Development & Construction Co,0.0035,Real Estate,SA,"US$2,551,647.00","654,946"
4704,Trend Micro Inc/Japan,0.0035,Technology,JP,"US$2,552,145.24","67,600"
DNP,Dino Polska SA,0.0035,Consumer Staples,PL,"US$2,536,956.32","298,323"
2413,M3 Inc,0.0035,Health Care,JP,"US$2,536,668.28","283,576"
BOB,Bank of Baroda,0.0035,Financials,IN,"US$2,532,299.81","895,972"
1816,CGN Power Co Ltd,0.0035,Utilities,HK,"US$2,529,474.06","6,395,000"
BTRW,Barratt Redrow PLC,0.0035,Consumer Discretionary,GB,"US$2,519,528.61","710,976"
010130,Korea Zinc Co Ltd,0.0034,Basic Materials,KR,"US$2,508,207.70","2,753"
QGTS,Qatar Gas Transport Co Ltd,0.0034,Industrials,QA,"US$2,503,703.21","2,100,457"
6674,GS Yuasa Corp,0.0034,Consumer Discretionary,JP,"US$2,497,242.29","60,600"
1258,China Nonferrous Mining Corp Ltd,0.0034,Basic Materials,HK,"US$2,499,974.48","1,446,000"
2105,Cheng Shin Rubber Industry Co Ltd,0.0034,Consumer Discretionary,TW,"US$2,493,763.11","2,411,061"
GETIB,Getinge AB,0.0034,Health Care,SE,"US$2,490,559.76","121,127"
5101,Yokohama Rubber Co Ltd/The,0.0034,Consumer Discretionary,JP,"US$2,489,357.37","55,200"
SATS,SATS Ltd,0.0034,Consumer Discretionary,SG,"US$2,487,039.32","823,856"
2354,Foxconn Technology Co Ltd,0.0034,Technology,TW,"US$2,486,713.87","1,279,106"
BPI,Bank of the Philippine Islands,0.0034,Financials,PH,"US$2,484,175.02","1,629,595"
LOTB,Lotus Bakeries NV,0.0034,Consumer Staples,BE,"US$2,477,434.81",193
NEM,Nemetschek SE,0.0034,Technology,DE,"US$2,453,870.35","34,026"
9435,Hikari Tsushin Inc,0.0034,Telecommunications,JP,"US$2,456,718.39","10,700"
2588,BOC Aviation Ltd,0.0034,Industrials,HK,"US$2,459,744.30","252,000"
RNI,Reinet Investments SCA,0.0034,Financials,ZA,"US$2,447,628.13","80,874"
RHBBANK,RHB Bank Bhd,0.0034,Financials,MY,"US$2,446,764.28","1,181,659"
028050,Samsung E&A Co Ltd,0.0034,Industrials,KR,"US$2,449,055.87","69,768"
002371,NAURA Technology Group Co Ltd,0.0033,Technology,CN,"US$2,439,757.05","26,190"
601369,Xi'An Shaangu Power Co Ltd,0.0033,Industrials,CN,"US$2,443,133.23","1,720,742"
AGL,AGL Energy Ltd,0.0033,Utilities,AU,"US$2,437,146.04","395,710"
9698,GDS Holdings Ltd,0.0033,Technology,HK,"US$2,434,768.26","573,385"
SAE,Shufersal Ltd,0.0033,Consumer Staples,IL,"US$2,434,142.20","139,922"
032640,LG Uplus Corp,0.0033,Telecommunications,KR,"US$2,424,733.95","226,539"
BC8,Bechtle AG,0.0033,Technology,DE,"US$2,417,148.05","61,979"
4751,CyberAgent Inc,0.0033,Technology,JP,"US$2,423,027.20","298,200"
4980,Dexerials Corp,0.0033,Technology,JP,"US$2,417,371.69","95,300"
BKW,BKW AG,0.0033,Utilities,CH,"US$2,417,892.11","12,765"
7747,Asahi Intecc Co Ltd,0.0033,Health Care,JP,"US$2,411,905.47","101,952"
VOD,Vodacom Group Ltd,0.0033,Telecommunications,ZA,"US$2,411,986.97","256,601"
MCDCO,Makkah Construction & Development Co,0.0033,Industrials,SA,"US$2,402,868.14","100,468"
600188,Yankuang Energy Group Co Ltd,0.0033,Energy,CN,"US$2,402,902.34","745,280"
PCHEM,Petronas Chemicals Group Bhd,0.0033,Basic Materials,MY,"US$2,407,637.58","1,832,300"
EIC,Electrical Industries Co,0.0033,Industrials,SA,"US$2,396,271.86","576,057"
6448,Brother Industries Ltd,0.0033,Technology,JP,"US$2,392,923.55","101,500"
300274,Sungrow Power Supply Co Ltd,0.0033,Energy,CN,"US$2,387,081.65","90,680"
2016,China Zheshang Bank Co Ltd,0.0033,Financials,HK,"US$2,390,234.01","7,741,000"
IGO,IGO Ltd,0.0033,Basic Materials,AU,"US$2,387,062.63","346,312"
3692,Hansoh Pharmaceutical Group Co Ltd,0.0033,Health Care,HK,"US$2,374,828.39","592,000"
2049,Hiwin Technologies Corp,0.0033,Industrials,TW,"US$2,373,389.89","191,125"
INPST,InPost SA,0.0033,Industrials,NL,"US$2,378,202.98","132,680"
3702,WPG Holdings Ltd,0.0032,Technology,TW,"US$2,366,841.71","631,000"
600958,Orient Securities Co Ltd/China,0.0032,Financials,CN,"US$2,360,735.49","1,714,500"
9945,Ruentex Development Co Ltd,0.0032,Real Estate,TW,"US$2,361,909.15","3,175,450"
1605,Walsin Lihwa Corp,0.0032,Industrials,TW,"US$2,357,684.31","1,905,952"
SKBN,Shikun & Binui Ltd,0.0032,Industrials,IL,"US$2,353,321.56","303,888.5"
8046,Nan Ya Printed Circuit Board Corp,0.0032,Technology,TW,"US$2,355,141.98","87,000"
HPCL,Hindustan Petroleum Corp Ltd,0.0032,Energy,IN,"US$2,352,126.10","567,353"
4324,Dentsu Group Inc,0.0032,Consumer Discretionary,JP,"US$2,345,280.48","124,200"
6481,THK Co Ltd,0.0032,Industrials,JP,"US$2,337,257.37","48,700"
KGX,KION Group AG,0.0032,Industrials,DE,"US$2,330,418.60","45,542"
BOCHGR,Bank of Cyprus Holdings PLC,0.0032,Financials,GR,"US$2,332,298.91","212,620"
300394,Suzhou TFC Optical Communication Co Ltd,0.0032,Telecommunications,CN,"US$2,329,370.18","34,600"
3360,Far East Horizon Ltd,0.0032,Financials,HK,"US$2,317,577.26","2,362,000"
5714,Dowa Holdings Co Ltd,0.0032,Basic Materials,JP,"US$2,309,881.27","35,700"
SWB,Sunway Bhd,0.0032,Real Estate,MY,"US$2,309,810.84","1,696,000"
AMUN,Amundi SA,0.0032,Financials,FR,"US$2,305,812.82","23,537"
CLGT,Colgate-Palmolive India Ltd,0.0031,Consumer Staples,IN,"US$2,295,552.56","105,868"
601869,Yangtze Optical Fibre & Cable Joint Stock Ltd Co,0.0031,Telecommunications,CN,"US$2,293,618.23","38,500"
IP,Interpump Group SpA,0.0031,Industrials,IT,"US$2,294,275.71","54,795"
028300,HLB Inc,0.0031,Health Care,KR,"US$2,291,696.88","67,984"
3908,China International Capital Corp Ltd,0.0031,Financials,HK,"US$2,289,091.79","914,400"
4536,Santen Pharmaceutical Co Ltd,0.0031,Health Care,JP,"US$2,281,417.17","189,600"
5830,Iyogin Holdings Inc,0.0031,Financials,JP,"US$2,277,214.65","118,700"
AKER,Aker ASA,0.0031,Financials,NO,"US$2,278,369.93","16,887"
SAPR11,Cia De Saneamento do Parana Sanepar,0.0031,Utilities,BR,"US$2,283,960.70","304,500"
000869,Yantai Changyu Pioneer Wine Co Ltd,0.0031,Consumer Staples,CN,"US$2,274,385.52","843,100"
688347,Hua Hong Semiconductor Ltd,0.0031,Technology,CN,"US$2,276,156.30","65,025"
RY,Royal Bank of Canada,0.0031,Financials,US,"US$2,264,314.91","11,947"
4,Wharf Holdings Ltd/The,0.0031,Real Estate,HK,"US$2,258,356.09","798,000"
VEND,Schibsted ASA,0.0031,Technology,NO,"US$2,254,336.15","84,838"
2897,Nissin Foods Holdings Co Ltd,0.0031,Consumer Staples,JP,"US$2,252,553.55","134,000"
FPE3,FUCHS SE,0.0031,Basic Materials,DE,"US$2,254,808.53","49,166"
VOLT,Voltas Ltd,0.0031,Industrials,IN,"US$2,254,323.62","171,920"
MODON,Modon Holding PSC,0.0031,Real Estate,AE,"US$2,244,536.16","2,711,791"
000858,Wuliangye Yibin Co Ltd,0.0031,Consumer Staples,CN,"US$2,243,578.37","178,700"
7337,Hirogin Holdings Inc,0.0031,Financials,JP,"US$2,247,017.71","177,300"
VESTA*,Corp Inmobiliaria Vesta SAB de CV,0.0031,Real Estate,MX,"US$2,246,574.15","639,700"
MLT,Mapletree Logistics Trust,0.0031,Real Estate,SG,"US$2,241,170.19","2,381,897"
MINT,Mapletree Industrial Trust,0.0031,Real Estate,SG,"US$2,240,063.78","1,472,611"
064400,LG CNS Co Ltd,0.0031,Technology,KR,"US$2,231,295.55","29,548"
900926,Shanghai Baosight Software Co Ltd,0.003,Technology,CN,"US$2,223,095.20","2,478,367"
7550,Zensho Holdings Co Ltd,0.003,Consumer Discretionary,JP,"US$2,225,566.93","44,000"
ZAIN,Mobile Telecommunications Co KSCP,0.003,Telecommunications,KW,"US$2,221,570.00","1,149,421"
RACE,Ferrari NV,0.003,Consumer Discretionary,US,"US$2,221,701.90","6,530"
EMBASSY,Embassy Office Parks REIT,0.003,Real Estate,IN,"US$2,217,079.75","493,065"
600460,Hangzhou Silan Microelectronics Co Ltd,0.003,Technology,CN,"US$2,216,790.78","433,200"
3283,Nippon Prologis REIT Inc,0.003,Real Estate,JP,"US$2,216,760.47","4,137"
RAND,Randstad NV,0.003,Industrials,NL,"US$2,211,529.69","71,949"
HYUNDAI,Hyundai Motor India Ltd,0.003,Consumer Discretionary,IN,"US$2,209,481.09","109,096"
BALDB,Fastighets AB Balder,0.003,Real Estate,SE,"US$2,205,797.38","384,132"
AXIA7,Axia Energia SA,0.003,Utilities,BR,"US$2,204,820.75","221,498"
VIPS,Vipshop Holdings Ltd,0.003,Consumer Discretionary,US,"US$2,202,023.88","154,854"
2577,InnoScience Suzhou Technology Holding Co Ltd,0.003,Technology,HK,"US$2,191,132.90","241,700"
KLK,Kuala Lumpur Kepong Bhd,0.003,Basic Materials,MY,"US$2,185,745.27","426,500"
AC,Ayala Corp,0.003,Real Estate,PH,"US$2,187,483.13","308,620"
9041,Kintetsu Group Holdings Co Ltd,0.003,Industrials,JP,"US$2,176,670.65","96,600"
2501,Sapporo Holdings Ltd,0.003,Consumer Staples,JP,"US$2,172,500.16","217,100"
1898,China Coal Energy Co Ltd,0.003,Energy,HK,"US$2,162,737.64","1,341,000"
3626,TIS Inc,0.003,Technology,JP,"US$2,157,859.16","101,600"
601919,COSCO SHIPPING Holdings Co Ltd,0.003,Industrials,CN,"US$2,155,155.62","1,030,550"
3092,ZOZO Inc,0.0029,Consumer Discretionary,JP,"US$2,152,203.03","346,000"
002916,Shennan Circuits Co Ltd,0.0029,Technology,CN,"US$2,147,878.49","35,300"
QBR/B,Quebecor Inc,0.0029,Telecommunications,CA,"US$2,151,892.13","44,310"
MER,Manila Electric Co,0.0029,Utilities,PH,"US$2,152,891.35","232,450"
2600,Aluminum Corp of China Ltd,0.0029,Basic Materials,HK,"US$2,141,781.71","1,540,000"
9684,Square Enix Holdings Co Ltd,0.0029,Consumer Discretionary,JP,"US$2,141,558.83","133,300"
VOW,Volkswagen AG,0.0029,Consumer Discretionary,DE,"US$2,142,067.56","19,559"
MPHL,Mphasis Ltd,0.0029,Technology,IN,"US$2,133,442.34","89,230"
300059,East Money Information Co Ltd,0.0029,Financials,CN,"US$2,135,964.04","753,769"
SONACOMS,Sona Blw Precision Forgings Ltd,0.0029,Consumer Discretionary,IN,"US$2,134,035.79","333,745"
TBS,Tiger Brands Ltd,0.0029,Consumer Staples,ZA,"US$2,130,626.13","124,457"
2267,Yakult Honsha Co Ltd,0.0029,Consumer Staples,JP,"US$2,128,624.86","126,368"
300760,Shenzhen Mindray Bio-Medical Electronics Co Ltd,0.0029,Health Care,CN,"US$2,124,265.95","94,600"
298380,ABLBio Inc,0.0029,Health Care,KR,"US$2,121,867.55","28,576"
1997,Wharf Real Estate Investment Co Ltd,0.0029,Real Estate,HK,"US$2,119,534.54","691,000"
000063,ZTE Corp,0.0029,Telecommunications,CN,"US$2,119,087.96","390,199"
AMP,AMP Ltd,0.0029,Financials,AU,"US$2,110,040.32","1,838,651"
ISDMR,Iskenderun Demir ve Celik AS,0.0029,Basic Materials,TR,"US$2,104,316.33","1,673,670"
066575,LG Electronics Inc,0.0029,Consumer Discretionary,KR,"US$2,105,400.00","33,154"
CD,ComfortDelGro Corp Ltd,0.0029,Industrials,SG,"US$2,108,242.44","2,084,300"
3808,Sinotruk Hong Kong Ltd,0.0029,Industrials,HK,"US$2,098,947.35","441,500"
3800,GCL Technology Holdings Ltd,0.0029,Energy,HK,"US$2,100,257.74","19,832,000"
SHA0,Schaeffler AG,0.0029,Consumer Discretionary,DE,"US$2,087,268.35","169,380"
4904,Far EasTone Telecommunications Co Ltd,0.0029,Telecommunications,TW,"US$2,086,753.60","691,000"
MTM,Momentum Group Ltd,0.0028,Financials,ZA,"US$2,070,148.09","933,359"
BEN,Bendigo & Adelaide Bank Ltd,0.0028,Financials,AU,"US$2,069,109.74","278,120"
1038,CK Infrastructure Holdings Ltd,0.0028,Utilities,HK,"US$2,063,551.05","272,500"
ABB,ABB India Ltd,0.0028,Industrials,IN,"US$2,056,721.76","26,939"
VIG,Vienna Insurance Group AG Wiener Versicherung Gruppe,0.0028,Financials,AT,"US$2,057,128.25","27,937"
SBID,State Bank of India,0.0028,Financials,GB,"US$2,050,413.20","20,261"
OUT,OUTsurance Group Ltd,0.0028,Financials,ZA,"US$2,048,167.01","468,176"
5929,Sanwa Holdings Corp,0.0028,Industrials,JP,"US$2,044,717.00","89,300"
DOW,Downer EDI Ltd,0.0028,Industrials,AU,"US$2,049,413.68","350,355"
IDEA,Vodafone Idea Ltd,0.0028,Telecommunications,IN,"US$2,044,125.44","13,880,766"
CLAS,CapitaLand Ascott Trust,0.0028,Real Estate,SG,"US$2,048,864.73","2,919,575"
TIINDIA,Tube Investments of India Ltd,0.0028,Basic Materials,IN,"US$2,042,835.89","61,778"
JOMAR,Jabal Omar Development Co,0.0028,Real Estate,SA,"US$2,043,048.34","504,391"
1717,Eternal Materials Co Ltd,0.0028,Basic Materials,TW,"US$2,032,850.06","784,237"
SDF,Steadfast Group Ltd,0.0028,Financials,AU,"US$2,030,949.42","691,844"
000100,Yuhan Corp,0.0028,Health Care,KR,"US$2,025,335.10","35,908"
VGNT,Versigent PLC,0.0028,Industrials,US,"US$2,024,622.68","45,889"
ZG,Zillow Group Inc,0.0028,Real Estate,US,"US$2,028,002.08","57,353"
011200,HMM Co Ltd,0.0028,Industrials,KR,"US$2,024,310.74","155,963"
ITUB3,Itau Unibanco Holding SA,0.0028,Financials,BR,"US$2,024,272.62","255,596"
003230,Samyang Foods Co Ltd,0.0028,Consumer Staples,KR,"US$2,016,595.89","2,522"
MBK,mBank SA,0.0028,Financials,PL,"US$2,014,114.53","5,699"
MAP,Mapfre SA,0.0027,Financials,ES,"US$2,008,430.89","427,920"
6030,CITIC Securities Co Ltd,0.0027,Financials,HK,"US$2,010,426.62","605,089"
GCARSOA1,Grupo Carso SAB de CV,0.0027,Industrials,MX,"US$2,010,700.91","253,600"
1519,Fortune Electric Co Ltd,0.0027,Industrials,TW,"US$2,011,632.70","72,100"
4527,Rohto Pharmaceutical Co Ltd,0.0027,Health Care,JP,"US$2,010,216.72","134,400"
002938,Avary Holding Shenzhen Co Ltd,0.0027,Technology,CN,"US$2,000,353.18","128,800"
SWECB,Sweco AB,0.0027,Industrials,SE,"US$2,001,259.04","136,875"
603501,OmniVision Integrated Circuits Group Inc,0.0027,Technology,CN,"US$1,998,576.49","142,245"
BELA,JUMBO SA,0.0027,Consumer Discretionary,GR,"US$1,998,918.10","73,580"
SEBC,Skandinaviska Enskilda Banken AB,0.0027,Financials,SE,"US$1,995,861.70","96,991"
024110,Industrial Bank of Korea,0.0027,Financials,KR,"US$1,998,714.27","149,112"
4631,DIC Corp,0.0027,Basic Materials,JP,"US$1,985,540.55","65,400"
TTB/F,TMBThanachart Bank PCL,0.0027,Financials,TH,"US$1,985,879.65","28,346,690"
EMAARDEV,Emaar Development PJSC,0.0027,Real Estate,AE,"US$1,987,603.87","505,552"
5105,Toyo Tire Corp,0.0027,Consumer Discretionary,JP,"US$1,990,876.31","83,600"
GRF,Grifols SA,0.0027,Health Care,ES,"US$1,987,414.03","183,522"
601601,China Pacific Insurance Group Co Ltd,0.0027,Financials,CN,"US$1,977,979.28","415,600"
ENELCHIL,Enel Chile SA,0.0027,Utilities,CL,"US$1,970,703.41","22,688,456"
002463,WUS Printed Circuit Kunshan Co Ltd,0.0027,Technology,CN,"US$1,972,363.92","101,000"
MISC,MISC Bhd,0.0027,Industrials,MY,"US$1,975,853.93","961,259"
2181,Persol Holdings Co Ltd,0.0027,Industrials,JP,"US$1,967,796.47","1,292,300"
SEK,SEEK Ltd,0.0027,Industrials,AU,"US$1,966,950.30","220,288"
000623,Jilin Aodong Pharmaceutical Group Co Ltd,0.0027,Health Care,CN,"US$1,959,457.85","768,045"
BOMH,Bank of Maharashtra,0.0027,Financials,IN,"US$1,950,449.20","2,337,488"
5871,Chailease Holding Co Ltd,0.0027,Financials,TW,"US$1,954,677.42","569,593"
144,China Merchants Port Holdings Co Ltd,0.0027,Industrials,HK,"US$1,947,952.13","992,000"
8804,Tokyo Tatemono Co Ltd,0.0027,Real Estate,JP,"US$1,946,737.86","94,800"
257,China Everbright Environment Group Ltd,0.0027,Utilities,HK,"US$1,942,840.56","2,856,814"
UNBK,Union Bank of India Ltd,0.0027,Financials,IN,"US$1,944,778.47","1,100,512"
VSURE,Verisure Group Topholding AB,0.0027,Industrials,SE,"US$1,942,861.13","145,661"
307950,Hyundai Autoever Corp,0.0027,Technology,KR,"US$1,937,369.61","3,136"
FRA,Fraport AG Frankfurt Airport Services Worldwide,0.0027,Industrials,DE,"US$1,939,612.59","23,069"
021240,Coway Co Ltd,0.0027,Consumer Discretionary,KR,"US$1,939,747.84","32,480"
HCP,Hindustan Copper Ltd,0.0027,Basic Materials,IN,"US$1,940,573.19","342,221"
9863,Zhejiang Leapmotor Technology Co Ltd,0.0027,Consumer Discretionary,HK,"US$1,939,075.46","386,700"
601375,Central China Securities Co Ltd,0.0027,Financials,CN,"US$1,939,381.64","3,245,800"
KDCREIT,Keppel DC REIT,0.0026,Real Estate,SG,"US$1,930,709.72","1,065,944"
6806,Hirose Electric Co Ltd,0.0026,Technology,JP,"US$1,931,016.24","10,891"
APR,Apar Industries Ltd,0.0026,Industrials,IN,"US$1,924,479.64","13,937"
TIMS3,TIM SA/Brazil,0.0026,Telecommunications,BR,"US$1,924,508.72","444,500"
AAF,Airtel Africa PLC,0.0026,Telecommunications,GB,"US$1,925,431.03","405,109"
OMU,Old Mutual Ltd,0.0026,Financials,ZA,"US$1,912,508.83","2,399,169"
300476,Victory Giant Technology Huizhou Co Ltd,0.0026,Technology,CN,"US$1,913,058.89","35,100"
H2O,Societatea De Producere A Energiei Electrice in Hidrocentrale Hidroelectrica SA,0.0026,Utilities,RO,"US$1,907,179.13","48,507"
9009,Keisei Electric Railway Co Ltd,0.0026,Industrials,JP,"US$1,905,257.87","278,000"
2207,Hotai Motor Co Ltd,0.0026,Consumer Discretionary,TW,"US$1,909,457.79","123,840"
425,Minth Group Ltd,0.0026,Consumer Discretionary,HK,"US$1,909,919.11","396,000"
ARBP,Aurobindo Pharma Ltd,0.0026,Health Care,IN,"US$1,904,814.56","126,863"
9602,Toho Co Ltd/Tokyo,0.0026,Consumer Discretionary,JP,"US$1,899,974.24","246,100"
PINFRA*,Promotora y Operadora de Infraestructura SAB de CV,0.0026,Industrials,MX,"US$1,893,647.72","117,626"
6881,China Galaxy Securities Co Ltd,0.0026,Financials,HK,"US$1,885,196.62","1,904,000"
LUNDB,L E Lundbergforetagen AB,0.0026,Financials,SE,"US$1,888,353.50","31,992"
9007,Odakyu Electric Railway Co Ltd,0.0026,Consumer Discretionary,JP,"US$1,886,863.18","185,700"
7003,Mitsui E&S Co Ltd,0.0026,Industrials,JP,"US$1,886,641.12","67,400"
SWIGGY,Swiggy Ltd,0.0026,Consumer Discretionary,IN,"US$1,880,319.04","692,634"
9506,Tohoku Electric Power Co Inc,0.0026,Utilities,JP,"US$1,880,983.42","297,500"
CENCOSUD,Cencosud SA,0.0026,Consumer Staples,CL,"US$1,876,822.45","795,745"
1951,EXEO Group Inc,0.0026,Industrials,JP,"US$1,878,978.58","105,100"
5344,Maruwa Co Ltd/Aichi,0.0026,Industrials,JP,"US$1,870,469.25","4,000"
601888,China Tourism Group Duty Free Corp Ltd,0.0026,Consumer Discretionary,CN,"US$1,870,710.40","212,298"
HAL,HAL Trust,0.0026,Financials,NL,"US$1,872,954.72","9,375"
YANSAB,Yanbu National Petrochemical Co,0.0026,Basic Materials,SA,"US$1,872,780.55","206,457"
SUF,Sundaram Finance Ltd,0.0026,Financials,IN,"US$1,863,002.25","42,251"
3405,Kuraray Co Ltd,0.0026,Basic Materials,JP,"US$1,866,289.03","181,100"
1787,Shandong Gold Mining Co Ltd,0.0026,Basic Materials,HK,"US$1,864,030.42","612,800"
9023,Tokyo Metro Co Ltd,0.0025,Industrials,JP,"US$1,854,248.38","201,900"
3606,Fuyao Glass Industry Group Co Ltd,0.0025,Industrials,HK,"US$1,853,002.27","261,200"
DNL,Incitec Pivot Ltd,0.0025,Basic Materials,AU,"US$1,851,166.47","684,269"
MANKIND,Mankind Pharma Ltd,0.0025,Health Care,IN,"US$1,843,890.71","73,737"
IIB,IndusInd Bank Ltd,0.0025,Financials,IN,"US$1,832,251.53","190,369"
6181,Laopu Gold Co Ltd,0.0025,Consumer Discretionary,HK,"US$1,832,750.66","28,500"
GMRAIRPO,GMR Airports Infrastructure Ltd,0.0025,Industrials,IN,"US$1,821,475.67","1,724,023"
MTRX,Matrix IT Ltd,0.0025,Technology,IL,"US$1,812,328.55","57,113"
MRP,Mr Price Group Ltd,0.0025,Consumer Discretionary,ZA,"US$1,808,706.73","187,446"
PONY,New Issuer: BB Company ID:71327236,0.0025,Industrials,US,"US$1,802,411.06","179,702"
VAR,Var Energi ASA,0.0025,Energy,NO,"US$1,805,478.07","366,219"
6526,Socionext Inc,0.0025,Technology,JP,"US$1,800,917.14","108,800"
1972,Swire Properties Ltd,0.0025,Real Estate,HK,"US$1,799,086.43","634,000"
WAAREEEN,WAAREE Energies Ltd,0.0025,Energy,IN,"US$1,800,075.13","54,447"
AXIA6,Axia Energia SA,0.0025,Utilities,BR,"US$1,795,171.21","159,500"
1969,Takasago Thermal Engineering Co Ltd,0.0025,Industrials,JP,"US$1,794,281.05","60,400"
VZN,VZ Holding AG,0.0025,Financials,CH,"US$1,794,002.43","9,433"
LTM,Latam Airlines Group SA,0.0024,Consumer Discretionary,US,"US$1,780,941.36","33,177"
COV,Covivio SA/France,0.0024,Real Estate,FR,"US$1,773,357.00","27,505"
LREN3,Lojas Renner SA,0.0024,Consumer Discretionary,BR,"US$1,776,706.14","603,150"
SAHOL,Haci Omer Sabanci Holding AS,0.0024,Financials,TR,"US$1,773,828.28","884,827"
SANB11,Banco Santander Brasil SA,0.0024,Financials,BR,"US$1,770,323.83","329,700"
NACL,National Aluminium Co Ltd,0.0024,Basic Materials,IN,"US$1,770,555.20","396,284"
6886,Huatai Securities Co Ltd,0.0024,Financials,HK,"US$1,771,541.97","875,980"
6919,Caliway Biopharmaceuticals Co Ltd,0.0024,Health Care,TW,"US$1,764,536.88","550,000"
LATOB,Investment AB Latour,0.0024,Industrials,SE,"US$1,761,927.14","81,525"
600000,Shanghai Pudong Development Bank Co Ltd,0.0024,Financials,CN,"US$1,762,926.95","1,272,139"
IPRU,ICICI Prudential Life Insurance Co Ltd,0.0024,Financials,IN,"US$1,750,870.83","330,058"
4626,Taiyo Holdings Co Ltd,0.0024,Basic Materials,JP,"US$1,745,536.78","56,000"
IOI,IOI Corp Bhd,0.0024,Consumer Staples,MY,"US$1,745,335.69","1,734,400"
SECO,Saudi Energy Co,0.0024,Utilities,SA,"US$1,748,294.14","389,356"
000657,China Tungsten And Hightech Materials Co Ltd,0.0024,Basic Materials,CN,"US$1,738,857.79","172,900"
6592,Mabuchi Motor Co Ltd,0.0024,Industrials,JP,"US$1,737,750.17","178,300"
QIIK,Qatar International Islamic Bank QSC,0.0024,Financials,QA,"US$1,741,326.28","576,379"
2474,Catcher Technology Co Ltd,0.0024,Technology,TW,"US$1,741,009.72","268,000"
3197,Skylark Holdings Co Ltd,0.0024,Consumer Discretionary,JP,"US$1,737,375.46","98,442"
009830,Hanwha Solutions Corp,0.0024,Energy,KR,"US$1,742,731.75","62,755"
601985,China National Nuclear Power Co Ltd,0.0024,Utilities,CN,"US$1,737,420.23","1,299,500"
036570,NC Corp,0.0024,Consumer Discretionary,KR,"US$1,732,005.31","9,016"
OPTIMA,Optima bank SA,0.0024,Financials,GR,"US$1,730,367.06","139,362"
5444,Yamato Kogyo Co Ltd,0.0024,Basic Materials,JP,"US$1,732,326.15","23,400"
601880,Liaoning Port Co Ltd,0.0024,Industrials,CN,"US$1,731,759.90","7,272,800"
BJHI,Bajaj Holdings & Investment Ltd,0.0024,Financials,IN,"US$1,732,686.39","15,887"
ALWN,Allwyn AG,0.0024,Consumer Discretionary,GR,"US$1,732,069.28","117,846"
CVC,CVC Capital Partners PLC,0.0024,Financials,NL,"US$1,725,631.67","107,624"
NYKAA,FSN E-Commerce Ventures Ltd,0.0024,Consumer Discretionary,IN,"US$1,724,937.26","624,739"
1860,Toda Corp,0.0024,Industrials,JP,"US$1,724,772.91","176,400"
1044,Hengan International Group Co Ltd,0.0024,Consumer Staples,HK,"US$1,725,172.89","555,500"
268,Kingdee International Software Group Co Ltd,0.0024,Technology,HK,"US$1,719,776.97","1,854,000"
600663,Shanghai Lujiazui Finance & Trade Zone Development Co Ltd,0.0023,Real Estate,CN,"US$1,708,102.55","1,593,000"
6269,Modec Inc,0.0023,Energy,JP,"US$1,709,177.71","27,100"
2333,Great Wall Motor Co Ltd,0.0023,Consumer Discretionary,HK,"US$1,712,774.01","1,289,500"
STRS,Strauss Group Ltd,0.0023,Consumer Staples,IL,"US$1,712,134.55","39,603"
135,Kunlun Energy Co Ltd,0.0023,Energy,HK,"US$1,712,026.95","1,874,000"
1504,Teco Electric and Machinery Co Ltd,0.0023,Industrials,TW,"US$1,709,469.92","714,000"
AIRARABI,Air Arabia PJSC,0.0023,Consumer Discretionary,AE,"US$1,705,682.14","1,283,753"
6302,Sumitomo Heavy Industries Ltd,0.0023,Industrials,JP,"US$1,705,785.54","52,000"
241,Alibaba Health Information Technology Ltd,0.0023,Consumer Staples,HK,"US$1,698,884.83","3,668,000"
7729,Tokyo Seimitsu Co Ltd,0.0023,Technology,JP,"US$1,692,741.38","15,500"
2371,Kakaku.com Inc,0.0023,Technology,JP,"US$1,695,282.37","80,800"
6990,Sichuan Kelun-Biotech Biopharmaceutical Co Ltd,0.0023,Health Care,HK,"US$1,691,811.06","28,700"
2268,WuXi XDC Cayman Inc,0.0023,Health Care,HK,"US$1,691,677.09","241,500"
5631,Japan Steel Works Ltd/The,0.0023,Industrials,JP,"US$1,686,129.78","35,000"
ISA,Interconexion Electrica SA ESP,0.0023,Utilities,CO,"US$1,679,091.15","203,701"
9507,Shikoku Electric Power Co Inc,0.0023,Utilities,JP,"US$1,677,904.39","183,200"
KIMBERA,Kimberly-Clark de Mexico SAB de CV,0.0023,Consumer Staples,MX,"US$1,678,745.40","758,100"
002460,Ganfeng Lithium Group Co Ltd,0.0023,Basic Materials,CN,"US$1,679,419.77","158,860"
LTF,L&T Finance Ltd,0.0023,Financials,IN,"US$1,673,354.83","554,671"
KMAR,Kongsberg Maritime AS,0.0023,Industrials,NO,"US$1,673,068.89","264,937"
GNP,Glenmark Pharmaceuticals Ltd,0.0023,Health Care,IN,"US$1,670,255.53","69,750"
STM,Seatrium Ltd,0.0023,Industrials,SG,"US$1,670,013.44","1,004,647"
360ONE,360 ONE WAM Ltd,0.0023,Financials,IN,"US$1,657,401.07","142,556"
1209,China Resources Mixc Lifestyle Services Ltd,0.0023,Real Estate,HK,"US$1,657,120.98","312,200"
KEN,Kenon Holdings Ltd/Singapore,0.0023,Utilities,IL,"US$1,659,047.03","18,218"
HER,Hera SpA,0.0023,Utilities,IT,"US$1,656,257.84","368,077"
4203,Sumitomo Bakelite Co Ltd,0.0023,Industrials,JP,"US$1,655,757.27","38,200"
902,Huaneng Power International Inc,0.0022,Utilities,HK,"US$1,647,423.89","1,776,000"
6465,Hoshizaki Corp,0.0022,Industrials,JP,"US$1,644,698.79","49,700"
3888,Kingsoft Corp Ltd,0.0022,Technology,HK,"US$1,647,399.39","609,600"
200725,BOE Technology Group Co Ltd,0.0022,Technology,CN,"US$1,648,269.20","3,053,935"
JSW,JSW Energy Ltd,0.0022,Utilities,IN,"US$1,648,163.23","263,130"
BH/F,Bumrungrad Hospital PCL,0.0022,Health Care,TH,"US$1,647,461.98","298,700"
CSAN3,Cosan SA,0.0022,Energy,BR,"US$1,644,705.39","2,189,276"
2579,Coca-Cola Bottlers Japan Holdings Inc,0.0022,Consumer Staples,JP,"US$1,647,519.00","74,150"
IOB,Indian Overseas Bank,0.0022,Financials,IN,"US$1,636,083.14","4,650,745"
600109,Sinolink Securities Co Ltd,0.0022,Financials,CN,"US$1,635,278.08","1,275,300"
CSG,CSG NV,0.0022,Industrials,NL,"US$1,630,066.95","77,707"
SIEM,Siemens Ltd,0.0022,Industrials,IN,"US$1,629,410.91","40,269"
3249,Industrial & Infrastructure Fund Investment Corp,0.0022,Real Estate,JP,"US$1,624,026.63","1,844"
688008,Montage Technology Co Ltd,0.0022,Technology,CN,"US$1,615,934.16","43,186"
8439,Tokyo Century Corp,0.0022,Consumer Discretionary,JP,"US$1,618,783.84","109,100"
MB,Mediobanca Banca di Credito Finanziario SpA,0.0022,Financials,IT,"US$1,609,790.85","62,167"
ELAL,El Al Israel Airlines,0.0022,Consumer Discretionary,IL,"US$1,598,143.73","333,109"
600196,Shanghai Fosun Pharmaceutical Group Co Ltd,0.0022,Health Care,CN,"US$1,601,361.39","465,700"
CDB,CELCOMDIGI BHD,0.0022,Telecommunications,MY,"US$1,602,923.08","2,083,800"
5393,Nichias Corp,0.0022,Industrials,JP,"US$1,590,380.68","71,700"
TPW,Torrent Power Ltd,0.0022,Utilities,IN,"US$1,597,254.43","106,836"
600019,Baoshan Iron & Steel Co Ltd,0.0022,Basic Materials,CN,"US$1,596,983.04","1,790,700"
UGPA3,Ultrapar Participacoes SA,0.0022,Energy,BR,"US$1,587,530.74","310,400"
SALIK,Salik Co PJSC,0.0022,Industrials,AE,"US$1,588,835.73","1,090,758"
BBNI,Bank Negara Indonesia Persero Tbk PT,0.0022,Financials,ID,"US$1,584,374.37","7,652,100"
HDBFS,HDB Financial Services Ltd,0.0022,Financials,IN,"US$1,588,662.03","226,662"
000060,Shenzhen Zhongjin Lingnan Nonfemet Co Ltd,0.0022,Basic Materials,CN,"US$1,578,272.56","1,384,100"
KRDMD,Kardemir Karabuk Demir Celik Sanayi ve Ticaret AS,0.0022,Basic Materials,TR,"US$1,578,051.68","1,822,334"
UI,Ubiquiti Inc,0.0022,Telecommunications,US,"US$1,579,341.30","2,705"
ENRIN,Siemens Energy India Ltd,0.0022,Industrials,IN,"US$1,575,414.83","38,652"
FDJU,La Francaise des Jeux SAEM,0.0022,Consumer Discretionary,FR,"US$1,571,090.72","59,179"
GEKTERNA,GEK TERNA SA,0.0022,Industrials,GR,"US$1,571,212.82","31,488"
2809,Kewpie Corp,0.0021,Consumer Staples,JP,"US$1,563,343.17","61,800"
603986,GigaDevice Semiconductor Inc,0.0021,Technology,CN,"US$1,562,075.91","22,616"
MARK,Masraf Al Rayan QSC,0.0021,Financials,QA,"US$1,562,154.17","2,615,082"
KEII,KEI Industries Ltd,0.0021,Industrials,IN,"US$1,564,336.61","28,213"
3288,Open House Group Co Ltd,0.0021,Real Estate,JP,"US$1,558,767.51","28,700"
003490,Korean Air Lines Co Ltd,0.0021,Consumer Discretionary,KR,"US$1,554,702.32","87,423"
HVN,Harvey Norman Holdings Ltd,0.0021,Consumer Discretionary,AU,"US$1,553,709.79","468,423"
006405,Samsung SDI Co Ltd,0.0021,Industrials,KR,"US$1,559,548.77","7,940"
3931,New Issuer: BB Company ID:70038993,0.0021,Consumer Discretionary,HK,"US$1,558,792.71","418,100"
MCY,Mercury NZ Ltd,0.0021,Utilities,NZ,"US$1,552,655.59","373,148"
LODHA,Lodha Developers Ltd,0.0021,Real Estate,IN,"US$1,548,101.99","156,774"
4768,Otsuka Corp,0.0021,Technology,JP,"US$1,551,664.68","85,500"
1802,Taiwan Glass Industry Corp,0.0021,Industrials,TW,"US$1,539,565.02","670,760"
MINT/F,Minor International PCL,0.0021,Consumer Discretionary,TH,"US$1,543,784.15","2,232,998"
4151,Kyowa Kirin Co Ltd,0.0021,Health Care,JP,"US$1,538,972.30","97,800"
6368,Organo Corp,0.0021,Industrials,JP,"US$1,533,940.57","15,300"
MEGACPO,Megacable Holdings SAB de CV,0.0021,Telecommunications,MX,"US$1,534,782.12","453,400"
CSMG3,Cia de Saneamento de Minas Gerais Copasa MG,0.0021,Utilities,BR,"US$1,518,296.43","145,700"
STR,Strabag SE,0.0021,Industrials,AT,"US$1,517,276.77","13,672"
002049,Unigroup Guoxin Microelectronics Co Ltd,0.0021,Technology,CN,"US$1,522,784.71","129,839"
2347,Synnex Technology International Corp,0.0021,Technology,TW,"US$1,523,415.27","555,550"
5233,Taiheiyo Cement Corp,0.0021,Industrials,JP,"US$1,522,426.03","53,500"
303,VTech Holdings Ltd,0.0021,Telecommunications,HK,"US$1,511,199.50","231,100"
SAIL,Steel Authority of India Ltd,0.0021,Basic Materials,IN,"US$1,515,323.95","704,388"
168,Tsingtao Brewery Co Ltd,0.0021,Consumer Staples,HK,"US$1,516,005.69","238,873"
3969,China Railway Signal & Communication Corp Ltd,0.0021,Industrials,HK,"US$1,514,216.45","3,532,000"
8233,Takashimaya Co Ltd,0.0021,Consumer Discretionary,JP,"US$1,512,371.38","120,800"
3391,Tsuruha Holdings Inc,0.0021,Consumer Staples,JP,"US$1,516,131.68","122,421"
600309,Wanhua Chemical Group Co Ltd,0.0021,Basic Materials,CN,"US$1,504,533.05","138,500"
A2M,a2 Milk Co Ltd/The,0.0021,Consumer Staples,AU,"US$1,507,416.70","390,147"
300408,Chaozhou Three-Circle Group Co Ltd,0.0021,Technology,CN,"US$1,504,650.63","79,000"
002926,Huaxi Securities Co Ltd,0.0021,Financials,CN,"US$1,506,977.79","1,259,500"
BIOS,Biocon Ltd,0.0021,Health Care,IN,"US$1,504,787.11","333,500"
AMV0,Aumovio SE,0.0021,Consumer Discretionary,DE,"US$1,507,023.13","32,205"
ALX,Atlas Arteria Ltd,0.0021,Industrials,AU,"US$1,502,644.31","423,622"
8954,Orix JREIT Inc,0.0021,Real Estate,JP,"US$1,501,354.98","2,487"
3086,J Front Retailing Co Ltd,0.0021,Consumer Discretionary,JP,"US$1,496,722.16","109,900"
GOTO,GoTo Gojek Tokopedia Tbk PT,0.002,Technology,ID,"US$1,493,106.04","533,636,100"
WARBABAN,Warba Bank KSCP,0.002,Financials,KW,"US$1,490,224.66","1,658,545"
600183,Shengyi Technology Co Ltd,0.002,Technology,CN,"US$1,491,167.43","71,700"
051915,LG Chem Ltd,0.002,Industrials,KR,"US$1,494,273.39","13,444"
ENKAI,Enka Insaat ve Sanayi AS,0.002,Industrials,TR,"US$1,493,683.15","682,067"
066970,L&F Co Ltd,0.002,Basic Materials,KR,"US$1,491,135.77","13,352"
DEMANT,Demant A/S,0.002,Health Care,DK,"US$1,494,331.93","38,250"
ASAI3,Sendas Distribuidora S/A,0.002,Consumer Staples,BR,"US$1,494,305.29","863,828"
2282,NH Foods Ltd,0.002,Consumer Staples,JP,"US$1,480,567.87","38,600"
3132,Macnica Holdings Inc,0.002,Technology,JP,"US$1,478,905.71","75,700"
1721,COMSYS Holdings Corp,0.002,Industrials,JP,"US$1,476,698.91","43,300"
PIRC,Pirelli & C SpA,0.002,Consumer Discretionary,IT,"US$1,475,422.72","200,371"
AMMN,Amman Mineral Internasional PT,0.002,Basic Materials,ID,"US$1,468,712.37","7,953,300"
HOLMB,Holmen AB,0.002,Basic Materials,SE,"US$1,470,015.17","44,183"
4403,NOF Corp,0.002,Basic Materials,JP,"US$1,462,551.04","83,300"
JD/,JD Sports Fashion PLC,0.002,Consumer Discretionary,GB,"US$1,462,772.17","1,287,898"
601868,China Energy Engineering Corp Ltd,0.002,Industrials,CN,"US$1,458,837.82","3,413,100"
600875,Dongfang Electric Corp Ltd,0.002,Energy,CN,"US$1,452,665.33","278,800"
285,BYD Electronic International Co Ltd,0.002,Telecommunications,HK,"US$1,455,760.84","391,000"
5406,Kobe Steel Ltd,0.002,Basic Materials,JP,"US$1,453,998.37","116,900"
2587,Suntory Beverage & Food Ltd,0.002,Consumer Staples,JP,"US$1,457,594.07","53,600"
3064,MonotaRO Co Ltd,0.002,Consumer Discretionary,JP,"US$1,457,184.50","122,800"
KLBN11,Klabin SA,0.002,Basic Materials,BR,"US$1,453,597.50","441,067"
CIT,City Developments Ltd,0.002,Real Estate,SG,"US$1,446,426.47","215,000"
PAG,Page Industries Ltd,0.002,Consumer Discretionary,IN,"US$1,449,399.74","3,605"
161390,Hankook Tire & Technology Co Ltd,0.002,Consumer Discretionary,KR,"US$1,449,520.11","32,701"
SRCM,Shree Cement Ltd,0.002,Industrials,IN,"US$1,450,785.00","5,453"
688012,Advanced Micro-Fabrication Equipment Inc China,0.002,Technology,CN,"US$1,438,551.49","32,675"
7731,Nikon Corp,0.002,Consumer Discretionary,JP,"US$1,443,713.17","124,600"
9412,SKY Perfect JSAT Corp,0.002,Telecommunications,JP,"US$1,437,678.25","51,200"
GENTERA*,Gentera SAB de CV,0.002,Financials,MX,"US$1,437,838.18","581,200"
SCC-R,Siam Cement PCL/The,0.002,Industrials,TH,"US$1,430,563.83","205,100"
REY,Reply SpA,0.002,Technology,IT,"US$1,433,504.93","11,938"
8253,Credit Saison Co Ltd,0.002,Industrials,JP,"US$1,434,696.90","55,800"
EREGL,Eregli Demir ve Celik Fabrikalari TAS,0.002,Basic Materials,TR,"US$1,436,347.72","1,682,402"
OMAB,Grupo Aeroportuario del Centro Norte SAB de CV,0.002,Industrials,MX,"US$1,435,823.19","114,203"
T,Telekom Malaysia Bhd,0.002,Telecommunications,MY,"US$1,424,133.27","763,066"
MBRF3,MBRF Global Foods Co SA,0.002,Consumer Staples,BR,"US$1,422,007.17","449,269"
443060,HD Hyundai Marine Solution Co Ltd,0.002,Industrials,KR,"US$1,426,940.94","9,600"
6324,Harmonic Drive Systems Inc,0.002,Industrials,JP,"US$1,425,843.33","29,100"
LLOYDSME,Lloyds Metals & Energy Ltd,0.002,Basic Materials,IN,"US$1,427,699.50","75,263"
2912,President Chain Store Corp,0.002,Consumer Staples,TW,"US$1,427,782.48","209,000"
ALARKAN,Dar Al Arkan Real Estate Development Co,0.002,Real Estate,SA,"US$1,424,202.84","318,502"
VMM,Vishal Mega Mart Ltd,0.0019,Consumer Discretionary,IN,"US$1,419,333.17","1,107,306"
5901,Toyo Seikan Group Holdings Ltd,0.0019,Industrials,JP,"US$1,407,525.60","57,600"
9024,Seibu Holdings Inc,0.0019,Consumer Discretionary,JP,"US$1,411,946.23","79,719"
142,First Pacific Co Ltd,0.0019,Consumer Staples,HK,"US$1,412,725.20","2,166,750"
BANB,Bachem Holding AG,0.0019,Health Care,CH,"US$1,406,088.95","14,296"
601066,CSC Financial Co Ltd,0.0019,Financials,CN,"US$1,395,991.98","387,000"
EDV,Endeavour Group Ltd/Australia,0.0019,Consumer Staples,AU,"US$1,399,789.56","675,522"
TRUE/F,True Corp PCL,0.0019,Telecommunications,TH,"US$1,395,681.41","3,291,482"
SCC/F,Siam Cement PCL/The,0.0019,Industrials,TH,"US$1,394,991.55","200,000"
8418,Yamaguchi Financial Group Inc,0.0019,Financials,JP,"US$1,394,437.46","81,000"
7951,Yamaha Corp,0.0019,Consumer Discretionary,JP,"US$1,398,615.49","192,600"
6268,Nabtesco Corp,0.0019,Industrials,JP,"US$1,393,764.06","40,100"
3769,GMO Payment Gateway Inc,0.0019,Industrials,JP,"US$1,386,396.90","25,197"
5991,NHK Spring Co Ltd,0.0019,Consumer Discretionary,JP,"US$1,386,541.24","61,500"
4385,Mercari Inc,0.0019,Technology,JP,"US$1,390,010.68","52,200"
BOQ,Bank of Queensland Ltd,0.0019,Financials,AU,"US$1,390,329.73","308,683"
AXFO,Axfood AB,0.0019,Consumer Staples,SE,"US$1,389,448.09","48,632"
5832,Chugin Financial Group Inc,0.0019,Financials,JP,"US$1,384,995.92","73,800"
7867,Tomy Co Ltd,0.0019,Consumer Discretionary,JP,"US$1,381,157.11","69,600"
MTELEKOM,Magyar Telekom Telecommunications PLC,0.0019,Telecommunications,HU,"US$1,380,638.88","159,271"
2615,Wan Hai Lines Ltd,0.0019,Industrials,TW,"US$1,382,355.27","528,085"
MRF,MRF Ltd,0.0019,Consumer Discretionary,IN,"US$1,383,603.16","1,065"
BBDC3,Banco Bradesco SA,0.0019,Financials,BR,"US$1,372,011.39","447,736"
6818,China Everbright Bank Co Ltd,0.0019,Financials,HK,"US$1,377,625.23","3,540,000"
034220,LG Display Co Ltd,0.0019,Technology,KR,"US$1,367,009.39","128,035"
PI,PI Industries Ltd,0.0019,Basic Materials,IN,"US$1,365,738.16","46,755"
002202,Goldwind Science & Technology Co Ltd,0.0019,Energy,CN,"US$1,359,076.65","392,371"
8955,Japan Prime Realty Investment Corp,0.0019,Real Estate,JP,"US$1,360,875.68","2,278"
000513,Livzon Pharmaceutical Group Inc,0.0019,Health Care,CN,"US$1,356,348.45","297,177"
ITCHOTEL,New Issuer: BB Company ID:183206,0.0019,Consumer Discretionary,IN,"US$1,359,980.72","834,344"
JDSL,Jindal Stainless Ltd,0.0019,Basic Materials,IN,"US$1,361,228.80","188,756"
000815,Samsung Fire & Marine Insurance Co Ltd,0.0019,Financials,KR,"US$1,350,095.55","5,559"
601336,New China Life Insurance Co Ltd,0.0019,Financials,CN,"US$1,353,557.30","153,300"
600111,China Northern Rare Earth Group High-Tech Co Ltd,0.0019,Basic Materials,CN,"US$1,351,863.88","188,000"
ANN,Ansell Ltd,0.0019,Health Care,AU,"US$1,353,752.20","67,559"
BRAV3,Brava Energia,0.0018,Energy,BR,"US$1,342,740.50","335,400"
1722,Taiwan Fertilizer Co Ltd,0.0018,Basic Materials,TW,"US$1,344,795.77","904,000"
00088K,Hanwha Corp,0.0018,Financials,KR,"US$1,341,549.30","42,473"
1959,Kraftia Corp,0.0018,Industrials,JP,"US$1,347,000.44","23,000"
ECOPETL,Ecopetrol SA,0.0018,Energy,CO,"US$1,348,285.84","1,857,061"
1913,PRADA SpA,0.0018,Consumer Discretionary,HK,"US$1,344,599.48","287,300"
600406,NARI Technology Co Ltd,0.0018,Industrials,CN,"US$1,342,853.32","364,644"
YKBNK,Yapi ve Kredi Bankasi AS,0.0018,Financials,TR,"US$1,337,245.78","1,850,680"
FBU,Fletcher Building Ltd,0.0018,Industrials,NZ,"US$1,332,262.02","708,681"
APAT,APL Apollo Tubes Ltd,0.0018,Basic Materials,IN,"US$1,329,629.17","68,983"
TWE,Treasury Wine Estates Ltd,0.0018,Consumer Staples,AU,"US$1,327,597.87","435,181"
CHOLAHLD,Cholamandalam Financial Holdings Ltd,0.0018,Financials,IN,"US$1,327,431.22","79,713"
600362,Jiangxi Copper Co Ltd,0.0018,Basic Materials,CN,"US$1,329,167.56","206,600"
600176,China Jushi Co Ltd,0.0018,Basic Materials,CN,"US$1,323,487.09","212,558"
916,China Longyuan Power Group Corp Ltd,0.0018,Utilities,HK,"US$1,322,488.33","1,531,000"
8984,Daiwa House REIT Investment Corp,0.0018,Real Estate,JP,"US$1,325,774.23","1,750"
600919,Bank of Jiangsu Co Ltd,0.0018,Financials,CN,"US$1,326,457.49","794,400"
7649,Sugi Holdings Co Ltd,0.0018,Consumer Staples,JP,"US$1,324,464.48","76,600"
1929,Chow Tai Fook Jewellery Group Ltd,0.0018,Consumer Discretionary,HK,"US$1,324,005.15","944,200"
MFT,Mainfreight Ltd,0.0018,Industrials,NZ,"US$1,319,937.43","34,049"
ARION,Arion Banki HF,0.0018,Financials,IS,"US$1,321,411.52","820,076"
JKCE,JK Cement Ltd,0.0018,Industrials,IN,"US$1,313,052.98","24,123"
5838,Rakuten Bank Ltd,0.0018,Financials,JP,"US$1,312,392.11","44,900"
PEPL,Prestige Estates Projects Ltd,0.0018,Real Estate,IN,"US$1,312,731.31","91,082"
270,Guangdong Investment Ltd,0.0018,Utilities,HK,"US$1,312,578.15","1,232,000"
ENGI11,Energisa S/A,0.0018,Utilities,BR,"US$1,315,193.55","138,594"
PEP,PPB Group Bhd,0.0018,Consumer Staples,MY,"US$1,314,848.69","527,136"
011790,SKC Co Ltd,0.0018,Basic Materials,KR,"US$1,311,009.89","14,183"
000157,Zoomlion Heavy Industry Science and Technology Co Ltd,0.0018,Industrials,CN,"US$1,310,637.66","1,229,100"
DABUR,Dabur India Ltd,0.0018,Consumer Staples,IN,"US$1,310,849.09","280,854"
5483,Sino-American Silicon Products Inc,0.0018,Technology,TW,"US$1,301,304.05","237,000"
ASTOR,Astor Transformator Enerji Turizm Insaat Ve Petrol Sanayi Ticaret AS,0.0018,Industrials,TR,"US$1,301,764.57","191,016"
1548,Genscript Biotech Corp,0.0018,Health Care,HK,"US$1,298,634.75","744,000"
8304,Aozora Bank Ltd,0.0018,Financials,JP,"US$1,303,460.33","77,700"
6936,SF Holding Co Ltd,0.0018,Industrials,HK,"US$1,301,104.96","326,000"
6923,Stanley Electric Co Ltd,0.0018,Consumer Discretionary,JP,"US$1,298,248.63","58,200"
PARKIN,Parkin Co PJSC,0.0018,Industrials,AE,"US$1,304,343.63","833,158"
600703,Sanan Optoelectronics Co Ltd,0.0018,Technology,CN,"US$1,301,588.86","562,700"
600690,Haier Smart Home Co Ltd,0.0018,Consumer Discretionary,CN,"US$1,301,632.05","421,500"
EXX,Exxaro Resources Ltd,0.0018,Energy,ZA,"US$1,303,055.68","98,186"
9064,Yamato Holdings Co Ltd,0.0018,Industrials,JP,"US$1,295,063.76","113,400"
HAGA,Hagar hf,0.0018,Consumer Discretionary,IS,"US$1,291,875.29","1,259,886"
DRD,DRDGOLD Ltd,0.0018,Basic Materials,ZA,"US$1,291,786.41","481,487"
2618,JD Logistics Inc,0.0018,Industrials,HK,"US$1,287,329.01","782,724"
6305,Hitachi Construction Machinery Co Ltd,0.0018,Industrials,JP,"US$1,290,033.92","39,500"
ANDINAB,Embotelladora Andina SA,0.0018,Consumer Staples,CL,"US$1,288,773.46","254,875"
688271,Shanghai United Imaging Healthcare Co Ltd,0.0018,Health Care,CN,"US$1,290,207.69","72,516"
1364,Guming Holdings Ltd,0.0018,Consumer Discretionary,HK,"US$1,277,689.03","439,200"
19,Swire Pacific Ltd,0.0017,Consumer Staples,HK,"US$1,270,217.16","122,000"
LEN/B,Lennar Corp,0.0017,Consumer Discretionary,US,"US$1,269,320.88","14,411"
322,Tingyi Cayman Islands Holding Corp,0.0017,Consumer Staples,HK,"US$1,268,583.97","832,000"
6323,Rorze Corp,0.0017,Technology,JP,"US$1,272,375.78","51,500"
YTLP,YTL Power International Bhd,0.0017,Utilities,MY,"US$1,268,459.02","1,209,000"
BLSTR,Blue Star Ltd,0.0017,Industrials,IN,"US$1,273,541.68","76,140"
HZ,Hindustan Zinc Ltd,0.0017,Basic Materials,IN,"US$1,268,565.05","190,400"
CENOMICE,Arabian Centres Co,0.0017,Real Estate,SA,"US$1,274,084.31","284,591"
BRPT,Barito Pacific Tbk PT,0.0017,Basic Materials,ID,"US$1,266,841.82","11,669,311"
000001,Ping An Bank Co Ltd,0.0017,Financials,CN,"US$1,266,683.45","783,588"
REH,Reece Ltd,0.0017,Industrials,AU,"US$1,266,436.75","127,548"
600031,Sany Heavy Industry Co Ltd,0.0017,Industrials,CN,"US$1,263,755.85","476,300"
2311004D,Vedanta Aluminium Metal Ltd,0.0017,Basic Materials,IN,"US$1,261,255.03","990,037"
0808421D,Talwandi Sabo Power Ltd,0.0017,Basic Materials,IN,"US$1,261,255.03","990,037"
SNN,Societatea Nationala Nuclearelectrica SA,0.0017,Utilities,RO,"US$1,267,360.61","83,903"
2311203D,Vedanta Iron and Steel Ltd,0.0017,Basic Materials,IN,"US$1,261,255.03","990,037"
7172841Z,Malco Energy Ltd,0.0017,Basic Materials,IN,"US$1,261,255.03","990,037"
3309,Sekisui House Reit Inc,0.0017,Real Estate,JP,"US$1,255,832.65","2,438"
9001,Tobu Railway Co Ltd,0.0017,Industrials,JP,"US$1,255,225.83","71,800"
MPHC,Mesaieed Petrochemical Holding Co,0.0017,Basic Materials,QA,"US$1,255,298.95","3,715,889"
GPL,Godrej Properties Ltd,0.0017,Real Estate,IN,"US$1,253,112.71","67,536"
ALOS3,Allos SA,0.0017,Real Estate,BR,"US$1,252,055.08","224,500"
600585,Anhui Conch Cement Co Ltd,0.0017,Industrials,CN,"US$1,251,058.57","419,800"
6141,DMG Mori Co Ltd,0.0017,Industrials,JP,"US$1,246,510.46","57,600"
5076,INFRONEER Holdings Inc,0.0017,Industrials,JP,"US$1,242,527.39","80,668"
600872,Jonjee Hi-Tech Industrial And Commercial Holding Co Ltd,0.0017,Consumer Staples,CN,"US$1,241,128.01","427,500"
NAM,Nippon Life India Asset Management Ltd,0.0017,Financials,IN,"US$1,243,967.19","107,414"
SPK,Spark New Zealand Ltd,0.0017,Telecommunications,NZ,"US$1,238,508.04","1,055,440"
THBEV,Thai Beverage PCL,0.0017,Consumer Staples,SG,"US$1,234,743.40","3,499,400"
DLEKG,Delek Group Ltd,0.0017,Energy,IL,"US$1,226,107.90","3,966"
3396,Legend Holdings Corp,0.0017,Technology,HK,"US$1,224,828.64","583,200"
ALUP11,Alupar Investimento SA,0.0017,Utilities,BR,"US$1,222,131.59","189,800"
MVNE,Mivne Real Estate KD Ltd,0.0017,Real Estate,IL,"US$1,219,059.49","236,838"
OFSS,Oracle Financial Services Software Ltd,0.0017,Technology,IN,"US$1,219,908.25","11,631"
600989,Ningxia Baofeng Energy Group Co Ltd,0.0017,Basic Materials,CN,"US$1,219,247.35","343,495"
300124,Shenzhen Inovance Technology Co Ltd,0.0017,Industrials,CN,"US$1,214,171.52","111,000"
600150,China CSSC Holdings Ltd,0.0017,Industrials,CN,"US$1,213,483.79","219,500"
ADNOCLS,ADNOC Logistics & Services,0.0017,Industrials,AE,"US$1,216,763.34","746,075"
3226,Mitsui Fudosan Accommodations Fund Inc,0.0017,Real Estate,JP,"US$1,210,044.60","1,530"
9533,Toho Gas Co Ltd,0.0017,Utilities,JP,"US$1,211,533.39","156,800"
ALKEM,Alkem Laboratories Ltd,0.0017,Health Care,IN,"US$1,212,337.94","20,948"
960,Longfor Group Holdings Ltd,0.0017,Real Estate,HK,"US$1,204,934.03","1,203,000"
PTTGC/F,PTT Global Chemical PCL,0.0016,Basic Materials,TH,"US$1,197,538.79","1,163,400"
1910,Samsonite International SA,0.0016,Consumer Discretionary,HK,"US$1,195,615.23","647,135"
6728,Ulvac Inc,0.0016,Technology,JP,"US$1,200,015.08","20,100"
763,ZTE Corp,0.0016,Telecommunications,HK,"US$1,195,658.97","349,920"
00680K,Mirae Asset Securities Co Ltd,0.0016,Financials,KR,"US$1,202,373.97","116,078"
3269,Advance Residence Investment Corp,0.0016,Real Estate,JP,"US$1,191,833.66","1,232"
YTL,YTL Corp Bhd,0.0016,Utilities,MY,"US$1,191,722.65","2,304,966"
SW,Sodexo SA,0.0016,Consumer Discretionary,FR,"US$1,194,851.29","21,693"
002340,GEM Co Ltd,0.0016,Utilities,CN,"US$1,184,284.44","1,026,600"
1357,Meitu Inc,0.0016,Technology,HK,"US$1,182,708.55","2,126,000"
HYPE3,Hypera SA,0.0016,Health Care,BR,"US$1,185,839.44","273,766"
7180,Kyushu Financial Group Inc,0.0016,Financials,JP,"US$1,175,815.57","135,440"
FTAL,Fattal Holdings 1998 Ltd,0.0016,Consumer Discretionary,IL,"US$1,178,897.43","3,870"
TAWUNIYA,Co for Cooperative Insurance/The,0.0016,Financials,SA,"US$1,177,409.26","32,017"
ZYDUSLIF,Zydus Lifesciences Ltd,0.0016,Health Care,IN,"US$1,175,112.74","103,587"
ILU,Iluka Resources Ltd,0.0016,Basic Materials,AU,"US$1,177,229.19","207,111"
900948,Inner Mongolia Yitai Coal Co Ltd,0.0016,Energy,CN,"US$1,170,102.00","420,900"
1882,Haitian International Holdings Ltd,0.0016,Industrials,HK,"US$1,172,378.59","465,000"
780,Tongcheng Travel Holdings Ltd,0.0016,Consumer Discretionary,HK,"US$1,167,864.85","646,400"
TAIBA,Taiba Investments Co,0.0016,Real Estate,SA,"US$1,167,927.43","222,928"
TLX,Telix Pharmaceuticals Ltd,0.0016,Health Care,AU,"US$1,162,426.07","123,991"
SIGMAFA,Sigma Foods SAB de CV,0.0016,Consumer Staples,MX,"US$1,159,170.88","1,211,641"
INW,Infrastrutture Wireless Italiane SpA,0.0016,Telecommunications,IT,"US$1,163,297.15","149,232"
3998,Bosideng International Holdings Ltd,0.0016,Consumer Discretionary,HK,"US$1,162,630.46","2,144,000"
601225,Shaanxi Coal Industry Co Ltd,0.0016,Energy,CN,"US$1,156,148.16","303,700"
600959,Jiangsu Broadcasting Cable Information Network Corp Ltd,0.0016,Telecommunications,CN,"US$1,157,654.35","2,217,400"
CBK,Canara Bank,0.0016,Financials,IN,"US$1,145,167.77","831,735"
MOH,Motor Oil Hellas Corinth Refineries SA,0.0016,Energy,GR,"US$1,145,474.74","26,544"
CPF/F,Charoen Pokphand Foods PCL,0.0016,Consumer Staples,TH,"US$1,150,917.19","1,971,400"
005385,Hyundai Motor Co,0.0016,Consumer Discretionary,KR,"US$1,150,727.27","6,329"
SI,Supreme Industries Ltd,0.0016,Industrials,IN,"US$1,139,229.00","30,495"
MPACT,Mapletree Pan Asia Commercial Trust,0.0016,Real Estate,SG,"US$1,139,418.29","1,135,279"
323410,KakaoBank Corp,0.0016,Financials,KR,"US$1,139,992.04","76,695"
GRUMAB,Gruma SAB de CV,0.0016,Consumer Staples,MX,"US$1,142,939.42","68,165"
1157,Zoomlion Heavy Industry Science and Technology Co Ltd,0.0016,Industrials,HK,"US$1,139,447.52","1,238,600"
914,Anhui Conch Cement Co Ltd,0.0016,Industrials,HK,"US$1,138,779.44","469,000"
6862,Haidilao International Holding Ltd,0.0016,Consumer Discretionary,HK,"US$1,136,407.48","698,000"
6969,Smoore International Holdings Ltd,0.0016,Consumer Staples,HK,"US$1,135,555.16","978,000"
2002,Nisshin Seifun Group Inc,0.0016,Consumer Staples,JP,"US$1,135,500.66","91,990"
9076,Seino Holdings Co Ltd,0.0016,Industrials,JP,"US$1,136,212.07","66,400"
SBICARD,SBI Cards & Payment Services Ltd,0.0016,Financials,IN,"US$1,134,337.62","172,585"
6417,Sankyo Co Ltd,0.0015,Consumer Discretionary,JP,"US$1,124,047.68","110,900"
4902,Konica Minolta Inc,0.0015,Technology,JP,"US$1,125,073.69","293,800"
ROCKB,ROCKWOOL A/S,0.0015,Industrials,DK,"US$1,126,358.23","35,640"
7276,Koito Manufacturing Co Ltd,0.0015,Consumer Discretionary,JP,"US$1,124,492.74","64,000"
SGM,Sims Ltd,0.0015,Utilities,AU,"US$1,123,489.97","58,221"
WHL,Woolworths Holdings Ltd/South Africa,0.0015,Consumer Discretionary,ZA,"US$1,122,326.93","369,510"
1099,Sinopharm Group Co Ltd,0.0015,Consumer Staples,HK,"US$1,118,515.32","518,100"
8TRA,Traton SE,0.0015,Industrials,DE,"US$1,122,122.86","28,483"
8252,Marui Group Co Ltd,0.0015,Financials,JP,"US$1,110,461.71","64,800"
PIRAMALF,Piramal Finance Ltd,0.0015,Financials,IN,"US$1,111,865.01","54,820"
OINL,Oil India Ltd,0.0015,Energy,IN,"US$1,113,805.07","222,223"
OTOEL,Autohellas Tourist and Trading SA,0.0015,Consumer Discretionary,GR,"US$1,114,781.48","86,845"
RIYADHCA,Riyadh Cables Group Co,0.0015,Industrials,SA,"US$1,109,109.68","36,670"
NDA,Nordea Bank Abp,0.0015,Financials,SE,"US$1,104,706.20","57,546"
TADAWULG,Saudi Tadawul Group Holding Co,0.0015,Financials,SA,"US$1,095,170.68","29,889"
6005,Miura Co Ltd,0.0015,Industrials,JP,"US$1,090,934.10","53,900"
300433,Lens Technology Co Ltd,0.0015,Technology,CN,"US$1,088,952.81","181,800"
SIE,SIA Engineering Co Ltd,0.0015,Industrials,SG,"US$1,088,274.59","429,700"
MAXIS,Maxis Bhd,0.0015,Telecommunications,MY,"US$1,090,824.21","1,165,800"
8060,Canon Marketing Japan Inc,0.0015,Technology,JP,"US$1,082,987.62","48,400"
9995,Remegen Co Ltd,0.0015,Health Care,HK,"US$1,080,922.88","102,500"
NMDC,NMDC Ltd,0.0015,Basic Materials,IN,"US$1,085,567.83","1,172,053"
13,HUTCHMED China Ltd,0.0015,Health Care,HK,"US$1,084,604.59","464,000"
8,PCCW Ltd,0.0015,Telecommunications,HK,"US$1,083,631.58","1,492,593"
4887,Sawai Group Holdings Co Ltd,0.0015,Health Care,JP,"US$1,081,108.11","98,400"
601668,China State Construction Engineering Corp Ltd,0.0015,Industrials,CN,"US$1,072,730.11","1,501,700"
3323,China National Building Material Co Ltd,0.0015,Industrials,HK,"US$1,074,614.76","1,586,099"
2212,Yamazaki Baking Co Ltd,0.0015,Consumer Staples,JP,"US$1,072,265.85","54,500"
3350,Red Planet Japan Inc,0.0015,Financials,JP,"US$1,074,135.31","587,600"
600489,Zhongjin Gold Corp Ltd,0.0015,Basic Materials,CN,"US$1,071,021.75","323,000"
010950,S-Oil Corp,0.0015,Energy,KR,"US$1,073,002.26","15,056"
RRTL,RTL Group SA,0.0015,Consumer Discretionary,DE,"US$1,076,757.93","29,246"
002203,Zhejiang Hailiang Co Ltd,0.0015,Basic Materials,CN,"US$1,074,117.39","354,100"
2609,Yang Ming Marine Transport Corp,0.0015,Industrials,TW,"US$1,073,330.03","638,000"
4613,Kansai Paint Co Ltd,0.0015,Industrials,JP,"US$1,072,930.77","69,700"
CRIN,Coromandel International Ltd,0.0015,Basic Materials,IN,"US$1,068,293.12","57,874"
NEXI,Nexi SpA,0.0015,Industrials,IT,"US$1,068,374.61","260,834"
001040,CJ Corp,0.0015,Industrials,KR,"US$1,068,164.23","9,955"
0126Z0,Samsung Episholdings Co Ltd,0.0015,Health Care,KR,"US$1,069,810.22","3,331"
IJM,IJM Corp Bhd,0.0014,Industrials,MY,"US$1,057,155.61","1,854,700"
2385,Chicony Electronics Co Ltd,0.0014,Technology,TW,"US$1,057,255.13","244,421"
3898,Zhuzhou CRRC Times Electric Co Ltd,0.0014,Industrials,HK,"US$1,063,477.68","205,800"
TTKOM,Turk Telekomunikasyon AS,0.0014,Telecommunications,TR,"US$1,060,620.29","794,673"
8YZ,Yangzijiang Maritime Development Ltd,0.0014,Financials,SG,"US$1,059,398.60","2,179,200"
SUNMED,Sunway Healthcare Holdings bhd,0.0014,Health Care,MY,"US$1,063,401.72","2,382,140"
BBAJIOO,Banco del Bajio SA,0.0014,Financials,MX,"US$1,060,147.80","327,700"
1776,GF Securities Co Ltd,0.0014,Financials,HK,"US$1,049,273.99","509,200"
9831,Yamada Holdings Co Ltd,0.0014,Consumer Discretionary,JP,"US$1,054,498.40","268,800"
PNB,Punjab National Bank,0.0014,Financials,IN,"US$1,050,238.83","940,808"
9917,Taiwan Secom Co Ltd,0.0014,Industrials,TW,"US$1,051,731.02","289,000"
8227,Shimamura Co Ltd,0.0014,Consumer Discretionary,JP,"US$1,054,664.24","51,000"
2871,Nichirei Corp,0.0014,Consumer Staples,JP,"US$1,046,113.45","91,400"
9202,ANA Holdings Inc,0.0014,Consumer Discretionary,JP,"US$1,041,741.65","55,491"
4912,Lion Corp,0.0014,Consumer Staples,JP,"US$1,045,823.23","102,800"
PETKM,Petkim Petrokimya Holding AS,0.0014,Basic Materials,TR,"US$1,035,981.43","2,151,267"
CXSE3,Caixa Seguridade Participacoes S/A,0.0014,Financials,BR,"US$1,037,419.04","296,300"
NTPCGREE,NTPC Green Energy Ltd,0.0014,Utilities,IN,"US$1,038,997.55","953,485"
VFQS,Vodafone Qatar PQSC,0.0014,Telecommunications,QA,"US$1,030,598.05","1,392,359"
2367,Giant Biogene Holding Co ltd,0.0014,Consumer Staples,HK,"US$1,030,970.47","268,800"
TCOM,Tata Communications Ltd,0.0014,Telecommunications,IN,"US$1,029,535.89","49,774"
ADES,Ades Holding Co,0.0014,Energy,SA,"US$1,032,762.10","196,928"
601211,Guotai Junan Securities Co Ltd,0.0014,Financials,CN,"US$1,032,923.12","454,100"
9468,Kadokawa Corp,0.0014,Consumer Discretionary,JP,"US$1,027,997.99","51,300"
AJP,Ajanta Pharma Ltd,0.0014,Health Care,IN,"US$1,030,941.97","33,439"
NHPC,NHPC Ltd,0.0014,Utilities,IN,"US$1,023,292.59","1,232,570"
603893,Rockchip Electronics Co Ltd,0.0014,Technology,CN,"US$1,026,253.98","39,500"
ISCTR,Turkiye Is Bankasi AS,0.0014,Financials,TR,"US$1,025,375.12","3,581,146"
MABANEE,Mabanee Co KPSC,0.0014,Real Estate,KW,"US$1,022,234.05","320,445"
670,China Eastern Airlines Corp Ltd,0.0014,Consumer Discretionary,HK,"US$1,024,982.77","2,114,000"
9688,Zai Lab Ltd,0.0014,Health Care,HK,"US$1,024,197.27","577,070"
128940,Hanmi Pharm Co Ltd,0.0014,Health Care,KR,"US$1,019,468.48","3,129"
9142,Kyushu Railway Co,0.0014,Consumer Discretionary,JP,"US$1,015,913.03","45,918"
600026,COSCO SHIPPING Energy Transportation Co Ltd,0.0014,Industrials,CN,"US$1,017,582.91","353,200"
DWS,DWS Group GmbH & Co KGaA,0.0014,Financials,DE,"US$1,011,300.50","13,989"
4506,Sumitomo Pharma Co Ltd,0.0014,Health Care,JP,"US$1,006,282.43","98,700"
241560,Doosan Bobcat Inc,0.0014,Industrials,KR,"US$1,008,796.22","23,497"
6460,Sega Sammy Holdings Inc,0.0014,Consumer Discretionary,JP,"US$1,011,632.95","69,700"
IPCA,Ipca Laboratories Ltd,0.0014,Health Care,IN,"US$1,009,618.14","62,919"
3038,Kobe Bussan Co Ltd,0.0014,Consumer Staples,JP,"US$997,955.90","58,600"
300033,Hithink RoyalFlush Information Network Co Ltd,0.0014,Technology,CN,"US$1,004,489.16","29,820"
ATGL,Adani Total Gas Ltd,0.0014,Utilities,IN,"US$1,002,213.08","123,122"
MMFS,Mahindra & Mahindra Financial Services Ltd,0.0014,Financials,IN,"US$997,125.87","311,961"
151,Want Want China Holdings Ltd,0.0014,Consumer Staples,HK,"US$993,104.86","1,871,000"
5021,Cosmo Energy Holdings Co Ltd,0.0014,Energy,JP,"US$993,011.13","42,278"
NWL,Netwealth Group Ltd,0.0014,Financials,AU,"US$983,676.67","63,976"
002714,Muyuan Foods Group Co Ltd,0.0014,Consumer Staples,CN,"US$986,983.94","175,294"
MAZDOCKS,Mazagon Dock Shipbuilders Ltd,0.0014,Industrials,IN,"US$990,253.94","38,296"
KBANK-R,Kasikornbank PCL,0.0013,Financials,TH,"US$977,670.92","158,300"
601228,Guangzhou Port Co Ltd,0.0013,Industrials,CN,"US$981,243.37","2,154,100"
271560,Orion Corp/Republic of Korea,0.0013,Consumer Staples,KR,"US$979,868.88","11,394"
7988,Nifco Inc/Japan,0.0013,Consumer Discretionary,JP,"US$979,584.14","34,500"
2727,Shanghai Electric Group Co Ltd,0.0013,Industrials,HK,"US$981,958.30","1,850,000"
3048,Bic Camera Inc,0.0013,Consumer Discretionary,JP,"US$979,525.10","87,700"
2371,Tatung Co Ltd,0.0013,Industrials,TW,"US$980,934.70","1,031,150"
180640,Hanjin Kal Corp,0.0013,Consumer Discretionary,KR,"US$972,781.35","13,315"
138930,BNK Financial Group Inc,0.0013,Financials,KR,"US$971,932.59","87,081"
5110,Sumitomo Rubber Industries Ltd,0.0013,Consumer Discretionary,JP,"US$968,667.00","74,100"
CEMARGOS,Cementos Argos SA,0.0013,Industrials,CO,"US$975,569.01","333,418"
1414,SHO-BOND Holdings Co Ltd,0.0013,Industrials,JP,"US$964,784.85","120,600"
6088,FIT Hon Teng Ltd,0.0013,Industrials,HK,"US$964,107.99","849,000"
MTS,Metcash Ltd,0.0013,Consumer Staples,AU,"US$965,172.32","436,954"
4540,Tsumura & Co,0.0013,Health Care,JP,"US$966,920.03","40,400"
601766,CRRC Corp Ltd,0.0013,Industrials,CN,"US$968,315.82","1,134,700"
TRUE-R,True Corp PCL,0.0013,Telecommunications,TH,"US$961,867.42","2,268,404"
9896,MINISO Group Holding Ltd,0.0013,Consumer Discretionary,HK,"US$966,547.77","292,932"
TITC,Titan Cement International SA,0.0013,Industrials,GR,"US$960,741.75","16,143"
9899,Cloud Music Inc,0.0013,Consumer Discretionary,HK,"US$953,487.76","62,850"
MDKA,Merdeka Copper Gold Tbk PT,0.0013,Basic Materials,ID,"US$952,676.50","6,573,100"
301308,Shenzhen Longsys Electronics Co Ltd,0.0013,Technology,CN,"US$953,951.15","11,700"
002129,TCL Zhonghuan Renewable Energy Technology Co Ltd,0.0013,Energy,CN,"US$948,294.19","657,625"
1138,COSCO SHIPPING Energy Transportation Co Ltd,0.0013,Industrials,HK,"US$950,741.32","466,000"
600409,Tangshan Sanyou Chemical Industries Co Ltd,0.0013,Basic Materials,CN,"US$950,922.36","1,033,700"
002493,Rongsheng Petrochemical Co Ltd,0.0013,Basic Materials,CN,"US$951,149.38","571,150"
136,China Ruyi Holdings Ltd,0.0013,Consumer Discretionary,HK,"US$940,029.94","5,417,199"
090430,Amorepacific Corp,0.0013,Consumer Discretionary,KR,"US$943,178.43","12,349"
384,China Gas Holdings Ltd,0.0013,Utilities,HK,"US$933,503.03","1,055,734"
000100,TCL Technology Group Corp,0.0013,Technology,CN,"US$926,680.82","1,463,950"
8088,Iwatani Corp,0.0013,Utilities,JP,"US$927,013.00","73,200"
Q*,Qualitas Controladora SAB de CV,0.0013,Financials,MX,"US$928,798.25","92,400"
EGCO/F,Electricity Generating PCL,0.0013,Utilities,TH,"US$931,427.25","260,200"
FLT,Frasers Logistics & Commercial Trust,0.0013,Real Estate,SG,"US$921,080.49","1,174,700"
868,Xinyi Glass Holdings Ltd,0.0013,Industrials,HK,"US$924,643.38","732,000"
UNOMINDA,UNO Minda Ltd,0.0013,Consumer Discretionary,IN,"US$918,980.16","79,244"
SIME,Sime Darby Bhd,0.0013,Consumer Discretionary,MY,"US$922,281.97","1,758,100"
3774,Internet Initiative Japan Inc,0.0013,Telecommunications,JP,"US$919,746.22","47,200"
047050,Posco International Corp,0.0013,Industrials,KR,"US$924,697.81","21,842"
7984,Kokuyo Co Ltd,0.0013,Industrials,JP,"US$920,184.94","178,400"
NHC,New Hope Corp Ltd,0.0013,Energy,AU,"US$922,056.27","219,439"
CRC/F,Central Retail Corp PCL,0.0013,Consumer Discretionary,TH,"US$923,226.30","1,424,000"
7459,Medipal Holdings Corp,0.0013,Consumer Staples,JP,"US$916,299.39","53,100"
004020,Hyundai Steel Co,0.0013,Basic Materials,KR,"US$916,096.72","34,385"
9987,Suzuken Co Ltd/Aichi Japan,0.0013,Consumer Staples,JP,"US$916,965.26","27,620"
7564,Workman Co Ltd,0.0013,Consumer Discretionary,JP,"US$917,356.62","18,300"
1193,China Resources Gas Group Ltd,0.0012,Utilities,HK,"US$908,307.47","387,100"
NATU3,Natura Cosmeticos SA,0.0012,Consumer Discretionary,BR,"US$905,014.88","460,075"
605499,Eastroc Beverage Group Co Ltd,0.0012,Consumer Staples,CN,"US$906,217.08","43,017"
600219,Shandong Nanshan Aluminum Co Ltd,0.0012,Basic Materials,CN,"US$910,035.57","1,183,300"
INBK,Indian Bank,0.0012,Financials,IN,"US$904,120.66","103,111"
1476,Eclat Textile Co Ltd,0.0012,Consumer Discretionary,TW,"US$904,240.24","82,703"
ALSEA*,Alsea SAB de CV,0.0012,Consumer Discretionary,MX,"US$906,486.32","296,200"
ENELAM,Enel Americas SA,0.0012,Utilities,CL,"US$906,048.87","10,337,611"
3900,Greentown China Holdings Ltd,0.0012,Real Estate,HK,"US$908,231.68","802,500"
9201,Japan Airlines Co Ltd,0.0012,Consumer Discretionary,JP,"US$898,240.73","52,196"
8410,Seven Bank Ltd,0.0012,Financials,JP,"US$895,186.63","527,600"
JCNC,Jardine Cycle & Carriage Ltd,0.0012,Consumer Discretionary,SG,"US$891,493.00","38,411"
1503,Shihlin Electric & Engineering Corp,0.0012,Industrials,TW,"US$894,862.01","128,000"
177,Jiangsu Expressway Co Ltd,0.0012,Industrials,HK,"US$892,260.19","666,000"
ENRG,Energix-Renewable Energies Ltd,0.0012,Utilities,IL,"US$892,118.31","86,331"
AXIATA,Axiata Group Bhd,0.0012,Telecommunications,MY,"US$890,895.33","1,766,200"
HLUNB,H Lundbeck A/S,0.0012,Health Care,DK,"US$895,146.39","132,031"
2377,Micro-Star International Co Ltd,0.0012,Technology,TW,"US$894,925.86","214,000"
ATHM,Autohome Inc,0.0012,Technology,US,"US$885,082.32","50,692"
6409,Voltronic Power Technology Corp,0.0012,Industrials,TW,"US$882,699.40","39,000"
ASTRA,Astral Ltd,0.0012,Industrials,IN,"US$874,704.89","52,653"
601088,China Shenhua Energy Co Ltd,0.0012,Energy,CN,"US$878,520.44","126,600"
3311,China State Construction International Holdings Ltd,0.0012,Industrials,HK,"US$873,057.39","782,000"
PLNG,Petronet LNG Ltd,0.0012,Energy,IN,"US$871,040.57","305,290"
ALI,Ayala Land Inc,0.0012,Real Estate,PH,"US$872,870.91","3,687,700"
688072,Piotech Inc,0.0012,Technology,CN,"US$872,681.75","9,396"
867,China Medical System Holdings Ltd,0.0012,Health Care,HK,"US$860,474.45","637,418"
GRF/P,Grifols SA,0.0012,Health Care,ES,"US$863,056.83","107,186"
600660,Fuyao Glass Industry Group Co Ltd,0.0012,Industrials,CN,"US$862,940.35","110,800"
EBO,EBOS Group Ltd,0.0012,Health Care,NZ,"US$864,681.53","73,989"
600887,Inner Mongolia Yili Industrial Group Co Ltd,0.0012,Consumer Staples,CN,"US$865,555.17","217,400"
2784,Alfresa Holdings Corp,0.0012,Health Care,JP,"US$860,641.37","61,300"
1513,Livzon Pharmaceutical Group Inc,0.0012,Health Care,HK,"US$863,436.85","257,500"
JOYY,JOYY Inc,0.0012,Technology,US,"US$855,484.41","12,687"
4733,OBIC Business Consultants Co Ltd,0.0012,Technology,JP,"US$852,206.96","22,178"
000792,Qinghai Salt Lake Industry Co Ltd,0.0012,Basic Materials,CN,"US$853,725.34","187,599"
5938,Lixil Corp,0.0012,Industrials,JP,"US$849,659.53","80,200"
PGOLD,Puregold Price Club Inc,0.0012,Consumer Staples,PH,"US$846,048.95","1,158,100"
4194,Visional Inc,0.0012,Industrials,JP,"US$848,168.85","17,200"
AGILITY,Agility Global PLC,0.0012,Industrials,AE,"US$846,066.81","2,071,651"
179,Johnson Electric Holdings Ltd,0.0012,Industrials,HK,"US$845,386.23","259,625"
002010,Transfar Zhilian Co Ltd,0.0012,Industrials,CN,"US$844,970.68","1,071,900"
1585,Yadea Group Holdings Ltd,0.0012,Consumer Discretionary,HK,"US$842,654.45","586,000"
QFIN,Qfin Holdings Inc,0.0012,Financials,US,"US$840,598.08","52,276"
ABCAP,Aditya Birla Capital Ltd,0.0012,Financials,IN,"US$844,198.30","220,751"
MBT,Metropolitan Bank & Trust Co,0.0011,Financials,PH,"US$832,205.40","807,272"
4202,Daicel Corp,0.0011,Industrials,JP,"US$832,964.38","99,400"
600886,SDIC Power Holdings Co Ltd,0.0011,Utilities,CN,"US$835,397.73","395,000"
GBK,Gulf Bank KSCP,0.0011,Financials,KW,"US$834,433.26","737,639"
MRDIY,MR DIY Group M Bhd,0.0011,Consumer Discretionary,MY,"US$827,457.76","2,076,500"
9008,Keio Corp,0.0011,Consumer Discretionary,JP,"US$829,726.11","179,000"
DLG,Dialog Group Bhd,0.0011,Energy,MY,"US$827,217.65","1,648,200"
968,Xinyi Solar Holdings Ltd,0.0011,Energy,HK,"US$827,974.58","2,430,400"
SISE,Turkiye Sise ve Cam Fabrikalari AS,0.0011,Industrials,TR,"US$824,980.34","826,633"
2451,Transcend Information Inc,0.0011,Technology,TW,"US$820,034.80","76,000"
OBER,Oberoi Realty Ltd,0.0011,Real Estate,IN,"US$821,959.67","45,742"
SMFT3,Smartfit Escola de Ginastica e Danca SA,0.0011,Consumer Discretionary,BR,"US$818,566.47","223,447"
688469,United Nova Technology Co Ltd,0.0011,Technology,CN,"US$810,305.69","679,757"
051900,LG H&H Co Ltd,0.0011,Consumer Staples,KR,"US$811,970.80","4,944"
5947,Rinnai Corp,0.0011,Consumer Discretionary,JP,"US$812,069.23","38,100"
PREMIERE,New Issuer: BB Company ID:20732815,0.0011,Energy,IN,"US$809,096.26","72,445"
600809,Shanxi Xinghuacun Fen Wine Factory Co Ltd,0.0011,Consumer Staples,CN,"US$803,410.81","42,340"
316,Orient Overseas International Ltd,0.0011,Industrials,HK,"US$807,493.56","46,500"
605117,Ningbo Deye Technology Corp,0.0011,Industrials,CN,"US$800,686.57","46,816"
CTPNV,CTP NV,0.0011,Real Estate,NL,"US$802,207.16","42,330"
600415,Zhejiang China Commodities City Group Co Ltd,0.0011,Consumer Discretionary,CN,"US$795,527.44","419,900"
2531,Takara Holdings Inc,0.0011,Consumer Staples,JP,"US$793,208.74","56,700"
601998,China CITIC Bank Corp Ltd,0.0011,Financials,CN,"US$797,588.68","726,800"
CCOLA,Coca-Cola Icecek AS,0.0011,Consumer Staples,TR,"US$789,045.91","452,351"
VOLCARB,Volvo Car AB,0.0011,Consumer Discretionary,SE,"US$788,897.29","304,646"
ESCORTS,Escorts Kubota Ltd,0.0011,Industrials,IN,"US$788,552.22","26,195"
2380,China Power International Development Ltd,0.0011,Utilities,HK,"US$790,792.62","1,666,064"
ALDREES,Aldrees Petroleum and Transport Services Co,0.0011,Energy,SA,"US$786,075.71","25,673"
2799,China CITIC Financial Asset Management Co Ltd,0.0011,Financials,HK,"US$783,083.68","9,299,000"
QEWS,Nebras Energy,0.0011,Utilities,QA,"US$782,610.83","195,438"
SIIG,Saudi Industrial Investment Group,0.0011,Basic Materials,SA,"US$783,737.25","205,668"
TEL,PLDT Inc,0.0011,Telecommunications,PH,"US$772,248.87","41,400"
1908,C&D International Investment Group Ltd,0.0011,Real Estate,HK,"US$773,154.36","384,000"
4966,Parade Technologies Ltd,0.0011,Technology,TW,"US$772,086.64","29,000"
3401,Teijin Ltd,0.0011,Basic Materials,JP,"US$778,079.65","75,000"
078930,GS Holdings Corp,0.0011,Industrials,KR,"US$774,936.96","16,108"
326030,SK Biopharmaceuticals Co Ltd,0.0011,Health Care,KR,"US$773,908.03","13,002"
035250,Kangwon Land Inc,0.0011,Consumer Discretionary,KR,"US$774,488.82","77,655"
9504,Chugoku Electric Power Co Inc/The,0.0011,Utilities,JP,"US$776,648.78","141,200"
8056,BIPROGY Inc,0.0011,Technology,JP,"US$775,282.37","26,900"
HLBK,Hong Leong Bank Bhd,0.0011,Financials,MY,"US$764,107.94","145,100"
2327,NS Solutions Corp,0.0011,Technology,JP,"US$764,033.54","34,900"
6505,Formosa Petrochemical Corp,0.0011,Energy,TW,"US$769,551.96","469,000"
601988,Bank of China Ltd,0.0011,Financials,CN,"US$770,476.75","889,000"
CPIN,Charoen Pokphand Indonesia Tbk PT,0.001,Consumer Staples,ID,"US$758,874.82","3,175,900"
BAJAJHFL,New Issuer: BB Company ID:27928662,0.001,Financials,IN,"US$759,678.82","850,153"
GICRE,General Insurance Corp of India,0.001,Financials,IN,"US$756,921.71","188,610"
005940,NH Investment & Securities Co Ltd,0.001,Financials,KR,"US$763,657.20","38,107"
BBL/F,Bangkok Bank PCL,0.001,Financials,TH,"US$759,084.34","142,800"
601816,Beijing-Shanghai High Speed Railway Co Ltd,0.001,Industrials,CN,"US$751,205.14","1,011,800"
586,China Conch Venture Holdings Ltd,0.001,Utilities,HK,"US$755,435.48","557,500"
IRFC,Indian Railway Finance Corp Ltd,0.001,Industrials,IN,"US$742,039.81","722,939"
6436,Amano Corp,0.001,Industrials,JP,"US$743,133.36","33,100"
INDF,Indofood Sukses Makmur Tbk PT,0.001,Consumer Staples,ID,"US$746,559.18","1,926,500"
DIF/F,Digital Telecommunications Infrastructure Fund,0.001,Telecommunications,TH,"US$743,141.03","2,430,706"
JUBI,Jubilant Foodworks Ltd,0.001,Consumer Discretionary,IN,"US$747,270.00","166,060"
ZAINKSA,Mobile Telecommunications Co Saudi Arabia,0.001,Telecommunications,SA,"US$746,803.70","258,053"
4680,Round One Corp,0.001,Consumer Discretionary,JP,"US$744,978.08","131,100"
417A,Blue Zones Holdings Co Ltd,0.001,Consumer Staples,JP,"US$744,855.20","68,500"
200581,Weifu High-Technology Group Co Ltd,0.001,Consumer Discretionary,CN,"US$736,836.96","432,900"
CMIG3,Cia Energetica de Minas Gerais,0.001,Utilities,BR,"US$740,225.90","233,867"
011780,Kumho Petrochemical Co Ltd,0.001,Basic Materials,KR,"US$741,652.55","8,448"
000039,China International Marine Containers Group Co Ltd,0.001,Industrials,CN,"US$736,682.22","452,000"
GARAN,Turkiye Garanti Bankasi AS,0.001,Financials,TR,"US$736,983.56","275,195"
7211,Mitsubishi Motors Corp,0.001,Consumer Discretionary,JP,"US$738,846.03","316,600"
RLX,RLX Technology Inc,0.001,Consumer Staples,US,"US$737,356.40","357,940"
AMRT,Sumber Alfaria Trijaya Tbk PT,0.001,Consumer Staples,ID,"US$739,352.83","11,488,900"
9045,Keihan Holdings Co Ltd,0.001,Industrials,JP,"US$739,513.79","36,800"
FLT,Flight Centre Travel Group Ltd,0.001,Consumer Discretionary,AU,"US$729,642.25","92,781"
5463,Maruichi Steel Tube Ltd,0.001,Basic Materials,JP,"US$734,541.11","64,800"
600195,China Animal Husbandry Industry Co Ltd,0.001,Health Care,CN,"US$725,397.24","743,142"
BRGR,Berger Paints India Ltd,0.001,Industrials,IN,"US$725,543.29","137,688"
PATANJAL,Patanjali Foods Ltd,0.001,Consumer Staples,IN,"US$720,147.72","149,965"
600320,Shanghai Zhenhua Heavy Industries Co Ltd,0.001,Industrials,CN,"US$727,015.65","1,024,100"
2433,Hakuhodo DY Holdings Inc,0.001,Consumer Discretionary,JP,"US$724,724.54","103,100"
EXID,Exide Industries Ltd,0.001,Industrials,IN,"US$713,096.57","175,276"
BIL,Balkrishna Industries Ltd,0.001,Consumer Discretionary,IN,"US$713,862.31","30,749"
9364,Kamigumi Co Ltd,0.001,Industrials,JP,"US$714,919.28","24,000"
002027,Focus Media Information Technology Co Ltd,0.001,Consumer Discretionary,CN,"US$718,477.25","870,600"
000568,Luzhou Laojiao Co Ltd,0.001,Consumer Staples,CN,"US$714,968.53","53,100"
6186,China Feihe Ltd,0.001,Consumer Staples,HK,"US$711,373.67","1,822,000"
KALYANKJ,Kalyan Jewellers India Ltd,0.001,Consumer Discretionary,IN,"US$707,685.66","189,354"
600028,China Petroleum & Chemical Corp,0.001,Energy,CN,"US$710,559.13","990,600"
FNH,Fraser & Neave Holdings Bhd,0.001,Consumer Staples,MY,"US$707,321.56","99,100"
DALBHARA,Dalmia Bharat Ltd,0.001,Industrials,IN,"US$709,437.96","38,552"
600547,Shandong Gold Mining Co Ltd,0.001,Basic Materials,CN,"US$701,518.65","164,298"
BHARTIHE,New Issuer: BB Company ID:21672911,0.001,Telecommunications,IN,"US$704,490.69","44,752"
CRISIL,CRISIL Ltd,0.001,Financials,IN,"US$699,282.42","16,825"
5269,ASMedia Technology Inc,0.001,Technology,TW,"US$701,505.16","15,000"
9006,Keikyu Corp,0.001,Industrials,JP,"US$702,411.58","74,100"
AMR,Americana Restaurants International PLC - Foreign Co,0.001,Consumer Discretionary,AE,"US$704,488.01","1,313,441"
4666,Park24 Co Ltd,0.001,Industrials,JP,"US$691,566.37","59,300"
600418,Anhui Jianghuai Automobile Group Corp Ltd,0.001,Consumer Discretionary,CN,"US$696,439.96","127,200"
UNTR,United Tractors Tbk PT,0.001,Basic Materials,ID,"US$697,499.86","543,700"
1359,China Cinda Asset Management Co Ltd,0.001,Financials,HK,"US$691,970.55","5,165,000"
GP,Godfrey Phillips India Ltd,0.001,Consumer Staples,IN,"US$692,961.96","28,838"
2009,BBMG Corp,0.001,Industrials,HK,"US$697,552.76","7,700,000"
603288,Foshan Haitian Flavouring & Food Co Ltd,0.0009,Consumer Staples,CN,"US$686,392.37","129,204"
YAL,Yancoal Australia Ltd,0.0009,Energy,AU,"US$686,267.51","140,888"
CDSL,Central Depository Services India Ltd,0.0009,Financials,IN,"US$683,717.73","52,188"
BANDHAN,Bandhan Bank Ltd,0.0009,Financials,IN,"US$684,057.20","311,980"
601100,Jiangsu Hengli Hydraulic Co Ltd,0.0009,Industrials,CN,"US$688,923.84","42,692"
8464,Nien Made Enterprise Co Ltd,0.0009,Consumer Discretionary,TW,"US$689,214.86","68,000"
002281,Accelink Technologies Co Ltd,0.0009,Telecommunications,CN,"US$681,698.45","22,600"
FROTO,Ford Otomotiv Sanayi AS,0.0009,Consumer Discretionary,TR,"US$677,098.37","369,260"
TELX,Tata Elxsi Ltd,0.0009,Technology,IN,"US$676,461.67","14,996"
551,Yue Yuen Industrial Holdings Ltd,0.0009,Consumer Discretionary,HK,"US$681,333.10","364,000"
300296,Leyard Optoelectronic Co Ltd,0.0009,Technology,CN,"US$680,072.17","703,100"
688521,Verisilicon Microelectronics Shanghai Co Ltd,0.0009,Technology,CN,"US$673,078.86","18,437"
SIBC,Saudi Investment Bank/The,0.0009,Financials,SA,"US$671,860.42","188,151"
4516,Nippon Shinyaku Co Ltd,0.0009,Health Care,JP,"US$675,580.12","25,600"
TALABAT,New Issuer: BB Company ID:72035566,0.0009,Consumer Discretionary,AE,"US$665,161.80","2,220,945"
4716,Oracle Corp Japan,0.0009,Technology,JP,"US$665,802.50","12,300"
6066,CSC Financial Co Ltd,0.0009,Financials,HK,"US$661,820.25","457,000"
AKSEN,Aksa Enerji Uretim AS,0.0009,Utilities,TR,"US$664,441.87","381,155"
COCHIN,Cochin Shipyard Ltd,0.0009,Industrials,IN,"US$666,987.36","43,181"
KAYNES,Kaynes Technology India Ltd,0.0009,Technology,IN,"US$662,871.85","20,096"
RVNL,Rail Vikas Nigam Ltd,0.0009,Industrials,IN,"US$668,809.91","258,859"
9910,Feng TAY Enterprise Co Ltd,0.0009,Consumer Discretionary,TW,"US$661,989.44","295,401"
601991,Datang International Power Generation Co Ltd,0.0009,Utilities,CN,"US$664,469.60","520,600"
MOFS,Motilal Oswal Financial Services Ltd,0.0009,Financials,IN,"US$659,699.06","71,258"
3635,Koei Tecmo Holdings Co Ltd,0.0009,Consumer Discretionary,JP,"US$654,732.43","70,376"
600674,Sichuan Chuantou Energy Co Ltd,0.0009,Utilities,CN,"US$657,233.29","286,700"
6060,ZhongAn Online P&C Insurance Co Ltd,0.0009,Financials,HK,"US$657,861.03","477,400"
TAVHL,TAV Havalimanlari Holding AS,0.0009,Industrials,TR,"US$660,482.55","120,400"
601222,Jiangsu Linyang Energy Co Ltd,0.0009,Industrials,CN,"US$660,541.75","676,700"
023530,Lotte Shopping Co Ltd,0.0009,Consumer Discretionary,KR,"US$656,564.23","6,699"
1114,Brilliance China Automotive Holdings Ltd,0.0009,Consumer Discretionary,HK,"US$659,897.41","1,974,000"
9065,Sankyu Inc,0.0009,Industrials,JP,"US$654,289.84","11,600"
CMPC,Empresas CMPC SA,0.0009,Basic Materials,CL,"US$648,641.20","541,515"
SAL,SAL Saudi Logistics Services,0.0009,Industrials,SA,"US$651,440.25","14,321"
300001,Qingdao TGOOD Electric Co Ltd,0.0009,Technology,CN,"US$651,719.68","112,700"
300757,RoboTechnik Intelligent Technology Co Ltd,0.0009,Industrials,CN,"US$652,400.00","6,900"
ELPE,HELLENiQ ENERGY Holdings S.A.,0.0009,Energy,GR,"US$652,519.22","54,288"
601865,Flat Glass Group Co Ltd,0.0009,Industrials,CN,"US$650,445.36","377,183"
900912,Shanghai Waigaoqiao Free Trade Zone Group Co Ltd,0.0009,Real Estate,CN,"US$647,686.28","990,346"
MONET,Moneta Money Bank AS,0.0009,Financials,CZ,"US$654,185.57","73,371"
293,Cathay Pacific Airways Ltd,0.0009,Consumer Discretionary,HK,"US$654,266.53","385,545"
6098,Country Garden Services Holdings Co Ltd,0.0009,Real Estate,HK,"US$647,633.36","872,124"
87,Swire Pacific Ltd,0.0009,Consumer Staples,HK,"US$644,729.12","387,500"
2498,HTC Corp,0.0009,Telecommunications,TW,"US$645,696.00","447,000"
9989,Sundrug Co Ltd,0.0009,Consumer Staples,JP,"US$642,511.46","28,200"
600011,Huaneng Power International Inc,0.0009,Utilities,CN,"US$643,986.57","490,900"
CCRI,Container Corp Of India Ltd,0.0009,Industrials,IN,"US$641,237.71","131,387"
300014,Eve Energy Co Ltd,0.0009,Industrials,CN,"US$645,026.71","68,488"
8986,Daiwa Securities Living Investments Corp,0.0009,Real Estate,JP,"US$640,159.56","1,005"
600350,Shandong Hi-speed Co Ltd,0.0009,Industrials,CN,"US$640,269.47","353,400"
688385,Shanghai Fudan Microelectronics Group Co Ltd,0.0009,Technology,CN,"US$640,896.63","71,733"
601577,Bank of Changsha Co Ltd,0.0009,Financials,CN,"US$638,021.43","454,100"
688126,National Silicon Industry Group Co Ltd,0.0009,Technology,CN,"US$632,973.13","154,506"
2883,China Oilfield Services Ltd,0.0009,Energy,HK,"US$639,063.98","634,000"
DUBK,Dukhan Bank,0.0009,Financials,QA,"US$638,570.28","670,812"
ACC,ACC Ltd,0.0009,Industrials,IN,"US$637,344.33","43,270"
6951,Jeol Ltd,0.0009,Industrials,JP,"US$625,642.31","14,000"
IRCTC,Indian Railway Catering & Tourism Corp Ltd,0.0009,Consumer Discretionary,IN,"US$629,289.07","117,255"
9706,Japan Airport Terminal Co Ltd,0.0009,Industrials,JP,"US$625,285.51","20,600"
300442,Range Intelligent Computing Technology Group Co Ltd,0.0009,Industrials,CN,"US$618,966.79","49,900"
3397,Toridoll Holdings Corp,0.0009,Consumer Discretionary,JP,"US$620,241.85","26,100"
17,New World Development Co Ltd,0.0009,Real Estate,HK,"US$618,745.52","589,946"
INL,Investec Ltd,0.0009,Financials,ZA,"US$622,458.36","72,534"
FLUOROCH,Gujarat Fluorochemicals Ltd,0.0009,Basic Materials,IN,"US$622,660.00","16,300"
RA,Regional SAB de CV,0.0008,Financials,MX,"US$611,820.40","78,700"
8964,Frontier Real Estate Investment Corp,0.0008,Real Estate,JP,"US$615,114.01","1,200"
600352,Zhejiang Longsheng Group Co Ltd,0.0008,Basic Materials,CN,"US$614,146.67","370,100"
LUBEREF,Saudi Aramco Base Oil Co,0.0008,Energy,SA,"US$616,892.42","18,185"
002080,Sinoma Science & Technology Co Ltd,0.0008,Basic Materials,CN,"US$616,641.40","58,600"
1797,East Buy Holding Ltd,0.0008,Consumer Discretionary,HK,"US$616,934.19","222,000"
300015,Aier Eye Hospital Group Co Ltd,0.0008,Health Care,CN,"US$614,720.74","455,746"
002380,KCC Corp,0.0008,Industrials,KR,"US$616,788.32","1,690"
ORBIA*,Orbia Advance Corp SAB de CV,0.0008,Industrials,MX,"US$615,976.37","454,924"
KREIT,Keppel REIT,0.0008,Utilities,SG,"US$608,626.03","897,354"
338,Sinopec Shanghai Petrochemical Co Ltd,0.0008,Energy,HK,"US$609,595.02","4,228,000"
4967,Kobayashi Pharmaceutical Co Ltd,0.0008,Consumer Staples,JP,"US$610,234.31","16,600"
392,Beijing Enterprises Holdings Ltd,0.0008,Utilities,HK,"US$607,559.91","154,500"
2196,Shanghai Fosun Pharmaceutical Group Co Ltd,0.0008,Health Care,HK,"US$608,080.51","280,010"
6849,Nihon Kohden Corp,0.0008,Health Care,JP,"US$606,287.46","66,700"
600516,Fangda Carbon New Material Co Ltd,0.0008,Basic Materials,CN,"US$604,363.27","812,400"
601788,Everbright Securities Co Ltd,0.0008,Financials,CN,"US$610,143.83","289,100"
JAMJOOMP,Jamjoom Pharmaceuticals Factory Co,0.0008,Health Care,SA,"US$610,190.75","14,927"
BEM/F,Bangkok Expressway & Metro PCL,0.0008,Industrials,TH,"US$604,171.45","3,781,300"
KRDMA,Kardemir Karabuk Demir Celik Sanayi ve Ticaret AS,0.0008,Basic Materials,TR,"US$609,073.14","738,284"
000685,Zhongshan Public Utilities Group Co Ltd,0.0008,Utilities,CN,"US$606,605.68","357,900"
081660,Fila Holdings Corp,0.0008,Consumer Discretionary,KR,"US$607,574.68","24,449"
601127,Seres Group Co Ltd,0.0008,Consumer Discretionary,CN,"US$607,204.67","50,400"
QFLS,Qatar Fuel QSC,0.0008,Energy,QA,"US$599,509.99","155,693"
3994,Money Forward Inc,0.0008,Technology,JP,"US$602,929.20","22,100"
POONAWAL,Poonawalla Fincorp Ltd,0.0008,Financials,IN,"US$599,672.06","148,802"
600016,China Minsheng Banking Corp Ltd,0.0008,Financials,CN,"US$599,957.85","1,142,700"
ASTRA,Astra Industrial Group,0.0008,Financials,SA,"US$601,291.90","17,094"
23,Bank of East Asia Ltd/The,0.0008,Financials,HK,"US$599,384.49","344,400"
1071,Huadian Power International Corp Ltd,0.0008,Utilities,HK,"US$595,942.53","998,000"
3349,Cosmos Pharmaceutical Corp,0.0008,Consumer Staples,JP,"US$596,705.82","15,800"
MOUWASAT,Mouwasat Medical Services Co,0.0008,Health Care,SA,"US$598,956.64","33,978"
RGN,Region RE Ltd,0.0008,Real Estate,AU,"US$597,828.84","366,033"
AGUAS/A,Aguas Andinas SA,0.0008,Utilities,CL,"US$600,349.95","1,594,861"
600648,Shanghai Waigaoqiao Free Trade Zone Group Co Ltd,0.0008,Real Estate,CN,"US$597,048.56","417,900"
8282,K's Holdings Corp,0.0008,Consumer Discretionary,JP,"US$596,449.53","45,300"
600025,Huaneng Lancang River Hydropower Inc,0.0008,Utilities,CN,"US$601,339.95","410,700"
817,China Jinmao Holdings Group Ltd,0.0008,Real Estate,HK,"US$598,101.41","2,694,000"
601881,China Galaxy Securities Co Ltd,0.0008,Financials,CN,"US$601,518.31","331,200"
8967,Japan Logistics Fund Inc,0.0008,Real Estate,JP,"US$588,843.52","1,020"
NETLINK,NETLINK NBN TRUST,0.0008,Telecommunications,SG,"US$590,594.74","757,000"
300604,Hangzhou Chang Chuan Technology Co Ltd,0.0008,Technology,CN,"US$589,212.52","18,900"
9048,Nagoya Railroad Co Ltd,0.0008,Industrials,JP,"US$593,135.56","52,500"
SCHFL,Schaeffler India Ltd,0.0008,Consumer Discretionary,IN,"US$593,707.06","13,661"
601111,Air China Ltd,0.0008,Consumer Discretionary,CN,"US$590,107.00","585,900"
BDL,Bharat Dynamics Ltd,0.0008,Industrials,IN,"US$583,432.16","46,012"
3618,Chongqing Rural Commercial Bank Co Ltd,0.0008,Financials,HK,"US$582,652.41","718,000"
6655,Huaxin Building Materials Group Co Ltd,0.0008,Industrials,HK,"US$586,220.43","313,400"
2050,Zhejiang Sanhua Intelligent Controls Co Ltd,0.0008,Industrials,HK,"US$582,906.07","145,400"
3291,Iida Group Holdings Co Ltd,0.0008,Consumer Discretionary,JP,"US$585,265.41","43,700"
KPITTECH,KPIT Technologies Ltd,0.0008,Technology,IN,"US$581,879.66","71,609"
631,Sany Heavy Equipment International Holdings Co Ltd,0.0008,Industrials,HK,"US$587,516.27","598,000"
489790,Hanwha Industrial Solutions Co Ltd/ New,0.0008,Industrials,KR,"US$586,980.29","13,183"
SIPCHEM,Sahara International Petrochemical Co,0.0008,Basic Materials,SA,"US$581,343.50","147,402"
EMPOWER,Emirates Central Cooling Systems Corp,0.0008,Industrials,AE,"US$574,356.30","1,326,745"
688111,Beijing Kingsoft Office Software Inc,0.0008,Technology,CN,"US$574,323.11","16,282"
BJAZ,Bank Al-Jazira,0.0008,Financials,SA,"US$579,374.94","190,716"
AIAE,AIA Engineering Ltd,0.0008,Industrials,IN,"US$579,068.15","12,215"
000651,Gree Electric Appliances Inc of Zhuhai,0.0008,Consumer Discretionary,CN,"US$578,734.30","99,900"
GOAU4,Metalurgica Gerdau SA,0.0008,Basic Materials,BR,"US$577,086.35","297,859"
2811,Kagome Co Ltd,0.0008,Consumer Staples,JP,"US$580,930.96","35,900"
CCU,Cia Cervecerias Unidas SA,0.0008,Consumer Staples,CL,"US$570,080.74","94,830"
8111,Goldwin Inc,0.0008,Consumer Discretionary,JP,"US$568,622.40","42,900"
204320,HL Mando Co Ltd,0.0008,Consumer Discretionary,KR,"US$572,910.62","13,903"
600436,Zhangzhou Pientzehuang Pharmaceutical Co Ltd,0.0008,Health Care,CN,"US$567,845.51","29,900"
NARH,Narayana Hrudayalaya Ltd,0.0008,Health Care,IN,"US$572,625.98","28,722"
3471,Mitsui Fudosan Logistics Park Inc,0.0008,Real Estate,JP,"US$566,646.15",836
601298,Qingdao Port International Co Ltd,0.0008,Industrials,CN,"US$570,367.60","422,400"
002466,Tianqi Lithium Corp,0.0008,Basic Materials,CN,"US$560,776.76","60,300"
NESZ,Nestle Malaysia Bhd,0.0008,Consumer Staples,MY,"US$564,590.16","24,600"
GLO,Globe Telecom Inc,0.0008,Telecommunications,PH,"US$562,523.97","20,503"
601808,China Oilfield Services Ltd,0.0008,Energy,CN,"US$562,713.62","292,000"
371,Beijing Enterprises Water Group Ltd,0.0008,Utilities,HK,"US$565,697.81","1,630,000"
601238,Guangzhou Automobile Group Co Ltd,0.0008,Consumer Discretionary,CN,"US$556,776.14","620,200"
BPT,Beach Energy Ltd,0.0008,Energy,AU,"US$558,331.55","718,518"
006280,GC Biopharma Corp,0.0008,Health Care,KR,"US$557,155.41","5,938"
1072,Dongfang Electric Corp Ltd,0.0008,Energy,HK,"US$558,188.17","136,200"
002050,Zhejiang Sanhua Intelligent Controls Co Ltd,0.0008,Industrials,CN,"US$546,338.35","79,716"
772,China Literature Ltd,0.0008,Technology,HK,"US$549,509.79","186,600"
EYDAP,Athens Water Supply & Sewage Co SA,0.0008,Utilities,GR,"US$545,373.05","45,024"
ORA,Orora Ltd,0.0008,Industrials,AU,"US$545,857.09","581,350"
9301,Mitsubishi Logistics Corp,0.0008,Industrials,JP,"US$551,779.32","58,500"
1833,Ping An Healthcare and Technology Co Ltd,0.0008,Health Care,HK,"US$544,791.04","478,671"
DSSA,Dian Swastatika Sentosa Tbk PT,0.0007,Energy,ID,"US$540,751.23","19,640,700"
BOROUGE,Borouge PLC,0.0007,Basic Materials,AE,"US$538,714.31","782,062"
ARCCI,Al Rajhi Co for Co-operative Insurance,0.0007,Financials,SA,"US$539,377.15","19,113"
601021,Spring Airlines Co Ltd,0.0007,Consumer Discretionary,CN,"US$540,623.68","74,600"
3M,3M India Ltd,0.0007,Industrials,IN,"US$538,774.74","1,560"
601006,Daqin Railway Co Ltd,0.0007,Industrials,CN,"US$540,534.65","704,200"
TFG,Foschini Group Ltd,0.0007,Consumer Discretionary,ZA,"US$543,824.14","154,867"
TMX,Thermax Ltd,0.0007,Industrials,IN,"US$539,233.04","10,281"
1COV,Covestro AG,0.0007,Basic Materials,DE,"US$544,242.37","7,799"
1385,Shanghai Fudan Microelectronics Group Co Ltd,0.0007,Technology,HK,"US$535,231.07","133,000"
9696,Tianqi Lithium Corp,0.0007,Basic Materials,HK,"US$531,041.42","84,800"
921,Hisense Home Appliances Group Co Ltd,0.0007,Consumer Discretionary,HK,"US$535,250.94","182,708"
4922,Kose Holdings Corp,0.0007,Consumer Discretionary,JP,"US$531,758.28","15,100"
GCC*,GCC SAB de CV,0.0007,Industrials,MX,"US$531,326.60","43,700"
300498,Wens Foodstuff Group Co Ltd,0.0007,Consumer Staples,CN,"US$523,208.48","258,600"
ARI,African Rainbow Minerals Ltd,0.0007,Basic Materials,ZA,"US$527,580.41","40,446"
853,Microport Scientific Corp,0.0007,Health Care,HK,"US$524,463.73","546,600"
600089,TBEA Co Ltd,0.0007,Industrials,CN,"US$525,974.68","140,290"
LLC,Lendlease Corp Ltd,0.0007,Industrials,AU,"US$526,341.95","268,948"
002004,Huapont Life Sciences Co Ltd,0.0007,Health Care,CN,"US$527,449.59","787,268"
000988,Hgtech Co Ltd,0.0007,Technology,CN,"US$523,517.29","23,300"
450080,Ecopro Materials Co Ltd,0.0007,Basic Materials,KR,"US$528,266.62","12,799"
GGPS3,GPS Participacoes e Empreendimentos SA,0.0007,Industrials,BR,"US$523,394.34","216,825"
656,Fosun International Ltd,0.0007,Industrials,HK,"US$523,160.18","1,054,040"
TOP/F,Thai Oil PCL,0.0007,Energy,TH,"US$529,931.63","372,900"
600905,China Three Gorges Renewables Group Co Ltd,0.0007,Utilities,CN,"US$527,737.25","855,700"
600295,Inner Mongolia ERDOS Resources Co Ltd,0.0007,Basic Materials,CN,"US$520,236.41","260,174"
002142,Bank of Ningbo Co Ltd,0.0007,Financials,CN,"US$521,706.20","113,680"
1066,Shandong Weigao Group Medical Polymer Co Ltd,0.0007,Health Care,HK,"US$518,571.98","1,209,600"
6781,Advanced Energy Solution Holding Co Ltd,0.0007,Industrials,TW,"US$518,427.48","14,000"
RYM,Ryman Healthcare Ltd,0.0007,Health Care,NZ,"US$515,795.30","381,206"
IGL,Indraprastha Gas Ltd,0.0007,Utilities,IN,"US$517,865.41","306,582"
601608,CITIC Heavy Industries Co Ltd,0.0007,Industrials,CN,"US$519,123.56","631,300"
000012,CSG Holding Co Ltd,0.0007,Industrials,CN,"US$522,324.78","872,018"
600673,Guangdong HEC Technology Holding Co Ltd,0.0007,Basic Materials,CN,"US$517,854.31","98,300"
LIIL,Linde India Ltd,0.0007,Basic Materials,IN,"US$520,013.23","6,857"
CHDRAUIB,Grupo Comercial Chedraui SA de CV,0.0007,Consumer Discretionary,MX,"US$510,720.98","90,900"
NLC,NLC India Ltd,0.0007,Utilities,IN,"US$509,318.06","139,218"
300458,All Winner Technology Co Ltd,0.0007,Technology,CN,"US$508,232.99","99,203"
002966,Bank of Suzhou Co Ltd,0.0007,Financials,CN,"US$511,013.54","423,950"
ARTO,Aarti Industries Ltd,0.0007,Basic Materials,IN,"US$512,990.00","102,598"
DMP,Domino's Pizza Enterprises Ltd,0.0007,Consumer Discretionary,AU,"US$513,454.82","39,668"
601689,Ningbo Tuopu Group Co Ltd,0.0007,Consumer Discretionary,CN,"US$513,166.85","55,605"
CATERING,Catrion Catering Holding Co,0.0007,Consumer Discretionary,SA,"US$513,646.64","26,189"
IVL/F,Indorama Ventures PCL,0.0007,Basic Materials,TH,"US$502,512.52","701,900"
ICBP,Indofood CBP Sukses Makmur Tbk PT,0.0007,Consumer Staples,ID,"US$506,615.00","1,275,100"
000408,Zangge Mining Co Ltd,0.0007,Basic Materials,CN,"US$501,105.83","43,900"
601012,LONGi Green Energy Technology Co Ltd,0.0007,Energy,CN,"US$503,295.64","244,997"
RYSAS,Reysas Tasimacilik ve Lojistik Ticaret AS,0.0007,Industrials,TR,"US$500,192.54","1,033,996"
600893,AECC Aviation Power Co Ltd,0.0007,Industrials,CN,"US$494,939.99","80,600"
DALLAH,Dallah Healthcare Co,0.0007,Health Care,SA,"US$495,418.27","16,614"
BOI,Bank of India,0.0007,Financials,IN,"US$494,565.65","335,814"
603290,StarPower Semiconductor Ltd,0.0007,Technology,CN,"US$495,655.22","26,040"
ARCLK,Arcelik AS,0.0007,Consumer Discretionary,TR,"US$488,367.93","216,124"
1318,Mao Geping Cosmetics Co LTD,0.0007,Consumer Discretionary,HK,"US$489,497.15","64,100"
002304,Jiangsu Yanghe Distillery Co Ltd,0.0007,Consumer Staples,CN,"US$488,039.25","72,700"
600038,AVICOPTER PLC,0.0007,Industrials,CN,"US$492,364.80","121,500"
600820,Shanghai Tunnel Engineering Co Ltd,0.0007,Industrials,CN,"US$487,369.57","573,100"
SOLUTION,Arabian Internet & Communications Services Co,0.0007,Technology,SA,"US$491,508.82","8,635"
002600,Lingyi iTech Guangdong Co,0.0007,Technology,CN,"US$483,748.31","224,800"
RBK,RBL Bank Ltd,0.0007,Financials,IN,"US$480,926.37","132,429"
MGROS,Migros Ticaret AS,0.0007,Consumer Staples,TR,"US$480,969.80","33,494"
2357,AviChina Industry & Technology Co Ltd,0.0007,Industrials,HK,"US$481,237.40","1,205,000"
BDMS-R,Bangkok Dusit Medical Services PCL,0.0007,Health Care,TH,"US$484,848.67","867,000"
HUDCO,Housing & Urban Development Corp Ltd,0.0007,Financials,IN,"US$480,092.94","224,111"
030000,Cheil Worldwide Inc,0.0007,Consumer Discretionary,KR,"US$479,911.00","39,178"
BBL-R,Bangkok Bank PCL,0.0007,Financials,TH,"US$473,630.36","89,100"
601360,360 Security Technology Inc,0.0007,Technology,CN,"US$478,302.73","320,200"
IRB,IRB Infrastructure Developers Ltd,0.0007,Industrials,IN,"US$477,125.03","2,142,102"
000425,XCMG Construction Machinery Co Ltd,0.0007,Industrials,CN,"US$471,966.07","327,300"
QUINENC,Quinenco SA,0.0007,Financials,CL,"US$472,069.40","107,722"
ADPORTS,Abu Dhabi Ports Co PJSC,0.0007,Industrials,AE,"US$474,295.48","383,704"
PETD,Petronas Dagangan Bhd,0.0007,Energy,MY,"US$478,733.92","107,000"
002709,Guangzhou Tinci Materials Technology Co Ltd,0.0007,Basic Materials,CN,"US$474,017.85","61,600"
SUN,Suntec Real Estate Investment Trust,0.0006,Real Estate,SG,"US$470,040.38","407,800"
220,Uni-President China Holdings Ltd,0.0006,Consumer Staples,HK,"US$465,538.57","464,200"
SAVOLA,Savola Group/The,0.0006,Consumer Staples,SA,"US$465,087.05","60,769"
300751,Suzhou Maxwell Technologies Co Ltd,0.0006,Industrials,CN,"US$470,412.17","12,740"
DFI,DFI Retail Group Holdings Ltd,0.0006,Consumer Staples,SG,"US$467,600.00","116,900"
DIC,Dubai Investments PJSC,0.0006,Industrials,AE,"US$471,331.19","472,986"
2689,Nine Dragons Paper Holdings Ltd,0.0006,Basic Materials,HK,"US$470,773.47","554,000"
AEFES,Anadolu Efes Biracilik Ve Malt Sanayii AS,0.0006,Consumer Staples,TR,"US$457,218.87","1,087,180"
548,Shenzhen Expressway Corp Ltd,0.0006,Industrials,HK,"US$458,899.64","522,000"
002625,Kuang-Chi Technologies Co Ltd,0.0006,Consumer Discretionary,CN,"US$459,104.48","77,200"
601969,Hainan Mining Co Ltd,0.0006,Basic Materials,CN,"US$457,465.78","320,200"
000089,Shenzhen Airport Co Ltd,0.0006,Industrials,CN,"US$461,918.67","459,300"
1276,Jiangsu Hengrui Pharmaceuticals Co Ltd,0.0006,Health Care,HK,"US$460,867.12","60,000"
600012,Anhui Expressway Co Ltd,0.0006,Industrials,CN,"US$463,472.48","186,200"
TOPG,Top Glove Corp Bhd,0.0006,Health Care,MY,"US$459,238.19","2,261,962"
SYNG,Syngene International Ltd,0.0006,Health Care,IN,"US$461,838.82","99,264"
ISAT,Indosat Tbk PT,0.0006,Telecommunications,ID,"US$459,655.74","3,802,800"
PPT,Perpetual Ltd,0.0006,Financials,AU,"US$460,770.86","40,277"
688331,Remegen Co Ltd,0.0006,Health Care,CN,"US$461,635.16","26,901"
002353,Yantai Jereh Oilfield Services Group Co Ltd,0.0006,Energy,CN,"US$460,978.04","22,200"
139480,E-MART Inc,0.0006,Consumer Discretionary,KR,"US$450,496.68","7,885"
688235,BeOne Medicines Ltd,0.0006,Health Care,CN,"US$454,040.08","12,587"
JGS,JG Summit Holdings Inc,0.0006,Industrials,PH,"US$449,827.85","993,128"
CBG/F,Carabao Group PCL,0.0006,Consumer Staples,TH,"US$453,639.58","366,800"
MAGEN,Margun Enerji Uretim Sanayi VE Ticaret AS,0.0006,Utilities,TR,"US$452,346.43","339,754"
688183,Shengyi Electronics Co Ltd,0.0006,Technology,CN,"US$453,446.00","22,209"
1055,China Southern Airlines Co Ltd,0.0006,Consumer Discretionary,HK,"US$453,823.97","912,000"
600010,Inner Mongolia BaoTou Steel Union Co Ltd,0.0006,Basic Materials,CN,"US$443,522.03","1,270,700"
1876,Budweiser Brewing Co APAC Ltd,0.0006,Consumer Staples,HK,"US$446,027.89","500,100"
688702,New Issuer: BB Company ID:37276143,0.0006,Technology,CN,"US$445,588.90","10,702"
GUBRF,Gubre Fabrikalari TAS,0.0006,Basic Materials,TR,"US$449,271.38","37,487"
263750,Pearl Abyss Corp,0.0006,Consumer Discretionary,KR,"US$444,986.70","15,363"
ADRO,Adaro Energy Indonesia Tbk PT,0.0006,Energy,ID,"US$445,044.21","3,457,800"
PGSUS,Pegasus Hava Tasimaciligi AS,0.0006,Consumer Discretionary,TR,"US$447,499.02","120,732"
BRES,Barwa Real Estate Co,0.0006,Real Estate,QA,"US$437,362.72","644,190"
600037,Beijing Gehua CATV Network Co Ltd,0.0006,Consumer Discretionary,CN,"US$437,582.18","405,300"
2264,Morinaga Milk Industry Co Ltd,0.0006,Consumer Staples,JP,"US$440,168.35","14,400"
600104,SAIC Motor Corp Ltd,0.0006,Consumer Discretionary,CN,"US$437,667.07","240,200"
001450,Hyundai Marine & Fire Insurance Co Ltd,0.0006,Financials,KR,"US$440,621.40","19,219"
GENT,Genting Bhd,0.0006,Consumer Discretionary,MY,"US$437,728.12","748,100"
001965,China Merchants Expressway Network & Technology Holdings Co Ltd,0.0006,Industrials,CN,"US$435,220.85","293,100"
2282,MGM China Holdings Ltd,0.0006,Consumer Discretionary,HK,"US$441,664.33","322,000"
601009,Bank of Nanjing Co Ltd,0.0006,Financials,CN,"US$440,832.96","276,500"
600029,China Southern Airlines Co Ltd,0.0006,Consumer Discretionary,CN,"US$437,481.90","538,800"
011170,Lotte Chemical Corp,0.0006,Industrials,KR,"US$435,148.11","8,126"
9044,NANKAI Co Ltd,0.0006,Industrials,JP,"US$436,403.04","24,900"
688249,Nexchip Semiconductor Corp,0.0006,Technology,CN,"US$434,559.97","64,492"
DLPL,Dr Lal PathLabs Ltd,0.0006,Health Care,IN,"US$430,512.48","25,444"
3759,Pharmaron Beijing Co Ltd,0.0006,Health Care,HK,"US$429,818.31","192,275"
KAYAN,Saudi Kayan Petrochemical Co,0.0006,Basic Materials,SA,"US$433,564.14","280,516"
6952,Casio Computer Co Ltd,0.0006,Consumer Discretionary,JP,"US$433,913.56","38,600"
PASEU,New Issuer: BB Company ID:67720311,0.0006,Industrials,TR,"US$427,896.10","169,576"
BANPU/F,Banpu PCL,0.0006,Energy,TH,"US$433,083.88","2,472,757"
URC,Universal Robina Corp,0.0006,Consumer Staples,PH,"US$432,935.72","430,820"
000625,Chongqing Changan Automobile Co Ltd,0.0006,Consumer Discretionary,CN,"US$431,868.38","368,694"
ISAE4,CTEEP-Cia de Transmissao de Energia Eletrica Paulista,0.0006,Utilities,BR,"US$422,860.09","79,131"
101,Hang Lung Properties Ltd,0.0006,Real Estate,HK,"US$425,727.92","415,000"
000066,China Greatwall Technology Group Co Ltd,0.0006,Technology,CN,"US$422,790.97","160,600"
STARHEAL,Star Health & Allied Insurance Co Ltd,0.0006,Financials,IN,"US$427,083.76","76,850"
4816,Toei Animation Co Ltd,0.0006,Consumer Discretionary,JP,"US$423,588.17","28,500"
2222,Kotobuki Spirits Co Ltd,0.0006,Consumer Staples,JP,"US$425,670.58","32,500"
EKGYO,Emlak Konut Gayrimenkul Yatirim Ortakligi AS,0.0006,Real Estate,TR,"US$423,351.65","1,017,191"
022100,Posco DX Co Ltd,0.0006,Technology,KR,"US$426,371.90","19,801"
600050,China United Network Communications Ltd,0.0006,Telecommunications,CN,"US$426,221.45","662,500"
4114,Nippon Shokubai Co Ltd,0.0006,Basic Materials,JP,"US$414,900.43","32,000"
ERICA,Telefonaktiebolaget LM Ericsson,0.0006,Telecommunications,SE,"US$416,518.52","32,102"
LH/F,Land & Houses PCL,0.0006,Real Estate,TH,"US$417,675.22","3,775,900"
200596,Anhui Gujing Distillery Co Ltd,0.0006,Consumer Staples,CN,"US$414,916.81","58,900"
1958,BAIC Motor Corp Ltd,0.0006,Consumer Discretionary,HK,"US$419,719.04","2,718,600"
002230,Iflytek Co Ltd,0.0006,Technology,CN,"US$415,847.19","58,700"
SASA,Sasa Polyester Sanayi AS,0.0006,Basic Materials,TR,"US$419,446.70","7,291,342"
6963,Sunshine Insurance Group Co Ltd,0.0006,Financials,HK,"US$419,611.10","929,000"
OR/F,PTT Oil & Retail Business PCL,0.0006,Energy,TH,"US$408,710.40","1,072,700"
KTC/F,Krungthai Card PCL,0.0006,Financials,TH,"US$408,634.20","443,300"
600177,Youngor Fashion Co Ltd,0.0006,Consumer Discretionary,CN,"US$407,343.40","369,200"
601898,China Coal Energy Co Ltd,0.0006,Energy,CN,"US$406,989.63","175,500"
DN,Deepak Nitrite Ltd,0.0006,Basic Materials,IN,"US$410,974.57","23,212"
COLT,Colt CZ Group SE,0.0006,Industrials,CZ,"US$411,638.15","8,099"
2606,U-Ming Marine Transport Corp,0.0006,Industrials,TW,"US$411,900.85","187,000"
YZJFH,Yangzijiang Financial Holding Ltd,0.0006,Financials,SG,"US$411,821.07","2,188,400"
ALPEKA,Alpek SAB de CV,0.0006,Basic Materials,MX,"US$407,705.48","568,328"
603799,Zhejiang Huayou Cobalt Co Ltd,0.0006,Basic Materials,CN,"US$411,300.89","50,748"
377300,Kakaopay Corp,0.0006,Industrials,KR,"US$412,370.60","13,350"
1060,Damai Entertainment Holdings Ltd,0.0006,Consumer Discretionary,HK,"US$412,203.03","5,570,000"
1128,Wynn Macau Ltd,0.0006,Consumer Discretionary,HK,"US$405,435.48","562,400"
601229,Bank of Shanghai Co Ltd,0.0006,Financials,CN,"US$404,126.04","302,600"
600085,Beijing Tong Ren Tang Co Ltd,0.0006,Health Care,CN,"US$403,255.96","106,300"
603296,Huaqin Co Ltd,0.0006,Technology,CN,"US$399,701.25","25,400"
HMN,Emami Ltd,0.0006,Consumer Staples,IN,"US$402,595.28","95,832"
002241,GoerTek Inc,0.0005,Industrials,CN,"US$394,427.53","99,400"
CPAXT/F,CP AXTRA PCL,0.0005,Consumer Discretionary,TH,"US$394,701.20","845,102"
601607,Shanghai Pharmaceuticals Holding Co Ltd,0.0005,Health Care,CN,"US$395,581.42","162,300"
INKP,Indah Kiat Pulp & Paper Tbk PT,0.0005,Basic Materials,ID,"US$393,069.95","915,200"
5471,Daido Steel Co Ltd,0.0005,Basic Materials,JP,"US$391,607.51","30,000"
TU/F,Thai Union Group PCL,0.0005,Consumer Staples,TH,"US$394,933.78","1,147,600"
6110,Topsports International Holdings Ltd,0.0005,Consumer Discretionary,HK,"US$394,059.25","1,103,000"
000538,Yunnan Baiyao Group Co Ltd,0.0005,Health Care,CN,"US$397,513.97","53,820"
601872,China Merchants Energy Shipping Co Ltd,0.0005,Industrials,CN,"US$395,242.14","168,500"
200012,CSG Holding Co Ltd,0.0005,Industrials,CN,"US$392,376.50","2,294,934"
SGS,Saudi Ground Services Co,0.0005,Industrials,SA,"US$393,590.73","47,158"
600584,JCET Group Co Ltd,0.0005,Technology,CN,"US$387,105.58","31,900"
000807,Yunnan Aluminium Co Ltd,0.0005,Basic Materials,CN,"US$385,965.14","91,600"
000728,Guoyuan Securities Co Ltd,0.0005,Financials,CN,"US$385,791.58","365,850"
002156,TongFu Microelectronics Co Ltd,0.0005,Technology,CN,"US$389,472.67","39,900"
GLXO,GlaxoSmithKline Pharmaceuticals Ltd,0.0005,Health Care,IN,"US$390,553.97","16,787"
GQG,GQG Partners Inc,0.0005,Financials,AU,"US$386,244.32","371,504"
4205,Zeon Corp,0.0005,Basic Materials,JP,"US$382,361.33","27,800"
600132,Chongqing Brewery Co Ltd,0.0005,Consumer Staples,CN,"US$381,944.11","48,800"
SADAFCO,Saudia Dairy & Foodstuff Co,0.0005,Consumer Staples,SA,"US$381,134.15","6,460"
ANE,Corp ACCIONA Energias Renovables SA,0.0005,Utilities,ES,"US$378,932.46","14,045"
991,Datang International Power Generation Co Ltd,0.0005,Utilities,HK,"US$381,019.22","948,000"
688220,ASR Microelectronics Co Ltd,0.0005,Technology,CN,"US$380,352.81","24,175"
NMDC,NMDC Group PJSC,0.0005,Industrials,AE,"US$380,697.99","70,905"
IREDA,Indian Renewable Energy Development Agency Ltd,0.0005,Financials,IN,"US$383,745.97","273,590"
000547,Addsino Co Ltd,0.0005,Industrials,CN,"US$383,695.80","127,800"
600160,Zhejiang Juhua Co Ltd,0.0005,Basic Materials,CN,"US$376,523.08","77,100"
601077,Chongqing Rural Commercial Bank Co Ltd,0.0005,Financials,CN,"US$378,772.01","385,700"
1579,Yihai International Holding Ltd,0.0005,Consumer Staples,HK,"US$382,091.00","217,000"
HMPRO/F,Home Product Center PCL,0.0005,Consumer Discretionary,TH,"US$380,455.68","2,046,600"
LICHF,LIC Housing Finance Ltd,0.0005,Financials,IN,"US$376,673.28","67,118"
2202,China Vanke Co Ltd,0.0005,Real Estate,HK,"US$375,288.35","1,085,345"
DWNI,Deutsche Wohnen SE,0.0005,Real Estate,DE,"US$370,151.59","16,418"
753,Air China Ltd,0.0005,Consumer Discretionary,HK,"US$371,296.60","600,000"
DQ,Daqo New Energy Corp,0.0005,Basic Materials,US,"US$373,168.64","22,426"
300390,Canmax Technologies Co Ltd,0.0005,Basic Materials,CN,"US$371,458.78","30,000"
PGAS,Perusahaan Gas Negara Persero Tbk PT,0.0005,Utilities,ID,"US$372,782.04","3,650,200"
HEXT,Hexaware Technologies Ltd,0.0005,Technology,IN,"US$371,438.91","69,462"
NAHDI,Nahdi Medical Co,0.0005,Consumer Staples,SA,"US$372,512.80","14,199"
601179,China XD Electric Co Ltd,0.0005,Technology,CN,"US$373,480.24","152,400"
4272,Nippon Kayaku Co Ltd,0.0005,Basic Materials,JP,"US$364,369.62","27,200"
6806,Shenwan Hongyuan Group Co Ltd,0.0005,Financials,HK,"US$367,743.38","1,112,800"
600808,Maanshan Iron & Steel Co Ltd,0.0005,Basic Materials,CN,"US$364,613.36","835,700"
AWL,Adani Wilmar Ltd,0.0005,Consumer Staples,IN,"US$367,792.98","181,697"
688120,Hwatsing Technology Co Ltd,0.0005,Technology,CN,"US$365,572.98","9,460"
2386,Sinopec Engineering Group Co Ltd,0.0005,Industrials,HK,"US$363,778.80","516,500"
EL,Societatea Energetica Electrica SA,0.0005,Utilities,RO,"US$367,817.54","50,177"
002958,Qingdao Rural Commercial Bank Corp,0.0005,Financials,CN,"US$359,352.21","846,600"
000977,IEIT Systems Co Ltd,0.0005,Technology,CN,"US$360,359.24","37,700"
6693,Chifeng Jilong Gold Mining Group Ltd,0.0005,Basic Materials,HK,"US$359,122.67","91,800"
CENER,Cenergy Holdings SA,0.0005,Industrials,GR,"US$358,812.40","12,309"
MFG,Magellan Financial Group Ltd,0.0005,Financials,AU,"US$358,925.57","59,036"
002429,Shenzhen MTC Co Ltd,0.0005,Consumer Discretionary,CN,"US$355,474.05","207,200"
688234,SICC Co Ltd,0.0005,Technology,CN,"US$361,144.43","16,600"
6178,Everbright Securities Co Ltd,0.0005,Financials,HK,"US$355,229.03","373,200"
603228,Shenzhen Kinwong Electronic Co Ltd,0.0005,Technology,CN,"US$361,854.63","30,900"
688002,Raytron Technology Co Ltd,0.0005,Technology,CN,"US$356,440.17","18,858"
RESEARCH,Saudi Research & Media Group,0.0005,Consumer Discretionary,SA,"US$348,384.48","16,718"
TATATECH,Tata Technologies Ltd,0.0005,Technology,IN,"US$350,608.34","47,225"
603156,Hebei Yangyuan Zhihui Beverage Co Ltd,0.0005,Consumer Staples,CN,"US$348,294.23","55,100"
1508,China Reinsurance Group Corp,0.0005,Financials,HK,"US$349,678.46","2,303,000"
3466,LaSalle Logiport REIT,0.0005,Real Estate,JP,"US$351,459.26",384
GPSC/F,Global Power Synergy PCL,0.0005,Utilities,TH,"US$347,519.74","279,260"
OCTVSDB,Octave Intelligence PLC,0.0005,Technology,SE,"US$348,152.62","20,423"
MTEL,Dayamitra Telekomunikasi PT,0.0005,Telecommunications,ID,"US$349,866.59","12,023,300"
AURE3,Auren Energia SA,0.0005,Utilities,BR,"US$349,872.77","143,066"
3279,Activia Properties Inc,0.0005,Real Estate,JP,"US$352,491.99",429
688036,Shenzhen Transsion Holdings Co Ltd,0.0005,Telecommunications,CN,"US$344,464.25","38,689"
KLBF,Kalbe Farma Tbk PT,0.0005,Health Care,ID,"US$343,014.10","7,960,600"
603369,Jiangsu King's Luck Brewery JSC Ltd,0.0005,Consumer Staples,CN,"US$343,714.74","76,700"
600021,Shanghai Electric Power Co Ltd,0.0005,Utilities,CN,"US$344,343.30","104,500"
FAKEEHCA,New Issuer: BB Company ID:71589552,0.0005,Health Care,SA,"US$340,758.19","35,540"
282330,BGF retail Co Ltd,0.0005,Consumer Staples,KR,"US$337,903.12","4,100"
874,Guangzhou Baiyunshan Pharmaceutical Holdings Co Ltd,0.0005,Health Care,HK,"US$335,557.71","170,000"
956,China Suntien Green Energy Corp Ltd,0.0005,Utilities,HK,"US$339,285.99","773,000"
002311,Guangdong Haid Group Co Ltd,0.0005,Consumer Staples,CN,"US$335,219.81","48,400"
600795,GD Power Development Co Ltd,0.0005,Utilities,CN,"US$335,135.22","440,000"
601669,Power Construction Corp of China Ltd,0.0005,Industrials,CN,"US$332,730.70","421,300"
TLI/F,Thai Life Insurance PCL,0.0005,Financials,TH,"US$327,355.35","959,800"
598,Sinotrans Ltd,0.0005,Industrials,HK,"US$325,733.02","521,000"
7489,VOYAH Automobile Technology Co Ltd,0.0005,Consumer Discretionary,HK,"US$327,747.41","487,417"
LTTS,L&T Technology Services Ltd,0.0005,Industrials,IN,"US$330,702.71","9,153"
APPC,Advanced Petrochemical Co,0.0005,Basic Materials,SA,"US$327,743.83","46,411"
000880,Hanwha Corp,0.0005,Financials,KR,"US$332,608.69","3,749"
EMTK,Elang Mahkota Teknologi Tbk PT,0.0005,Consumer Discretionary,ID,"US$326,517.85","9,487,600"
600438,Tongwei Co Ltd,0.0005,Energy,CN,"US$327,011.07","149,700"
RALYH,Ral Yatirim Holding AS,0.0005,Basic Materials,TR,"US$327,177.54","60,059"
CSTRL,Castrol India Ltd,0.0004,Energy,IN,"US$321,672.60","166,788"
9921,Giant Manufacturing Co Ltd,0.0004,Consumer Discretionary,TW,"US$325,188.24","146,994"
004370,NongShim Co Ltd,0.0004,Consumer Staples,KR,"US$320,620.44","1,255"
2607,Fuji Oil Holdings Inc,0.0004,Consumer Staples,JP,"US$324,953.20","14,700"
6753,Sharp Corp/Japan,0.0004,Technology,JP,"US$318,968.21","81,700"
MARAFIQ,Power & Water Utility Co for Jubail & Yanbu,0.0004,Utilities,SA,"US$322,471.89","30,729"
GENM,Genting Malaysia Bhd,0.0004,Consumer Discretionary,MY,"US$324,181.59","666,000"
301269,Empyrean Technology Co Ltd,0.0004,Technology,CN,"US$316,670.24","18,700"
8086,Nipro Corp,0.0004,Health Care,JP,"US$313,518.44","29,000"
CUAN,Petrindo Jaya Kreasi Tbk PT,0.0004,Energy,ID,"US$311,915.22","8,847,500"
251270,Netmarble Corp,0.0004,Consumer Discretionary,KR,"US$317,325.81","11,252"
008770,Hotel Shilla Co Ltd,0.0004,Consumer Discretionary,KR,"US$315,938.35","8,641"
MAVI,Mavi Giyim Sanayi Ve Ticaret AS,0.0004,Consumer Discretionary,TR,"US$317,203.15","353,154"
AGHOL,AG Anadolu Grubu Holding AS,0.0004,Industrials,TR,"US$317,778.42","434,030"
EXTRA,United Electronics Co,0.0004,Consumer Discretionary,SA,"US$313,733.28","14,809"
7164,Zenkoku Hosho Co Ltd,0.0004,Financials,JP,"US$305,664.93","16,400"
4118,Kaneka Corp,0.0004,Basic Materials,JP,"US$308,668.26","8,900"
467,United Energy Group Ltd,0.0004,Energy,HK,"US$309,429.15","5,272,000"
900947,Shanghai Zhenhua Heavy Industries Co Ltd,0.0004,Industrials,CN,"US$308,710.60","1,220,200"
PETROR,Rabigh Refining & Petrochemical Co,0.0004,Energy,SA,"US$308,964.98","72,600"
600623,Shanghai Huayi Group Co Ltd,0.0004,Consumer Discretionary,CN,"US$307,773.33","238,100"
600848,Shanghai Lingang Holdings Corp Ltd,0.0004,Real Estate,CN,"US$309,424.75","233,500"
GDSP,Godrej Industries Ltd,0.0004,Industrials,IN,"US$303,738.22","26,059"
ENDU,Endurance Technologies Ltd,0.0004,Consumer Discretionary,IN,"US$301,377.49","10,516"
4208,UBE Corp,0.0004,Basic Materials,JP,"US$300,461.71","16,200"
JFC,Jollibee Foods Corp,0.0004,Consumer Discretionary,PH,"US$297,279.44","144,300"
301358,Hunan Yuneng New Energy Battery Material Co Ltd,0.0004,Basic Materials,CN,"US$298,123.63","22,800"
123,Yuexiu Property Co Ltd,0.0004,Real Estate,HK,"US$300,181.43","538,362"
COLBUN,Colbun SA,0.0004,Utilities,CL,"US$296,967.47","1,978,179"
002036,LianChuang Electronic Technology Co Ltd,0.0004,Industrials,CN,"US$300,622.94","220,700"
EXCL,XL Axiata Tbk PT,0.0004,Telecommunications,ID,"US$296,467.28","1,872,039"
600737,COFCO Sugar Holding Co Ltd,0.0004,Consumer Staples,CN,"US$302,207.37","158,400"
002385,Beijing Dabeinong Technology Group Co Ltd,0.0004,Consumer Staples,CN,"US$298,660.79","602,800"
576,Zhejiang Expressway Co Ltd,0.0004,Industrials,HK,"US$295,812.39","345,000"
FERTIGLB,Fertiglobe plc,0.0004,Basic Materials,AE,"US$295,624.72","324,115"
601696,BOC International China Co Ltd,0.0004,Financials,CN,"US$291,851.60","173,100"
PSSA3,Porto Seguro SA,0.0004,Financials,BR,"US$289,390.10","30,300"
RATCH/F,Ratch Group PCL,0.0004,Utilities,TH,"US$294,224.92","311,400"
TAEE11,Transmissora Alianca de Energia Eletrica S/A,0.0004,Utilities,BR,"US$294,191.61","38,000"
WHIRL,Whirlpool of India Ltd,0.0004,Consumer Discretionary,IN,"US$289,476.71","33,435"
MPARK,MLP Saglik Hizmetleri AS,0.0004,Health Care,TR,"US$290,386.70","29,418"
300251,Beijing Enlight Media Co Ltd,0.0004,Consumer Discretionary,CN,"US$292,093.41","154,900"
601212,Baiyin Nonferrous Group Co Ltd,0.0004,Basic Materials,CN,"US$295,813.77","319,000"
1999,Man Wah Holdings Ltd,0.0004,Consumer Discretionary,HK,"US$291,978.46","630,400"
UBBL,United Breweries Ltd,0.0004,Consumer Staples,IN,"US$283,522.11","20,405"
AWC/F,Asset World Corp PCL,0.0004,Real Estate,TH,"US$283,688.19","4,049,400"
688082,ACM Research Shanghai Inc,0.0004,Technology,CN,"US$281,496.19","8,310"
SRE*,Sempra,0.0004,Utilities,MX,"US$284,949.86","2,904"
3697,SHIFT Inc,0.0004,Technology,JP,"US$284,312.14","64,500"
002001,Zhejiang NHU Co Ltd,0.0004,Consumer Staples,CN,"US$288,355.02","66,384"
1618,Metallurgical Corp of China Ltd,0.0004,Industrials,HK,"US$282,300.25","1,475,000"
600346,Hengli Petrochemical Co Ltd,0.0004,Basic Materials,CN,"US$281,692.83","110,800"
RYGYO,Reysas Gayrimenkul Yatirim Ortakligi AS,0.0004,Real Estate,TR,"US$282,262.42","411,484"
SJVN,SJVN Ltd,0.0004,Utilities,IN,"US$287,112.78","362,902"
090435,Amorepacific Corp,0.0004,Consumer Discretionary,KR,"US$284,656.93","11,470"
3406,Genius Electronic Optical Co Ltd,0.0004,Technology,TW,"US$288,742.40","15,000"
688396,China Resources Microelectronics Ltd,0.0004,Technology,CN,"US$287,613.29","30,343"
165,China Everbright Ltd,0.0004,Financials,HK,"US$275,073.37","354,000"
000559,Wanxiang Qianchao Co Ltd,0.0004,Consumer Discretionary,CN,"US$276,300.50","126,400"
601377,Industrial Securities Co Ltd,0.0004,Financials,CN,"US$280,771.14","330,160"
IQ,iQIYI Inc,0.0004,Consumer Discretionary,US,"US$278,936.34","244,681"
PFGRUPSU,Grupo de Inversiones Suramericana SA,0.0004,Financials,CO,"US$281,056.57","23,947"
OSP/F,Osotspa PCL,0.0004,Consumer Staples,TH,"US$273,937.93","582,700"
688047,Loongson Technology Corp Ltd,0.0004,Technology,CN,"US$266,955.16","12,380"
ALARABIA,Arabian Contracting Services Co,0.0004,Consumer Discretionary,SA,"US$267,941.00","10,748"
FPE,FUCHS SE,0.0004,Basic Materials,DE,"US$267,874.89","7,074"
3234,Mori Hills REIT Investment Corp,0.0004,Real Estate,JP,"US$272,520.26",335
UNVR,Unilever Indonesia Tbk PT,0.0004,Consumer Staples,ID,"US$273,399.05","2,857,100"
600835,Shanghai Mechanical and Electrical Industry Co Ltd,0.0004,Industrials,CN,"US$267,659.45","82,600"
300223,Ingenic Semiconductor Co Ltd,0.0004,Technology,CN,"US$272,468.48","11,700"
FLYNAS,flynas Co SJSC,0.0004,Consumer Discretionary,SA,"US$270,884.19","19,700"
036460,Korea Gas Corp,0.0004,Utilities,KR,"US$271,138.02","11,510"
7240,NOK Corp,0.0004,Consumer Discretionary,JP,"US$273,657.26","15,100"
PRESIGHT,Presight AI Holding PLC,0.0004,Technology,AE,"US$266,950.61","286,687"
601727,Shanghai Electric Group Co Ltd,0.0004,Industrials,CN,"US$272,622.29","228,700"
SPEN,Shapir Engineering and Industry Ltd,0.0004,Industrials,IL,"US$270,039.68","16,551"
FESTI,Festi hf,0.0004,Consumer Discretionary,IS,"US$264,166.65","99,573"
002044,Meinian Onehealth Healthcare Holdings Co Ltd,0.0004,Health Care,CN,"US$261,801.68","311,100"
ALVO,Alvotech SA,0.0004,Health Care,IS,"US$265,683.20","76,998"
4676,Fuji Media Holdings Inc,0.0004,Consumer Discretionary,JP,"US$265,524.22","11,200"
3347,Hangzhou Tigermed Consulting Co Ltd,0.0004,Health Care,HK,"US$265,287.98","67,200"
600233,YTO Express Group Co Ltd,0.0004,Industrials,CN,"US$265,383.16","95,700"
688099,Amlogic Shanghai Co Ltd,0.0004,Technology,CN,"US$263,158.32","16,802"
302440,SK Bioscience Co Ltd,0.0004,Health Care,KR,"US$260,381.29","9,594"
CENCOMAL,Cencosud Shopping SA,0.0004,Real Estate,CL,"US$263,358.79","96,530"
139130,DGB Financial Group Inc,0.0004,Financials,KR,"US$265,162.77","23,045"
VAPORES,Cia Sud Americana de Vapores SA,0.0004,Industrials,CL,"US$256,309.93","5,127,034"
688506,Sichuan Biokin Pharmaceutical Co Ltd,0.0004,Health Care,CN,"US$256,090.20","7,258"
AHGAZ,Ahlatci Dogal Gaz Dagitim Enerji VE Yatirim AS,0.0004,Utilities,TR,"US$257,255.43","358,624"
600926,Bank of Hangzhou Co Ltd,0.0004,Financials,CN,"US$258,804.40","109,300"
2206,Ezaki Glico Co Ltd,0.0004,Consumer Staples,JP,"US$256,391.73","7,500"
600039,Sichuan Road and Bridge Group Co Ltd,0.0004,Industrials,CN,"US$252,560.38","194,940"
000596,Anhui Gujing Distillery Co Ltd,0.0004,Consumer Staples,CN,"US$256,259.20","18,625"
600066,Yutong Bus Co Ltd,0.0004,Industrials,CN,"US$254,140.75","53,200"
6613,Lens Technology Co Ltd,0.0003,Technology,HK,"US$247,024.78","80,400"
000617,CNPC Capital Co Ltd,0.0003,Financials,CN,"US$251,715.24","218,200"
2810,House Foods Group Inc,0.0003,Consumer Staples,JP,"US$248,993.03","11,600"
002195,Shanghai Stonehill Technology Co Ltd,0.0003,Technology,CN,"US$245,024.37","216,000"
300803,Beijing Compass Technology Development Co Ltd,0.0003,Financials,CN,"US$248,593.87","18,300"
000009,China Baoan Group Co Ltd,0.0003,Industrials,CN,"US$245,482.85","224,300"
002422,Sichuan Kelun Pharmaceutical Co Ltd,0.0003,Health Care,CN,"US$247,972.99","46,100"
2186,Luye Pharma Group Ltd,0.0003,Health Care,HK,"US$250,158.85","903,500"
601992,BBMG Corp,0.0003,Industrials,CN,"US$249,830.44","1,062,400"
600580,Wolong Electric Group Co Ltd,0.0003,Industrials,CN,"US$250,949.13","43,000"
1316,Nexteer Automotive Group Ltd,0.0003,Consumer Discretionary,HK,"US$250,082.94","400,000"
KUYAS,Kuyumcukent Gayrimenkul Yatirimlari AS,0.0003,Real Estate,TR,"US$246,904.98","147,923"
002074,Gotion High-tech Co Ltd,0.0003,Industrials,CN,"US$243,173.43","49,900"
KLRHO,Kiler Holding AS,0.0003,Real Estate,TR,"US$243,541.38","126,503"
MIATK,MIA Teknoloji AS,0.0003,Technology,TR,"US$242,179.73","222,459"
APEX,Apex Investment Co PSC,0.0003,Industrials,AE,"US$239,789.86","259,033"
STLA,Stellantis NV,0.0003,Consumer Discretionary,US,"US$238,857.36","29,932"
552,China Communications Services Corp Ltd,0.0003,Telecommunications,HK,"US$244,509.66","464,000"
688472,CSI Solar Co Ltd,0.0003,Energy,CN,"US$244,686.38","124,863"
881,Zhongsheng Group Holdings Ltd,0.0003,Consumer Discretionary,HK,"US$243,259.24","309,500"
300866,Anker Innovations Technology Co Ltd,0.0003,Consumer Discretionary,CN,"US$241,717.38","13,000"
2039,China International Marine Containers Group Co Ltd,0.0003,Industrials,HK,"US$242,131.51","193,050"
301165,Ruijie Networks Co Ltd,0.0003,Telecommunications,CN,"US$242,912.51","25,480"
600845,Shanghai Baosight Software Co Ltd,0.0003,Technology,CN,"US$236,318.35","79,298"
AP,Aboitiz Power Corp,0.0003,Utilities,PH,"US$232,809.77","333,500"
688223,Jinko Solar Co Ltd,0.0003,Energy,CN,"US$230,759.09","266,257"
QAMC,Qatar Aluminum Manufacturing Co,0.0003,Basic Materials,QA,"US$232,503.33","494,477"
SAGAD,Sagax AB,0.0003,Real Estate,SE,"US$234,344.41","60,951"
RLXF,Relaxo Footwears Ltd,0.0003,Consumer Discretionary,IN,"US$232,306.94","63,913"
BYLOT,Ballys Intralot SA,0.0003,Consumer Discretionary,GR,"US$230,372.14","166,594"
9898,Weibo Corp,0.0003,Technology,HK,"US$231,289.69","30,517"
DRR,Deterra Royalties Ltd,0.0003,Basic Materials,AU,"US$233,506.51","72,120"
000921,Hisense Home Appliances Group Co Ltd,0.0003,Consumer Discretionary,CN,"US$233,052.67","63,900"
ARABIAND,Arabian Drilling Co,0.0003,Energy,SA,"US$235,007.06","10,125"
002558,Giant Network Group Co Ltd,0.0003,Consumer Discretionary,CN,"US$231,252.17","60,000"
600588,Yonyou Network Technology Co Ltd,0.0003,Technology,CN,"US$231,189.14","150,740"
QLG,QL Resources Bhd,0.0003,Consumer Staples,MY,"US$233,364.44","257,025"
CPFE3,CPFL Energia SA,0.0003,Utilities,BR,"US$230,752.24","26,900"
000831,China Rare Earth Resources And Technology Co Ltd,0.0003,Basic Materials,CN,"US$236,008.55","32,700"
CSNA3,Cia Siderurgica Nacional SA,0.0003,Basic Materials,BR,"US$235,198.88","177,300"
570,China Traditional Chinese Medicine Holdings Co Ltd,0.0003,Health Care,HK,"US$233,453.42","1,172,864"
6808,Sun Art Retail Group Ltd,0.0003,Consumer Discretionary,HK,"US$228,657.46","1,179,000"
659,CTF Services Ltd,0.0003,Industrials,HK,"US$226,529.21","220,000"
600221,Hainan Airlines Holding Co Ltd,0.0003,Consumer Discretionary,CN,"US$228,518.59","1,051,100"
300454,Sangfor Technologies Inc,0.0003,Technology,CN,"US$224,589.10","14,200"
4483,JMDC Inc,0.0003,Industrials,JP,"US$224,550.54","12,600"
002459,JA Solar Technology Co Ltd,0.0003,Energy,CN,"US$223,545.95","165,916"
3292,AEON REIT Investment Corp,0.0003,Real Estate,JP,"US$229,878.76",298
600988,Chifeng Jilong Gold Mining Group Ltd,0.0003,Basic Materials,CN,"US$224,557.60","45,500"
ABMB,Alliance Bank Malaysia Bhd,0.0003,Financials,MY,"US$228,133.92","193,694"
1368,Xtep International Holdings Ltd,0.0003,Consumer Discretionary,HK,"US$223,701.74","413,500"
LULU,Lulu Retail Holdings PLC,0.0003,Consumer Staples,AE,"US$226,713.26","839,399"
2229,Calbee Inc,0.0003,Consumer Staples,JP,"US$229,853.63","12,600"
002287,Tibet Cheezheng Tibetan Medicine Co Ltd,0.0003,Health Care,CN,"US$228,013.52","73,240"
MULT3,Multiplan Empreendimentos Imobiliarios SA,0.0003,Real Estate,BR,"US$226,307.88","38,426"
1199,COSCO SHIPPING Ports Ltd,0.0003,Industrials,HK,"US$228,749.33","360,000"
PHX,Phoenix Group PLC,0.0003,Technology,AE,"US$229,625.83","1,256,902"
002920,Huizhou Desay Sv Automotive Co Ltd,0.0003,Consumer Discretionary,CN,"US$225,750.39","15,000"
601866,COSCO SHIPPING Development Co Ltd,0.0003,Industrials,CN,"US$226,751.36","608,400"
BTS/F,BTS Group Holdings PCL,0.0003,Industrials,TH,"US$220,870.48","3,523,642"
M,MED Life SA,0.0003,Health Care,RO,"US$216,782.89","86,364"
3923,Rakus Co Ltd,0.0003,Technology,JP,"US$220,027.64","34,800"
683,Kerry Properties Ltd,0.0003,Real Estate,HK,"US$219,641.72","83,000"
300724,Shenzhen SC New Energy Technology Corp,0.0003,Energy,CN,"US$222,024.27","18,600"
2593,Ito En Ltd,0.0003,Consumer Staples,JP,"US$221,079.21","11,700"
LU,Lufax Holding Ltd,0.0003,Financials,US,"US$218,956.65","132,701"
8876,Relo Group Inc,0.0003,Real Estate,JP,"US$217,477.23","18,800"
601825,Shanghai Rural Commercial Bank Co Ltd,0.0003,Financials,CN,"US$222,888.58","177,300"
GMAT3,Grupo Mateus SA,0.0003,Consumer Discretionary,BR,"US$216,361.75","256,300"
600096,Yunnan Yuntianhua Co Ltd,0.0003,Basic Materials,CN,"US$222,047.05","49,000"
600522,Jiangsu Zhongtian Technology Co Ltd,0.0003,Telecommunications,CN,"US$222,136.38","35,600"
639,Shougang Fushan Resources Group Ltd,0.0003,Energy,HK,"US$222,086.71","639,920"
002261,Talkweb Information System Co Ltd,0.0003,Technology,CN,"US$208,505.57","47,500"
688180,Shanghai Junshi Biosciences Co Ltd,0.0003,Health Care,CN,"US$214,232.63","42,305"
LYDYE,Lydia Yesil Enerji Kaynaklari Anonimsirketi,0.0003,Utilities,TR,"US$212,807.31",610
600895,Shanghai Zhangjiang High-Tech Park Development Co Ltd,0.0003,Real Estate,CN,"US$209,114.61","40,700"
INTP,Indocement Tunggal Prakarsa Tbk PT,0.0003,Industrials,ID,"US$212,644.10","775,500"
004990,Lotte Corp,0.0003,Consumer Discretionary,KR,"US$208,581.92","12,351"
002127,NanJi E-Commerce Co Ltd,0.0003,Technology,CN,"US$214,108.51","485,800"
002252,Shanghai RAAS Blood Products Co Ltd,0.0003,Health Care,CN,"US$205,600.57","261,800"
600143,Kingfa Sci & Tech Co Ltd,0.0003,Industrials,CN,"US$204,577.12","81,800"
4681,Resorttrust Inc,0.0003,Consumer Discretionary,JP,"US$204,857.09","19,200"
2670,ABC-Mart Inc,0.0003,Consumer Discretionary,JP,"US$208,324.64","12,600"
14,Hysan Development Co Ltd,0.0003,Real Estate,HK,"US$207,026.56","87,000"
300085,Shenzhen Infogem Technologies Co Ltd,0.0003,Technology,CN,"US$201,950.97","35,302"
300748,JL Mag Rare-Earth Co Ltd,0.0003,Industrials,CN,"US$206,178.26","43,200"
000895,Henan Shuanghui Investment & Development Co Ltd,0.0003,Consumer Staples,CN,"US$202,041.28","54,600"
TRMET,TR Anadolu Metal Madencilik Isletmeleri AS,0.0003,Basic Materials,TR,"US$201,856.30","85,853"
006360,GS Engineering & Construction Corp,0.0003,Industrials,KR,"US$205,060.38","10,132"
9449,GMO internet group Inc,0.0003,Technology,JP,"US$206,357.18","10,000"
696,TravelSky Technology Ltd,0.0003,Technology,HK,"US$205,871.85","175,000"
002653,Haisco Pharmaceutical Group Co Ltd,0.0003,Health Care,CN,"US$205,930.68","27,000"
002673,Western Securities Co Ltd,0.0003,Financials,CN,"US$199,022.10","204,200"
002064,Huafon Chemical Co Ltd,0.0003,Basic Materials,CN,"US$197,670.91","132,200"
ILCO,Israel Corp Ltd,0.0003,Basic Materials,IL,"US$195,454.42",589
300115,Shenzhen Everwin Precision Technology Co Ltd,0.0003,Technology,CN,"US$194,945.61","39,500"
BRSAN,Borusan Birlesik Boru Fabrikalari Sanayi ve Ticaret AS,0.0003,Basic Materials,TR,"US$199,620.32","18,734"
001979,China Merchants Shekou Industrial Zone Holdings Co Ltd,0.0003,Real Estate,CN,"US$197,233.43","151,200"
1877,Shanghai Junshi Biosciences Co Ltd,0.0003,Health Care,HK,"US$194,547.17","72,400"
BATA,Bata India Ltd,0.0003,Consumer Discretionary,IN,"US$198,438.74","28,181"
688297,AVIC Chengdu UAS Co Ltd,0.0003,Industrials,CN,"US$198,864.09","30,284"
000999,China Resources Sanjiu Medical & Pharmaceutical Co Ltd,0.0003,Health Care,CN,"US$194,335.82","53,742"
ECILC,EIS Eczacibasi Ilac ve Sinai ve Finansal Yatirimlar Sanayi ve Ticaret AS,0.0003,Health Care,TR,"US$197,707.30","102,060"
300765,CSPC Innovation Pharmaceutical Co Ltd,0.0003,Consumer Staples,CN,"US$194,324.59","49,100"
000975,Shanjin International Gold Co Ltd,0.0003,Basic Materials,CN,"US$197,645.48","59,500"
LIDER,LDR Turizm AS,0.0003,Consumer Discretionary,TR,"US$199,303.46","79,603"
MONDE,Monde Nissin Corp,0.0003,Consumer Staples,PH,"US$199,949.15","1,739,600"
AKSA,Aksa Akrilik Kimya Sanayii AS,0.0003,Basic Materials,TR,"US$191,660.97","844,113"
8572,Acom Co Ltd,0.0003,Financials,JP,"US$192,943.97","65,700"
9003,Sotetsu Holdings Inc,0.0003,Consumer Discretionary,JP,"US$188,490.80","12,300"
000581,Weifu High-Technology Group Co Ltd,0.0003,Consumer Discretionary,CN,"US$192,188.36","67,400"
ULKER,Ulker Biskuvi Sanayi AS,0.0003,Consumer Staples,TR,"US$191,263.32","75,798"
JSWINFRA,JSW Infrastructure Ltd,0.0003,Industrials,IN,"US$193,162.07","66,656"
002595,Shandong Himile Mechanical Science & Technology Co Ltd,0.0003,Industrials,CN,"US$190,704.88","24,650"
HWA,Honeywell Automation India Ltd,0.0003,Industrials,IN,"US$190,312.42",509
600018,Shanghai International Port Group Co Ltd,0.0003,Industrials,CN,"US$186,643.40","246,000"
8570,AEON Financial Service Co Ltd,0.0003,Financials,JP,"US$188,761.86","19,900"
KVIKA,Kvika banki hf,0.0003,Financials,IS,"US$190,052.93","1,437,151"
600256,Guanghui Energy Co Ltd,0.0003,Energy,CN,"US$186,926.32","200,300"
TKA,Telekom Austria AG,0.0003,Telecommunications,AT,"US$187,755.03","16,401"
CMIN3,CSN Mineracao SA,0.0003,Basic Materials,BR,"US$180,293.78","195,700"
SCGP/F,SCG Packaging PCL,0.0003,Industrials,TH,"US$183,752.96","253,400"
DOAS,Dogus Otomotiv Servis ve Ticaret AS,0.0003,Consumer Discretionary,TR,"US$182,976.84","45,439"
3320,China Resources Pharmaceutical Group Ltd,0.0003,Health Care,HK,"US$181,737.57","305,000"
600252,Guangxi Wuzhou Zhongheng Group Co Ltd,0.0003,Health Care,CN,"US$185,441.88","564,800"
TPG,TPG Telecom Ltd,0.0003,Telecommunications,AU,"US$181,801.16","64,789"
NIC,National Industrialization Co,0.0003,Basic Materials,SA,"US$181,413.82","68,765"
KIO,Kumba Iron Ore Ltd,0.0003,Basic Materials,ZA,"US$183,711.12","9,174"
AIIL,Authum Investment & Infrastucture Ltd,0.0003,Financials,IN,"US$186,082.57","36,925"
900934,Shanghai Jinjiang International Hotels Co Ltd,0.0003,Consumer Discretionary,CN,"US$183,439.30","127,300"
300144,Songcheng Performance Development Co Ltd,0.0003,Consumer Discretionary,CN,"US$181,422.62","182,000"
097950,CJ CheilJedang Corp,0.0003,Consumer Staples,KR,"US$179,615.13","1,340"
300255,Hebei Changshan Biochemical Pharmaceutical Co Ltd,0.0003,Health Care,CN,"US$184,243.02","30,200"
6979,ZJLD Group Inc,0.0003,Consumer Staples,HK,"US$185,775.90","200,000"
TURSG,Turkiye Sigorta AS,0.0003,Financials,TR,"US$183,525.86","667,379"
688578,Shanghai Allist Pharmaceuticals Co Ltd,0.0003,Health Care,CN,"US$185,797.34","14,002"
300339,Jiangsu Hoperun Software Co Ltd,0.0002,Technology,CN,"US$177,263.16","29,800"
603077,Sichuan Hebang Biotechnology Co Ltd,0.0002,Basic Materials,CN,"US$172,454.13","474,000"
ISMEN,Is Yatirim Menkul Degerler AS,0.0002,Financials,TR,"US$172,886.07","208,352"
8283,PALTAC Corp,0.0002,Consumer Staples,JP,"US$179,087.88","4,300"
000028,China National Accord Medicines Corp Ltd,0.0002,Consumer Staples,CN,"US$178,928.54","51,220"
600536,China National Software & Service Co Ltd,0.0002,Technology,CN,"US$173,274.08","32,400"
002414,Wuhan Guide Infrared Co Ltd,0.0002,Industrials,CN,"US$174,651.85","91,756"
10,Hang Lung Group Ltd,0.0002,Real Estate,HK,"US$178,834.82","96,000"
688303,Xinjiang Daqo New Energy Co Ltd,0.0002,Basic Materials,CN,"US$177,139.00","61,516"
8424,Fuyo General Lease Co Ltd,0.0002,Consumer Discretionary,JP,"US$165,979.02","6,300"
300832,Shenzhen New Industries Biomedical Engineering Co Ltd,0.0002,Health Care,CN,"US$164,522.70","23,800"
TERA,Tera Yatirim Menkul Degerler AS,0.0002,Financials,TR,"US$167,565.41","36,601"
CUERVO*,Becle SAB de CV,0.0002,Consumer Staples,MX,"US$166,850.95","202,900"
754,Hopson Development Holdings Ltd,0.0002,Real Estate,HK,"US$170,674.01","506,682"
9989,Shenzhen Hepalink Pharmaceutical Group Co Ltd,0.0002,Health Care,HK,"US$164,938.63","313,000"
ENERY,Enerya Enerji AS,0.0002,Utilities,TR,"US$169,171.27","881,222"
RENT4,Localiza Rent a Car SA,0.0002,Consumer Discretionary,BR,"US$171,749.10","21,461"
NCKL,Trimegah Bangun Persada Tbk PT,0.0002,Basic Materials,ID,"US$168,776.27","3,388,800"
383220,F&F Co Ltd / New,0.0002,Consumer Discretionary,KR,"US$165,439.95","3,420"
ENJSA,Enerjisa Enerji AS,0.0002,Utilities,TR,"US$159,494.63","66,662"
601933,Yonghui Superstores Co Ltd,0.0002,Consumer Staples,CN,"US$163,180.97","298,200"
200625,Chongqing Changan Automobile Co Ltd,0.0002,Consumer Discretionary,CN,"US$157,265.23","365,742"
HPHT,Hutchison Port Holdings Trust,0.0002,Industrials,SG,"US$160,269.00","781,800"
000158,Shijiazhuang Changshan BeiMing Technology Co Ltd,0.0002,Technology,CN,"US$160,522.37","70,800"
002294,Shenzhen Salubris Pharmaceuticals Co Ltd,0.0002,Health Care,CN,"US$158,661.53","32,100"
8976,Daiwa Office Investment Corp,0.0002,Real Estate,JP,"US$163,804.26",82
688608,Bestechnic Shanghai Co Ltd,0.0002,Technology,CN,"US$162,260.83","6,581"
300316,Zhejiang Jingsheng Mechanical & Electrical Co Ltd,0.0002,Technology,CN,"US$158,590.54","21,100"
BRYAT,Borusan Yatirim ve Pazarlama AS,0.0002,Basic Materials,TR,"US$162,459.59","3,853"
4686,Justsystems Corp,0.0002,Technology,JP,"US$156,533.07","6,100"
AVIA,Avia Avian Tbk PT,0.0002,Industrials,ID,"US$150,430.64","7,724,700"
2201,Yulon Motor Co Ltd,0.0002,Consumer Discretionary,TW,"US$154,413.32","176,214"
HEKTS,Hektas Ticaret TAS,0.0002,Basic Materials,TR,"US$150,563.53","1,727,406"
3549,Kusuri no Aoki Holdings Co Ltd,0.0002,Consumer Staples,JP,"US$156,808.84","7,200"
601939,China Construction Bank Corp,0.0002,Financials,CN,"US$156,291.33","106,100"
301236,Isoftstone Information Technology Group Co Ltd,0.0002,Technology,CN,"US$152,948.26","31,300"
002517,Kingnet Network Co Ltd,0.0002,Consumer Discretionary,CN,"US$156,095.51","65,800"
601169,Bank of Beijing Co Ltd,0.0002,Financials,CN,"US$156,732.36","208,200"
3918,NagaCorp Ltd,0.0002,Consumer Discretionary,HK,"US$143,195.54","273,061"
000998,Yuan Longping High-tech Agriculture Co Ltd,0.0002,Consumer Staples,CN,"US$146,659.67","116,800"
4812,Dentsu Soken Inc,0.0002,Technology,JP,"US$146,289.34","11,100"
LH-R,Land & Houses PCL,0.0002,Real Estate,TH,"US$145,438.01","1,314,800"
6099,China Merchants Securities Co Ltd,0.0002,Financials,HK,"US$149,624.11","80,100"
363,Shanghai Industrial Holdings Ltd,0.0002,Real Estate,HK,"US$146,426.11","76,000"
018880,Hanon Systems,0.0002,Consumer Discretionary,KR,"US$144,795.98","38,758"
TRALT,Koza Altin Isletmeleri AS,0.0002,Basic Materials,TR,"US$143,551.29","151,305"
152,Shenzhen International Holdings Ltd,0.0002,Industrials,HK,"US$148,040.17","195,000"
300769,Shenzhen Dynanonic Co Ltd,0.0002,Basic Materials,CN,"US$143,416.20","14,668"
LIVEPOLC,El Puerto de Liverpool SAB de CV,0.0002,Consumer Discretionary,MX,"US$140,308.00","23,800"
CNVRG,Converge Information and Communications Technology Solutions Inc,0.0002,Telecommunications,PH,"US$137,612.73","770,600"
OPUS,Opus Global Nyrt,0.0002,Industrials,HU,"US$137,624.65","117,952"
002736,Guosen Securities Co Ltd,0.0002,Financials,CN,"US$142,038.76","94,900"
2296,Itoham Yonekyu Holdings Inc,0.0002,Consumer Staples,JP,"US$135,712.04","4,400"
SNT,Santam Ltd,0.0002,Financials,ZA,"US$139,759.24","6,049"
MYOR,Mayora Indah Tbk PT,0.0002,Consumer Staples,ID,"US$137,037.27","1,330,900"
600015,Huaxia Bank Co Ltd,0.0002,Financials,CN,"US$140,522.52","141,600"
GENIL,GEN Ilac VE Saglik Urunleri Sanayi VE Ticaret AS,0.0002,Health Care,TR,"US$139,531.90","684,120"
TBIG,PT Tower Bersama Infrastructure Tbk,0.0002,Telecommunications,ID,"US$141,108.41","1,653,513"
000564,CCOOP Group Co Ltd,0.0002,Consumer Discretionary,CN,"US$136,262.19","529,500"
000825,Shanxi Taigang Stainless Steel Co Ltd,0.0002,Basic Materials,CN,"US$132,101.25","230,800"
601098,China South Publishing & Media Group Co Ltd,0.0002,Consumer Discretionary,CN,"US$133,840.97","83,100"
TOASO,Tofas Turk Otomobil Fabrikasi AS,0.0002,Consumer Discretionary,TR,"US$130,856.81","20,288"
LYDHO,LYDIA HOLDING AS,0.0002,Real Estate,TR,"US$134,136.30","30,748"
ACEN,ACEN Corp,0.0002,Utilities,PH,"US$129,962.97","2,425,877"
ZRGYO,Ziraat Gayrimenkul Yatirim Ortakligi AS,0.0002,Real Estate,TR,"US$133,811.09","374,669"
GTCAP,GT Capital Holdings Inc,0.0002,Consumer Discretionary,PH,"US$129,301.35","16,593"
GRTHO,Grainturk Tarim AS,0.0002,Consumer Staples,TR,"US$121,648.37","27,153"
000960,Yunnan Tin Co Ltd,0.0002,Basic Materials,CN,"US$125,897.55","22,700"
088350,Hanwha Life Insurance Co Ltd,0.0002,Financials,KR,"US$126,323.03","39,010"
028670,Pan Ocean Co Ltd,0.0002,Industrials,KR,"US$121,461.24","33,341"
300779,New Issuer: BB Company ID:28698077,0.0002,Basic Materials,CN,"US$126,160.22","10,200"
002603,Shijiazhuang Yiling Pharmaceutical Co Ltd,0.0002,Health Care,CN,"US$121,384.02","50,600"
GUJGA,Gujarat Gas Ltd,0.0002,Utilities,IN,"US$127,895.07","30,288"
300661,SG Micro Corp,0.0002,Technology,CN,"US$125,826.63","7,224"
068760,Celltrion Pharm Inc,0.0002,Health Care,KR,"US$123,443.93","3,900"
2238,Guangzhou Automobile Group Co Ltd,0.0002,Consumer Discretionary,HK,"US$126,014.24","382,800"
600612,Lao Feng Xiang Co Ltd,0.0002,Consumer Discretionary,CN,"US$124,415.62","23,400"
601016,CECEP Wind-Power Corp,0.0002,Utilities,CN,"US$114,039.09","152,990"
000708,Citic Pacific Special Steel Group Co Ltd,0.0002,Basic Materials,CN,"US$114,622.37","54,810"
AMOT,Amot Investments Ltd,0.0002,Real Estate,IL,"US$120,472.30","17,832"
002939,China Great Wall Securities Co Ltd,0.0002,Financials,CN,"US$119,552.76","95,100"
600549,Xiamen Tungsten Co Ltd,0.0002,Basic Materials,CN,"US$118,205.27","14,700"
SEERA,Seera Group Holding,0.0002,Consumer Discretionary,SA,"US$116,561.45","21,337"
000630,Tongling Nonferrous Metals Group Co Ltd,0.0002,Basic Materials,CN,"US$114,295.01","112,000"
000959,Beijing Shougang Co Ltd,0.0002,Basic Materials,CN,"US$118,100.70","221,200"
603659,Shanghai Putailai New Energy Technology Group Co Ltd,0.0002,Basic Materials,CN,"US$114,294.26","25,230"
601818,China Everbright Bank Co Ltd,0.0002,Financials,CN,"US$115,262.26","251,400"
3116,Toyota Boshoku Corp,0.0002,Consumer Discretionary,JP,"US$119,346.06","8,300"
8454,momo.com Inc,0.0002,Consumer Discretionary,TW,"US$119,122.57","16,154"
000983,Shanxi Coking Coal Energy Group Co Ltd,0.0002,Energy,CN,"US$117,293.18","116,800"
600027,Huadian Power International Corp Ltd,0.0002,Utilities,CN,"US$113,922.66","138,540"
MANYAVAR,Vedant Fashions Ltd,0.0002,Consumer Discretionary,IN,"US$118,645.02","27,602"
600048,Poly Developments and Holdings Group Co Ltd,0.0001,Real Estate,CN,"US$108,036.29","126,600"
300418,Kunlun Tech Co Ltd,0.0001,Consumer Discretionary,CN,"US$109,776.45","16,900"
012750,S-1 Corp,0.0001,Industrials,KR,"US$108,432.38","2,389"
051600,KEPCO Plant Service & Engineering Co Ltd,0.0001,Industrials,KR,"US$111,543.46","3,296"
PTBA,Bukit Asam Persero Tbk PT,0.0001,Energy,ID,"US$112,133.41","720,800"
601916,China Zheshang Bank Co Ltd,0.0001,Financials,CN,"US$106,228.69","239,420"
600216,Zhejiang Medicine Co Ltd,0.0001,Health Care,CN,"US$110,021.96","58,300"
300782,Maxscend Microelectronics Co Ltd,0.0001,Technology,CN,"US$110,506.95","6,912"
OLG,Olam Group Ltd,0.0001,Consumer Staples,SG,"US$106,049.32","108,200"
601117,China National Chemical Engineering Co Ltd,0.0001,Industrials,CN,"US$106,869.38","93,600"
4IG,4iG Nyrt,0.0001,Technology,HU,"US$108,272.50","14,744"
2128,China Lesso Group Holdings Ltd,0.0001,Industrials,HK,"US$109,643.50","186,000"
300628,Yealink Network Technology Corp Ltd,0.0001,Telecommunications,CN,"US$102,759.47","19,220"
6865,Flat Glass Group Co Ltd,0.0001,Industrials,HK,"US$101,543.88","96,000"
METROBRA,Metro Brands Ltd,0.0001,Consumer Discretionary,IN,"US$100,144.19","9,288"
002812,Yunnan Energy New Material Group Co Ltd,0.0001,Industrials,CN,"US$100,054.28","9,600"
002110,Sansteel Minguang Co Ltd Fujian,0.0001,Basic Materials,CN,"US$102,485.71","222,100"
300133,Zhejiang Huace Film & Television Co Ltd,0.0001,Consumer Discretionary,CN,"US$101,482.97","81,300"
880,SJM Holdings Ltd,0.0001,Consumer Discretionary,HK,"US$99,309.08","407,500"
600426,Shandong Hualu Hengsheng Chemical Co Ltd,0.0001,Basic Materials,CN,"US$104,593.38","24,030"
688599,Trina Solar Co Ltd,0.0001,Energy,CN,"US$103,216.59","45,259"
601618,Metallurgical Corp of China Ltd,0.0001,Industrials,CN,"US$105,851.11","252,900"
002648,Satellite Chemical Co Ltd,0.0001,Basic Materials,CN,"US$99,774.54","28,991"
300759,Pharmaron Beijing Co Ltd,0.0001,Health Care,CN,"US$94,383.23","25,425"
636,KLN Logistics Group Ltd,0.0001,Industrials,HK,"US$97,536.17","124,500"
002155,Hunan Gold Corp Ltd,0.0001,Basic Materials,CN,"US$94,765.06","26,390"
6699,Angelalign Technology Inc,0.0001,Health Care,HK,"US$95,964.46","10,691"
300999,Yihai Kerry Arawana Holdings Co Ltd,0.0001,Consumer Staples,CN,"US$93,006.68","23,500"
9401,TBS Holdings Inc,0.0001,Consumer Discretionary,JP,"US$94,876.56","2,600"
DMC,DMCI Holdings Inc,0.0001,Energy,PH,"US$98,183.53","664,600"
MTC/F,Muangthai Capital PCL,0.0001,Financials,TH,"US$98,674.91","111,700"
2314,Lee & Man Paper Manufacturing Ltd,0.0001,Basic Materials,HK,"US$95,492.13","247,000"
1083,Towngas Smart Energy Co Ltd,0.0001,Utilities,HK,"US$95,710.31","228,000"
300037,Shenzhen Capchem Technology Co Ltd,0.0001,Basic Materials,CN,"US$92,139.17","8,460"
6049,Poly Property Services Co Ltd,0.0001,Real Estate,HK,"US$98,195.83","26,000"
2356,Dah Sing Banking Group Ltd,0.0001,Financials,HK,"US$97,403.73","56,800"
4927,Pola Orbis Holdings Inc,0.0001,Consumer Discretionary,JP,"US$96,319.81","11,900"
1313,China Resources Building Materials Technology Holdings Ltd,0.0001,Industrials,HK,"US$93,462.12","586,000"
601699,Shanxi Lu'an Environmental Energy Development Co Ltd,0.0001,Energy,CN,"US$96,547.34","40,800"
6993,Blue Moon Group Holdings Ltd,0.0001,Consumer Staples,HK,"US$93,140.58","226,000"
995,Anhui Expressway Co Ltd,0.0001,Industrials,HK,"US$91,004.67","44,000"
600392,Shenghe Resources Holding Co Ltd,0.0001,Basic Materials,CN,"US$84,498.00","26,100"
579,Beijing Jingneng Clean Energy Co Ltd,0.0001,Utilities,HK,"US$87,340.19","314,000"
TOWR,Sarana Menara Nusantara Tbk PT,0.0001,Telecommunications,ID,"US$90,932.06","4,276,200"
SCC,Semirara Mining & Power Corp,0.0001,Energy,PH,"US$85,727.51","203,100"
002266,Zhefu Holding Group Co Ltd,0.0001,Utilities,CN,"US$91,248.18","119,800"
000120,CJ Logistics Corp,0.0001,Industrials,KR,"US$87,315.53","1,539"
GFL,GFL Environmental Inc,0.0001,Utilities,US,"US$90,256.14","2,691"
525,Guangshen Railway Co Ltd,0.0001,Industrials,HK,"US$90,387.12","308,000"
1030,Seazen Group Ltd,0.0001,Real Estate,HK,"US$89,905.78","387,158"
1033,Sinopec Oilfield Service Corp,0.0001,Energy,HK,"US$86,635.87","970,000"
361610,SK IE Technology Co Ltd,0.0001,Industrials,KR,"US$86,901.41","6,782"
000876,New Hope Liuhe Co Ltd,0.0001,Consumer Staples,CN,"US$89,735.34","76,900"
300122,Chongqing Zhifei Biological Products Co Ltd,0.0001,Health Care,CN,"US$87,733.18","43,650"
600007,China World Trade Center Co Ltd,0.0001,Real Estate,CN,"US$80,224.21","25,300"
600570,Hundsun Technologies Inc,0.0001,Technology,CN,"US$78,979.04","22,003"
026960,Dongsuh Cos Inc,0.0001,Consumer Staples,KR,"US$81,550.96","5,006"
029780,Samsung Card Co Ltd,0.0001,Financials,KR,"US$79,284.90","2,589"
601811,Xinhua Winshare Publishing and Media Co Ltd,0.0001,Consumer Discretionary,CN,"US$78,647.33","41,000"
601333,Guangshen Railway Co Ltd,0.0001,Industrials,CN,"US$78,238.84","171,200"
300763,Ginlong Technologies Co Ltd,0.0001,Industrials,CN,"US$78,757.96","4,650"
008930,Hanmi Science Co ltd,0.0001,Health Care,KR,"US$77,426.18","3,675"
002532,Tianshan Aluminum Group Co Ltd,0.0001,Basic Materials,CN,"US$76,842.10","34,800"
GULF-R,Gulf Development PCL,0.0001,Utilities,TH,"US$80,970.53","42,503"
INCO,Vale Indonesia Tbk PT,0.0001,Basic Materials,ID,"US$78,981.74","298,394"
2778,Champion REIT,0.0001,Real Estate,HK,"US$71,932.02","232,000"
002790,AMOREPACIFIC Group,0.0001,Consumer Discretionary,KR,"US$75,446.91","4,965"
900911,Shanghai Jinqiao Export Processing Zone Development Co Ltd,0.0001,Real Estate,CN,"US$75,656.10","102,100"
002407,Do-Fluoride New Materials Co Ltd,0.0001,Basic Materials,CN,"US$73,266.83","14,700"
600383,Gemdale Corp,0.0001,Real Estate,CN,"US$74,591.99","183,400"
000629,Pangang Group Vanadium Titanium & Resources Co Ltd,0.0001,Basic Materials,CN,"US$69,902.76","138,200"
69,Shangri-La Asia Ltd,0.0001,Consumer Discretionary,HK,"US$76,453.93","140,000"
6127,Joinn Laboratories China Co Ltd,0.0001,Health Care,HK,"US$72,431.48","31,555"
000301,Jiangsu Eastern Shenghong Co Ltd,0.0001,Basic Materials,CN,"US$76,454.75","42,900"
007070,GS Retail Co Ltd,0.0001,Consumer Staples,KR,"US$71,733.28","4,231"
000883,Hubei Energy Group Co Ltd,0.0001,Utilities,CN,"US$75,124.27","95,300"
EFOR,Efor Yatirim Sanayi Ticaret AS,0.0001,Consumer Staples,TR,"US$71,539.96","289,770"
002555,37 Interactive Entertainment Network Technology Group Co Ltd,0.0001,Consumer Discretionary,CN,"US$74,966.17","26,400"
6185,CanSino Biologics Inc,0.0001,Health Care,HK,"US$65,230.31","19,800"
000938,Unisplendour Corp Ltd,0.0001,Technology,CN,"US$66,078.13","15,600"
BEKE,KE Holdings Inc,0.0001,Real Estate,US,"US$64,325.00","3,875"
694,Beijing Capital International Airport Co Ltd,0.0001,Industrials,HK,"US$69,382.70","318,000"
GGRM,Gudang Garam Tbk PT,0.0001,Consumer Staples,ID,"US$69,160.60","72,700"
000027,Shenzhen Energy Group Co Ltd,0.0001,Utilities,CN,"US$65,845.05","55,100"
2866,COSCO SHIPPING Development Co Ltd,0.0001,Industrials,HK,"US$62,645.78","501,000"
601877,Zhejiang Chint Electrics Co Ltd,0.0001,Industrials,CN,"US$68,955.62","16,000"
000963,Huadong Medicine Co Ltd,0.0001,Health Care,CN,"US$64,379.68","15,000"
BYRCS,Bayer CropScience Ltd/India,0.0001,Basic Materials,IN,"US$62,705.78","1,321"
BRIS,Bank Syariah Indonesia Persero Tbk PT,0.0001,Financials,ID,"US$69,156.07","624,151"
347,Angang Steel Co Ltd,0.0001,Basic Materials,HK,"US$62,217.06","387,000"
603185,Hoyuan Green Energy Co Ltd,0.0001,Technology,CN,"US$64,964.04","23,769"
BURG,Burgan Bank SAK,0.0001,Financials,KW,"US$63,981.27","100,999"
811,Xinhua Winshare Publishing and Media Co Ltd,0.0001,Consumer Discretionary,HK,"US$56,268.66","45,000"
SUNTV,Sun TV Network Ltd,0.0001,Consumer Discretionary,IN,"US$61,796.16","11,691"
900909,Shanghai Huayi Group Co Ltd,0.0001,Consumer Discretionary,CN,"US$55,256.80","115,600"
HLUNA,H Lundbeck A/S,0.0001,Health Care,DK,"US$60,047.16","10,450"
300207,Sunwoda Electronic Co Ltd,0.0001,Consumer Staples,CN,"US$56,288.67","16,700"
SMGR,Semen Indonesia Persero Tbk PT,0.0001,Industrials,ID,"US$54,993.66","581,501"
002409,Jiangsu Yoke Technology Co Ltd,0.0001,Basic Materials,CN,"US$62,103.99","3,900"
MDIA3,M Dias Branco SA,0.0001,Consumer Staples,BR,"US$58,267.37","15,200"
BJC/F,Berli Jucker PCL,0.0001,Consumer Discretionary,TH,"US$61,394.00","140,709"
002601,LB Group Co Ltd,0.0001,Basic Materials,CN,"US$58,372.09","27,600"
603486,Ecovacs Robotics Co Ltd,0.0001,Consumer Discretionary,CN,"US$57,317.88","6,600"
000069,Shenzhen Overseas Chinese Town Co Ltd,0.0001,Real Estate,CN,"US$61,257.57","213,500"
300146,By-health Co Ltd,0.0001,Consumer Staples,CN,"US$51,873.93","35,900"
300347,Hangzhou Tigermed Consulting Co Ltd,0.0001,Health Care,CN,"US$53,094.38","9,100"
600325,Zhuhai Huafa Properties Co Ltd,0.0001,Real Estate,CN,"US$48,577.30","112,100"
603806,Hangzhou First Applied Material Co Ltd,0.0001,Industrials,CN,"US$48,669.09","18,384"
601233,Tongkun Group Co Ltd,0.0001,Basic Materials,CN,"US$48,536.33","17,200"
JSMR,Jasa Marga Persero Tbk PT,0.0001,Industrials,ID,"US$53,581.54","318,107"
000661,Changchun High-Tech Industry Group Co Ltd,0.0001,Health Care,CN,"US$49,246.51","4,526"
000799,JiuGui Liquor Co Ltd,0.0001,Consumer Staples,CN,"US$54,795.05","8,100"
000937,Jizhong Energy Resources Co Ltd,0.0001,Energy,CN,"US$53,020.58","65,900"
600009,Shanghai International Airport Co Ltd,0.0001,Industrials,CN,"US$50,055.09","13,500"
000932,Hunan Valin Steel Co Ltd,0.0001,Basic Materials,CN,"US$48,572.27","81,900"
600741,Huayu Automotive Systems Co Ltd,0.0001,Consumer Discretionary,CN,"US$47,697.31","19,300"
600521,Zhejiang Huahai Pharmaceutical Co Ltd,0.0001,Health Care,CN,"US$54,526.17","23,100"
601567,Ningbo Sanxing Medical Electric Co Ltd,0.0001,Industrials,CN,"US$53,682.27","22,200"
601828,Red Star Macalline Group Corp Ltd,0.0001,Consumer Discretionary,CN,"US$52,759.10","146,200"
300413,Mango Excellent Media Co Ltd,0.0001,Consumer Discretionary,CN,"US$50,325.74","19,500"
MEG,Megaworld Corp,0.0001,Real Estate,PH,"US$48,544.48","1,437,605"
600763,Topchoice Medical Corp,0.0001,Health Care,CN,"US$44,168.64","7,983"
600803,ENN Natural Gas Co Ltd,0.0001,Utilities,CN,"US$45,394.85","15,700"
600985,Huaibei Mining Holdings Co Ltd,0.0001,Energy,CN,"US$47,120.07","21,600"
300896,Imeik Technology Development Co Ltd,0.0001,Health Care,CN,"US$41,209.36","2,660"
000830,Luxi Chemical Group Co Ltd,0.0001,Basic Materials,CN,"US$43,034.56","22,400"
002624,Perfect World Co Ltd/China,0.0001,Consumer Discretionary,CN,"US$40,404.79","19,500"
300003,Lepu Medical Technology Beijing Co Ltd,0.0001,Health Care,CN,"US$45,878.62","24,600"
002007,Hualan Biological Engineering Inc,0.0001,Health Care,CN,"US$45,316.02","22,300"
UFUK,Ufuk Yatirim Yonetim ve Gayrimenkul AS,0.0001,Financials,TR,"US$42,281.78","1,401"
002821,Asymchem Laboratories Tianjin Co Ltd,0.0001,Health Care,CN,"US$46,193.82","2,660"
000400,Xuji Electric Co Ltd,0.0001,Industrials,CN,"US$43,307.28","11,000"
000878,Yunnan Copper Co Ltd,0.0001,Basic Materials,CN,"US$47,435.39","18,100"
688188,Shanghai BOCHU Electronic Technology Corp Ltd,0.0001,Technology,CN,"US$46,071.91","1,913"
603260,Hoshine Silicon Industry Co Ltd,0.0001,Basic Materials,CN,"US$36,597.92","6,500"
600348,Shan Xi Hua Yang Group New Energy Co Ltd,0.0001,Energy,CN,"US$37,509.26","27,300"
601155,Seazen Holdings Co Ltd,0.0001,Real Estate,CN,"US$35,121.46","18,100"
600699,Ningbo Joyson Electronic Corp,0.0001,Consumer Discretionary,CN,"US$38,390.88","9,900"
BSDE,Bumi Serpong Damai Tbk PT,0.0001,Real Estate,ID,"US$38,632.01","1,095,800"
002326,Zhejiang Yongtai Technology Co Ltd,0.0001,Basic Materials,CN,"US$39,493.01","12,900"
600779,Sichuan Swellfun Co Ltd,0.0001,Consumer Staples,CN,"US$34,415.69","6,500"
000591,CECEP Solar Energy Co Ltd,0.0001,Utilities,CN,"US$33,665.12","37,500"
300496,Thunder Software Technology Co Ltd,0.0001,Technology,CN,"US$37,376.60","4,000"
001570,Kum Yang Co Ltd,0.0001,Basic Materials,KR,"US$38,745.99","5,898"
ERES,Ezdan Holding Group QSC,0.0001,Real Estate,QA,"US$34,116.84","142,617"
VAKBN,Turkiye Vakiflar Bankasi TAO,0.0001,Financials,TR,"US$35,054.38","52,163"
DFM,Dubai Financial Market PJSC,0.0001,Financials,AE,"US$39,891.83","101,046"
KNPL,Kansai Nerolac Paints Ltd,0.0001,Industrials,IN,"US$38,633.35","16,831"
603444,G-bits Network Technology Xiamen Co Ltd,0.0001,Consumer Discretionary,CN,"US$39,275.60",800
300142,Walvax Biotechnology Co Ltd,0.0001,Health Care,CN,"US$39,210.82","20,600"
601799,Changzhou Xingyu Automotive Lighting Systems Co Ltd,0.0,Consumer Discretionary,CN,"US$31,931.02","1,700"
000786,Beijing New Building Materials PLC,0.0,Industrials,CN,"US$30,820.31","9,100"
600483,Fujian Funeng Co Ltd,0.0,Utilities,CN,"US$25,626.04","15,080"
600338,Xizang Zhufeng Resources Co Ltd,0.0,Basic Materials,CN,"US$30,064.56","11,200"
601666,Pingdingshan Tianan Coal Mining Co Ltd,0.0,Energy,CN,"US$32,200.49","27,700"
688122,Western Superconducting Technologies Co Ltd,0.0,Basic Materials,CN,"US$30,235.61","3,026"
002268,CETC Cyberspace Security Technology Co Ltd,0.0,Industrials,CN,"US$32,646.84","15,600"
601139,Shenzhen Gas Corp Ltd,0.0,Utilities,CN,"US$25,588.59","26,700"
000860,Beijing Shunxin Agriculture Co Ltd,0.0,Consumer Staples,CN,"US$27,213.10","16,000"
300677,Intco Medical Technology Co Ltd,0.0,Health Care,CN,"US$28,917.61","4,500"
002568,Shanghai Bairun Investment Holding Group Co Ltd,0.0,Basic Materials,CN,"US$28,856.26","9,884"
603345,Anjoy Foods Group Co Ltd,0.0,Consumer Staples,CN,"US$26,528.33","1,800"
STH,StarHub Ltd,0.0,Telecommunications,SG,"US$26,813.03","33,200"
603939,Yifeng Pharmacy Chain Co Ltd,0.0,Consumer Staples,CN,"US$32,303.50","10,332"
300618,Nanjing Hanrui Cobalt Co Ltd,0.0,Basic Materials,CN,"US$20,312.21","3,600"
200539,Guangdong Electric Power Development Co Ltd,0.0,Utilities,CN,"US$25,260.42","87,600"
000519,North Industries Group Red Arrow Co Ltd,0.0,Industrials,CN,"US$21,236.72","7,300"
603737,Skshu Paint Co Ltd,0.0,Industrials,CN,"US$19,987.42","3,724"
300699,Weihai Guangwei Composites Co Ltd,0.0,Basic Materials,CN,"US$20,532.40","4,640"
002153,Beijing Shiji Information Technology Co Ltd,0.0,Technology,CN,"US$23,260.59","19,110"
600704,Wuchan Zhongda Group Co Ltd,0.0,Industrials,CN,"US$24,624.16","33,500"
603338,Zhejiang Dingli Machinery Co Ltd,0.0,Industrials,CN,"US$22,685.96","3,000"
601216,Inner Mongolia Junzheng Energy & Chemical Industry Group Co Ltd,0.0,Basic Materials,CN,"US$23,549.98","31,100"
600298,Angel Yeast Co Ltd,0.0,Consumer Staples,CN,"US$24,358.68","4,500"
603392,Beijing Wantai Biological Pharmacy Enterprise Co Ltd,0.0,Health Care,CN,"US$19,771.44","3,857"
002670,Guosheng Securities Inc,0.0,Financials,CN,"US$22,870.24","13,400"
300601,Shenzhen Kangtai Biological Products Co Ltd,0.0,Health Care,CN,"US$20,736.38","11,040"
000902,Yonfer Agricultural Technology Co Ltd,0.0,Basic Materials,CN,"US$17,908.29","9,300"
300595,Ovctek China Inc,0.0,Health Care,CN,"US$17,258.55","9,660"
601636,Zhuzhou Kibing Group Co Ltd,0.0,Industrials,CN,"US$15,534.09","15,700"
603456,Zhejiang Jiuzhou Pharmaceutical Co Ltd,0.0,Health Care,CN,"US$13,646.78","7,300"
PARAUOSA,Parque Arauco SA,0.0,Real Estate,CL,"US$17,042.15","50,562"
002607,Offcn Education Technology Co Ltd,0.0,Consumer Discretionary,CN,"US$16,249.18","45,400"
603882,Guangzhou Kingmed Diagnostics Group Co Ltd,0.0,Health Care,CN,"US$15,144.68","4,000"
603816,Jason Furniture Hangzhou Co Ltd,0.0,Consumer Discretionary,CN,"US$17,891.55","4,160"
601456,Guolian Securities Co Ltd,0.0,Financials,CN,"US$13,237.84","10,300"
000725,Hyundai Engineering & Construction Co Ltd,0.0,Industrials,KR,"US$10,011.68",254
300529,Jafron Biomedical Co Ltd,0.0,Health Care,CN,"US$9,415.88","3,500"
600655,Shanghai Yuyuan Tourist Mart Group Co Ltd,0.0,Consumer Discretionary,CN,"US$7,220.64","10,300"
601966,Shandong Linglong Tyre Co Ltd,0.0,Consumer Discretionary,CN,"US$10,124.60","5,700"
300357,Zhejiang Wolwo Bio-Pharmaceutical Co Ltd,0.0,Health Care,CN,"US$6,013.80","1,800"
PROX,Proximus SADP,0.0,Telecommunications,BE,US$0.00,0
RASP,Raspadskaya PAO,0.0,Energy,RU,US$0.00,"10,110"
HMSO,Hammerson PLC,0.0,Real Estate,GB,US$0.00,0
SSA,Sistema AFK PAO,0.0,Financials,GB,US$0.02,"2,109"
NOVOB,Novo Nordisk A/S,0.0,Health Care,DK,US$0.00,0
CHMF,Severstal PAO,0.0,Basic Materials,RU,US$0.00,"34,472"
AFKS,Sistema AFK PAO,0.0,Financials,RU,US$0.07,"467,000"
EVR,Evraz PLC,0.0,Basic Materials,GB,US$1.44,"106,517"
NEM,Newmont Corp,0.0,Basic Materials,AU,US$108.84,1
ROSN,Rosneft Oil Co PJSC,0.0,Energy,RU,US$0.04,"305,383"
2299955D,Constellation Software Inc/Canada,0.0,Technology,CA,US$0.04,"5,557"
HUH1V,Huhtamaki Oyj,0.0,Industrials,FI,US$0.00,0
GVYM,Gav-Yam Lands Corp Ltd,0.0,Real Estate,IL,US$9.11,0.66
PLZL,Polyus PJSC,0.0,Basic Materials,RU,US$0.01,"41,290"
CBOM,Credit Bank of Moscow PJSC,0.0,Financials,RU,US$0.59,"4,164,700"
CHR,Chr Hansen Holding A/S,0.0,Health Care,DK,US$0.00,0
UTG,UNITE Group PLC/The,0.0,Real Estate,GB,US$0.00,0
ENG,Enagas SA,0.0,Energy,ES,US$0.00,0
OMU,Old Mutual Ltd,0.0,Financials,GB,US$0.00,0
DLN,Derwent London PLC,0.0,Real Estate,GB,US$0.00,0
MAGN,Magnitogorsk Iron & Steel Works PJSC,0.0,Basic Materials,RU,US$0.07,"505,635"
ALRS,Alrosa PJSC,0.0,Basic Materials,RU,US$0.07,"495,420"
AENA,Aena SME SA,0.0,Industrials,ES,US$0.00,0
SAMPO,Sampo Oyj,0.0,Financials,FI,US$0.00,0
TNET,Telenet Group Holding NV,0.0,Telecommunications,BE,US$0.00,0
COLR,Colruyt Group N.V,0.0,Consumer Staples,BE,US$0.00,0
CRH,CRH PLC,0.0,Industrials,GB,US$0.00,0
1FRVIA,Forvia SE,0.0,Consumer Discretionary,IT,US$0.00,0
TUI,TUI AG,0.0,Consumer Discretionary,GB,US$0.00,0
RBREW,Royal Unibrew A/S,0.0,Consumer Staples,DK,US$0.00,0
TYRES,Nokian Renkaat Oyj,0.0,Consumer Discretionary,FI,US$0.00,0
NEOE3,Neoenergia SA,0.0,Utilities,BR,US$0.00,0
SOLB,Solvay SA,0.0,Basic Materials,BE,US$0.00,0
UMI,Umicore SA,0.0,Basic Materials,BE,US$0.00,0
FFGRP,FF Group,0.0,Consumer Discretionary,GR,US$0.01,"1,291"
LUMO,Lumo Kodit Oyj,0.0,Real Estate,FI,US$0.00,0
NMC,NMC Health PLC,0.0,Health Care,GB,US$0.09,"6,970"
TUI1,TUI AG,0.0,Consumer Discretionary,DE,US$0.00,0
FLOT,Sovcomflot PJSC,0.0,Industrials,RU,US$0.01,"51,010"
VOE,voestalpine AG,0.0,Basic Materials,AT,US$0.00,0
VTBR,VTB Bank PJSC,0.0,Financials,RU,US$0.02,"170,977.52"
SBER,Sberbank of Russia PJSC,0.0,Financials,RU,US$0.29,"2,030,335"
