etf_id,as_of_date,ticker,holding_name,weight_pct,sector,region,source
VWCE,2026-05-31,NVDA,NVIDIA Corp,4.5995,Technology,US,issuer
VWCE,2026-05-31,AAPL,Apple Inc,4.1829,Technology,US,issuer
VWCE,2026-05-31,MSFT,Microsoft Corp,3.1062,Technology,US,issuer
VWCE,2026-05-31,AMZN,Amazon.com Inc,2.4159,Consumer Discretionary,US,issuer
VWCE,2026-05-31,GOOGL,Alphabet Inc,2.0521,Technology,US,issuer
VWCE,2026-05-31,AVGO,Broadcom Inc,1.921,Technology,US,issuer
VWCE,2026-05-31,2330,Taiwan Semiconductor Manufacturing Co Ltd,1.6989,Technology,TW,issuer
VWCE,2026-05-31,GOOG,Alphabet Inc,1.6637,Technology,US,issuer
VWCE,2026-05-31,META,Meta Platforms Inc,1.2855,Technology,US,issuer
VWCE,2026-05-31,TSLA,Tesla Inc,1.1442,Consumer Discretionary,US,issuer
VWCE,2026-05-31,MU,Micron Technology Inc,1.0089,Technology,US,issuer
VWCE,2026-05-31,005930,Samsung Electronics Co Ltd,0.9246,Telecommunications,KR,issuer
VWCE,2026-05-31,LLY,Eli Lilly & Co,0.8239,Health Care,US,issuer
VWCE,2026-05-31,000660,SK hynix Inc,0.7853,Technology,KR,issuer
VWCE,2026-05-31,AMD,Advanced Micro Devices Inc,0.7736,Technology,US,issuer
VWCE,2026-05-31,BRK/B,Berkshire Hathaway Inc,0.66,Financials,US,issuer
VWCE,2026-05-31,JPM,JPMorgan Chase & Co,0.6196,Financials,US,issuer
VWCE,2026-05-31,ASML,ASML Holding NV,0.587,Technology,NL,issuer
VWCE,2026-05-31,XOM,Exxon Mobil Corp,0.5701,Energy,US,issuer
VWCE,2026-05-31,V,Visa Inc,0.5105,Industrials,US,issuer
VWCE,2026-05-31,JNJ,Johnson & Johnson,0.5033,Health Care,US,issuer
VWCE,2026-05-31,INTC,Intel Corp,0.4743,Technology,US,issuer
VWCE,2026-05-31,WMT,Walmart Inc,0.4676,Consumer Discretionary,US,issuer
VWCE,2026-05-31,CSCO,Cisco Systems Inc,0.4465,Telecommunications,US,issuer
VWCE,2026-05-31,COST,Costco Wholesale Corp,0.3939,Consumer Discretionary,US,issuer
VWCE,2026-05-31,CAT,Caterpillar Inc,0.3771,Industrials,US,issuer
VWCE,2026-05-31,LRCX,Lam Research Corp,0.3752,Technology,US,issuer
VWCE,2026-05-31,MA,Mastercard Inc,0.369,Industrials,US,issuer
VWCE,2026-05-31,ABBV,AbbVie Inc,0.3582,Health Care,US,issuer
VWCE,2026-05-31,ORCL,Oracle Corp,0.3539,Technology,US,issuer
VWCE,2026-05-31,NFLX,Netflix Inc,0.3385,Consumer Discretionary,US,issuer
VWCE,2026-05-31,AMAT,Applied Materials Inc,0.3343,Technology,US,issuer
VWCE,2026-05-31,UNH,UnitedHealth Group Inc,0.322,Health Care,US,issuer
VWCE,2026-05-31,PLTR,Palantir Technologies Inc,0.3181,Technology,US,issuer
VWCE,2026-05-31,CVX,Chevron Corp,0.3169,Energy,US,issuer
VWCE,2026-05-31,700,Tencent Holdings Ltd,0.3158,Technology,HK,issuer
VWCE,2026-05-31,GE,General Electric Co,0.3131,Industrials,US,issuer
VWCE,2026-05-31,PG,Procter & Gamble Co/The,0.3123,Consumer Staples,US,issuer
VWCE,2026-05-31,HSBA,HSBC Holdings PLC,0.2988,Financials,GB,issuer
VWCE,2026-05-31,HD,Home Depot Inc/The,0.2923,Consumer Discretionary,US,issuer
VWCE,2026-05-31,KO,Coca-Cola Co/The,0.2839,Consumer Staples,US,issuer
VWCE,2026-05-31,MRK,Merck & Co Inc,0.2742,Health Care,US,issuer
VWCE,2026-05-31,ROP,Roche Holding AG,0.2733,Health Care,CH,issuer
VWCE,2026-05-31,NOVN,Novartis AG,0.2679,Health Care,CH,issuer
VWCE,2026-05-31,BAC,Bank of America Corp,0.2657,Financials,US,issuer
VWCE,2026-05-31,TXN,Texas Instruments Inc,0.2607,Technology,US,issuer
VWCE,2026-05-31,9988,Alibaba Group Holding Ltd,0.2591,Consumer Discretionary,HK,issuer
VWCE,2026-05-31,AZN,AstraZeneca PLC,0.2589,Health Care,GB,issuer
VWCE,2026-05-31,IBM,International Business Machines Corp,0.2584,Technology,US,issuer
VWCE,2026-05-31,PM,Philip Morris International Inc,0.2566,Consumer Staples,US,issuer
VWCE,2026-05-31,QCOM,QUALCOMM Inc,0.25,Technology,US,issuer
VWCE,2026-05-31,RY,Royal Bank of Canada,0.247,Financials,CA,issuer
VWCE,2026-05-31,GEV,GE Vernova Inc,0.2443,Industrials,US,issuer
VWCE,2026-05-31,NESN,Nestle SA,0.2425,Consumer Staples,CH,issuer
VWCE,2026-05-31,KLAC,KLA Corp,0.238,Technology,US,issuer
VWCE,2026-05-31,GS,Goldman Sachs Group Inc/The,0.2292,Financials,US,issuer
VWCE,2026-05-31,SNDK,Sandisk Corp,0.2247,Technology,US,issuer
VWCE,2026-05-31,SHEL,Shell PLC,0.2244,Energy,GB,issuer
VWCE,2026-05-31,WFC,Wells Fargo & Co,0.2242,Financials,US,issuer
VWCE,2026-05-31,RTX,RTX Corp,0.2234,Industrials,US,issuer
VWCE,2026-05-31,MS,Morgan Stanley,0.2218,Financials,US,issuer
VWCE,2026-05-31,LIN,Linde PLC,0.2187,Basic Materials,US,issuer
VWCE,2026-05-31,SIE,Siemens AG,0.2159,Industrials,DE,issuer
VWCE,2026-05-31,PANW,Palo Alto Networks Inc,0.2121,Technology,US,issuer
VWCE,2026-05-31,BHP,BHP Group Ltd,0.2033,Basic Materials,AU,issuer
VWCE,2026-05-31,8306,Mitsubishi UFJ Financial Group Inc,0.1912,Financials,JP,issuer
VWCE,2026-05-31,ADI,Analog Devices Inc,0.1907,Technology,US,issuer
VWCE,2026-05-31,7203,Toyota Motor Corp,0.1887,Consumer Discretionary,JP,issuer
VWCE,2026-05-31,VZ,Verizon Communications Inc,0.1878,Telecommunications,US,issuer
VWCE,2026-05-31,MCD,McDonald's Corp,0.1845,Consumer Discretionary,US,issuer
VWCE,2026-05-31,CBA,Commonwealth Bank of Australia,0.1836,Financials,AU,issuer
VWCE,2026-05-31,PEP,PepsiCo Inc,0.183,Consumer Staples,US,issuer
VWCE,2026-05-31,TD,Toronto-Dominion Bank/The,0.1811,Financials,CA,issuer
VWCE,2026-05-31,STX,Seagate Technology Holdings PLC,0.1773,Technology,US,issuer
VWCE,2026-05-31,SAP,SAP SE,0.1744,Technology,DE,issuer
VWCE,2026-05-31,TMO,Thermo Fisher Scientific Inc,0.1717,Health Care,US,issuer
VWCE,2026-05-31,9984,SoftBank Group Corp,0.1709,Telecommunications,JP,issuer
VWCE,2026-05-31,SAN,Banco Santander SA,0.1702,Financials,ES,issuer
VWCE,2026-05-31,NEE,NextEra Energy Inc,0.1694,Utilities,US,issuer
VWCE,2026-05-31,AMGN,Amgen Inc,0.1692,Health Care,US,issuer
VWCE,2026-05-31,DIS,Walt Disney Co/The,0.1691,Consumer Discretionary,US,issuer
VWCE,2026-05-31,APH,Amphenol Corp,0.1685,Technology,US,issuer
VWCE,2026-05-31,2454,MediaTek Inc,0.1682,Technology,TW,issuer
VWCE,2026-05-31,CRWD,Crowdstrike Holdings Inc,0.167,Technology,US,issuer
VWCE,2026-05-31,WDC,Western Digital Corp,0.1667,Technology,US,issuer
VWCE,2026-05-31,CRM,Salesforce Inc,0.1628,Technology,US,issuer
VWCE,2026-05-31,BA,Boeing Co/The,0.1625,Industrials,US,issuer
VWCE,2026-05-31,C,Citigroup Inc,0.162,Financials,US,issuer
VWCE,2026-05-31,MRVL,Marvell Technology Inc,0.1609,Technology,US,issuer
VWCE,2026-05-31,TJX,TJX Cos Inc/The,0.1603,Consumer Discretionary,US,issuer
VWCE,2026-05-31,T,AT&T Inc,0.1595,Telecommunications,US,issuer
VWCE,2026-05-31,SU,Schneider Electric SE,0.1574,Industrials,FR,issuer
VWCE,2026-05-31,AXP,American Express Co,0.1572,Industrials,US,issuer
VWCE,2026-05-31,ABBN,ABB Ltd,0.1567,Industrials,CH,issuer
VWCE,2026-05-31,GILD,Gilead Sciences Inc,0.1565,Health Care,US,issuer
VWCE,2026-05-31,ALV,Allianz SE,0.1545,Financials,DE,issuer
VWCE,2026-05-31,ANET,Arista Networks Inc,0.1525,Telecommunications,US,issuer
VWCE,2026-05-31,TTE,TotalEnergies SE,0.1491,Energy,FR,issuer
VWCE,2026-05-31,BRK/A,Berkshire Hathaway Inc,0.1468,Financials,US,issuer
VWCE,2026-05-31,ETN,Eaton Corp PLC,0.1461,Industrials,US,issuer
VWCE,2026-05-31,BLK,BlackRock Funding Inc/DE,0.1457,Financials,US,issuer
VWCE,2026-05-31,UNP,Union Pacific Corp,0.1451,Industrials,US,issuer
VWCE,2026-05-31,8035,Tokyo Electron Ltd,0.1441,Technology,JP,issuer
VWCE,2026-05-31,RR/,Rolls-Royce Holdings PLC,0.1421,Industrials,GB,issuer
VWCE,2026-05-31,IBE,Iberdrola SA,0.1408,Utilities,ES,issuer
VWCE,2026-05-31,ISRG,Intuitive Surgical Inc,0.1401,Health Care,US,issuer
VWCE,2026-05-31,HON,Honeywell International Inc,0.1388,Industrials,US,issuer
VWCE,2026-05-31,UBSG,UBS Group AG,0.1381,Financials,CH,issuer
VWCE,2026-05-31,ABT,Abbott Laboratories,0.138,Health Care,US,issuer
VWCE,2026-05-31,PFE,Pfizer Inc,0.137,Health Care,US,issuer
VWCE,2026-05-31,SCHW,Charles Schwab Corp/The,0.1362,Financials,US,issuer
VWCE,2026-05-31,COP,ConocoPhillips,0.135,Energy,US,issuer
VWCE,2026-05-31,APP,AppLovin Corp,0.1347,Technology,US,issuer
VWCE,2026-05-31,NOVOB,Novo Nordisk A/S,0.1343,Health Care,DK,issuer
VWCE,2026-05-31,6501,Hitachi Ltd,0.1335,Industrials,JP,issuer
VWCE,2026-05-31,UBER,Uber Technologies Inc,0.1326,Consumer Discretionary,US,issuer
VWCE,2026-05-31,GLW,Corning Inc,0.1319,Technology,US,issuer
VWCE,2026-05-31,MC,LVMH Moet Hennessy Louis Vuitton SE,0.1316,Consumer Discretionary,FR,issuer
VWCE,2026-05-31,ENR,Siemens Energy AG,0.1316,Energy,DE,issuer
VWCE,2026-05-31,WELL,Welltower Inc,0.1315,Real Estate,US,issuer
VWCE,2026-05-31,SHOP,Shopify Inc,0.1291,Technology,CA,issuer
VWCE,2026-05-31,BKNG,Booking Holdings Inc,0.1279,Consumer Discretionary,US,issuer
VWCE,2026-05-31,2308,Delta Electronics Inc,0.1273,Industrials,TW,issuer
VWCE,2026-05-31,8316,Sumitomo Mitsui Financial Group Inc,0.1263,Financials,JP,issuer
VWCE,2026-05-31,DE,Deere & Co,0.1242,Industrials,US,issuer
VWCE,2026-05-31,BATS,British American Tobacco PLC,0.1231,Consumer Staples,GB,issuer
VWCE,2026-05-31,BBVA,Banco Bilbao Vizcaya Argentaria SA,0.123,Financials,ES,issuer
VWCE,2026-05-31,NOW,ServiceNow Inc,0.1228,Technology,US,issuer
VWCE,2026-05-31,UCG,UniCredit SpA,0.1217,Financials,IT,issuer
VWCE,2026-05-31,PLD,Prologis Inc,0.1214,Real Estate,US,issuer
VWCE,2026-05-31,DELL,Dell Technologies Inc,0.1211,Technology,US,issuer
VWCE,2026-05-31,6758,Sony Group Corp,0.121,Consumer Discretionary,JP,issuer
VWCE,2026-05-31,SPGI,S&P Global Inc,0.1202,Financials,US,issuer
VWCE,2026-05-31,SAF,Safran SA,0.1174,Industrials,FR,issuer
VWCE,2026-05-31,IFX,Infineon Technologies AG,0.1173,Technology,DE,issuer
VWCE,2026-05-31,AIR,Airbus SE,0.113,Industrials,FR,issuer
VWCE,2026-05-31,6857,Advantest Corp,0.1129,Technology,JP,issuer
VWCE,2026-05-31,NEM,Newmont Corp,0.1127,Basic Materials,US,issuer
VWCE,2026-05-31,ULVR,Unilever PLC,0.1115,Consumer Staples,GB,issuer
VWCE,2026-05-31,VRT,Vertiv Holdings Co,0.1112,Technology,US,issuer
VWCE,2026-05-31,LOW,Lowe's Cos Inc,0.1106,Consumer Discretionary,US,issuer
VWCE,2026-05-31,ENB,Enbridge Inc,0.1104,Energy,CA,issuer
VWCE,2026-05-31,MO,Altria Group Inc,0.1087,Consumer Staples,US,issuer
VWCE,2026-05-31,COF,Capital One Financial Corp,0.1082,Industrials,US,issuer
VWCE,2026-05-31,BMO,Bank of Montreal,0.108,Financials,CA,issuer
VWCE,2026-05-31,BMY,Bristol-Myers Squibb Co,0.1078,Health Care,US,issuer
VWCE,2026-05-31,ACN,Accenture PLC,0.1078,Industrials,US,issuer
VWCE,2026-05-31,2317,Hon Hai Precision Industry Co Ltd,0.1074,Technology,TW,issuer
VWCE,2026-05-31,DTE,Deutsche Telekom AG,0.1073,Telecommunications,DE,issuer
VWCE,2026-05-31,CVS,CVS Health Corp,0.1065,Consumer Staples,US,issuer
VWCE,2026-05-31,DHR,Danaher Corp,0.1065,Health Care,US,issuer
VWCE,2026-05-31,VRTX,Vertex Pharmaceuticals Inc,0.1064,Health Care,US,issuer
VWCE,2026-05-31,CFR,Cie Financiere Richemont SA,0.1051,Consumer Discretionary,CH,issuer
VWCE,2026-05-31,CB,Chubb Ltd,0.1047,Financials,US,issuer
VWCE,2026-05-31,SBUX,Starbucks Corp,0.1039,Consumer Discretionary,US,issuer
VWCE,2026-05-31,RIO,Rio Tinto PLC,0.1039,Basic Materials,GB,issuer
VWCE,2026-05-31,PGR,Progressive Corp/The,0.1039,Financials,US,issuer
VWCE,2026-05-31,1299,AIA Group Ltd,0.1024,Financials,HK,issuer
VWCE,2026-05-31,BP/,BP PLC,0.102,Energy,GB,issuer
VWCE,2026-05-31,8411,Mizuho Financial Group Inc,0.1016,Financials,JP,issuer
VWCE,2026-05-31,LMT,Lockheed Martin Corp,0.1016,Industrials,US,issuer
VWCE,2026-05-31,ADBE,Adobe Inc,0.1004,Technology,US,issuer
VWCE,2026-05-31,005935,Samsung Electronics Co Ltd,0.099,Telecommunications,KR,issuer
VWCE,2026-05-31,BNP,BNP Paribas SA,0.099,Financials,FR,issuer
VWCE,2026-05-31,ZURN,Zurich Insurance Group AG,0.0988,Financials,CH,issuer
VWCE,2026-05-31,PWR,Quanta Services Inc,0.098,Industrials,US,issuer
VWCE,2026-05-31,PH,Parker-Hannifin Corp,0.0979,Industrials,US,issuer
VWCE,2026-05-31,ISP,Intesa Sanpaolo SpA,0.0976,Financials,IT,issuer
VWCE,2026-05-31,SYK,Stryker Corp,0.0972,Health Care,US,issuer
VWCE,2026-05-31,8058,Mitsubishi Corp,0.0968,Industrials,JP,issuer
VWCE,2026-05-31,EQIX,Equinix Inc,0.0962,Real Estate,US,issuer
VWCE,2026-05-31,HWM,Howmet Aerospace Inc,0.096,Industrials,US,issuer
VWCE,2026-05-31,CDNS,Cadence Design Systems Inc,0.095,Technology,US,issuer
VWCE,2026-05-31,CM,Canadian Imperial Bank of Commerce,0.095,Financials,CA,issuer
VWCE,2026-05-31,GSK,GSK PLC,0.0935,Health Care,GB,issuer
VWCE,2026-05-31,SO,Southern Co/The,0.0934,Utilities,US,issuer
VWCE,2026-05-31,TT,Trane Technologies PLC,0.093,Industrials,US,issuer
VWCE,2026-05-31,6981,Murata Manufacturing Co Ltd,0.0927,Technology,JP,issuer
VWCE,2026-05-31,939,China Construction Bank Corp,0.092,Financials,HK,issuer
VWCE,2026-05-31,RELIANCE,Reliance Industries Ltd,0.0911,Energy,IN,issuer
VWCE,2026-05-31,CME,CME Group Inc,0.0908,Financials,US,issuer
VWCE,2026-05-31,DBS,DBS Group Holdings Ltd,0.0906,Financials,SG,issuer
VWCE,2026-05-31,BNS,Bank of Nova Scotia/The,0.0895,Financials,CA,issuer
VWCE,2026-05-31,BN,Brookfield Corp,0.0892,Financials,CA,issuer
VWCE,2026-05-31,MDT,Medtronic PLC,0.0887,Health Care,US,issuer
VWCE,2026-05-31,BNY,Bank of New York Mellon Corp/The,0.0879,Financials,US,issuer
VWCE,2026-05-31,AEM,Agnico Eagle Mines Ltd,0.0876,Basic Materials,CA,issuer
VWCE,2026-05-31,DUK,Duke Energy Corp,0.0872,Utilities,US,issuer
VWCE,2026-05-31,FCX,Freeport-McMoRan Inc,0.0872,Basic Materials,US,issuer
VWCE,2026-05-31,SAN,Sanofi SA,0.0869,Health Care,FR,issuer
VWCE,2026-05-31,MCK,McKesson Corp,0.0869,Consumer Staples,US,issuer
VWCE,2026-05-31,CNQ,Canadian Natural Resources Ltd,0.0857,Energy,CA,issuer
VWCE,2026-05-31,SNPS,Synopsys Inc,0.0856,Technology,US,issuer
VWCE,2026-05-31,INGA,ING Groep NV,0.085,Financials,NL,issuer
VWCE,2026-05-31,6098,Recruit Holdings Co Ltd,0.0843,Industrials,JP,issuer
VWCE,2026-05-31,TMUS,T-Mobile US Inc,0.0842,Telecommunications,US,issuer
VWCE,2026-05-31,INTU,Intuit Inc,0.0838,Technology,US,issuer
VWCE,2026-05-31,4063,Shin-Etsu Chemical Co Ltd,0.0838,Basic Materials,JP,issuer
VWCE,2026-05-31,ADP,Automatic Data Processing Inc,0.0835,Industrials,US,issuer
VWCE,2026-05-31,CEG,Constellation Energy Corp,0.0832,Utilities,US,issuer
VWCE,2026-05-31,CMCSA,Comcast Corp,0.0831,Telecommunications,US,issuer
VWCE,2026-05-31,CMI,Cummins Inc,0.0824,Industrials,US,issuer
VWCE,2026-05-31,WBC,Westpac Banking Corp,0.0819,Financials,AU,issuer
VWCE,2026-05-31,FDX,FedEx Corp,0.0816,Industrials,US,issuer
VWCE,2026-05-31,HDFCB,HDFC Bank Ltd,0.081,Financials,IN,issuer
VWCE,2026-05-31,FTNT,Fortinet Inc,0.081,Technology,US,issuer
VWCE,2026-05-31,6861,Keyence Corp,0.0808,Industrials,JP,issuer
VWCE,2026-05-31,AMT,American Tower Corp,0.0807,Real Estate,US,issuer
VWCE,2026-05-31,GD,General Dynamics Corp,0.0807,Industrials,US,issuer
VWCE,2026-05-31,WMB,Williams Cos Inc/The,0.0798,Energy,US,issuer
VWCE,2026-05-31,ENEL,Enel SpA,0.0797,Utilities,IT,issuer
VWCE,2026-05-31,009150,Samsung Electro-Mechanics Co Ltd,0.0796,Technology,KR,issuer
VWCE,2026-05-31,BX,Blackstone Inc,0.0795,Financials,US,issuer
VWCE,2026-05-31,BARC,Barclays PLC,0.0789,Financials,GB,issuer
VWCE,2026-05-31,SLB,SLB Ltd,0.0784,Energy,US,issuer
VWCE,2026-05-31,PNC,PNC Financial Services Group Inc/The,0.0782,Financials,US,issuer
VWCE,2026-05-31,CSX,CSX Corp,0.0781,Industrials,US,issuer
VWCE,2026-05-31,MAR,Marriott International Inc/MD,0.0781,Consumer Discretionary,US,issuer
VWCE,2026-05-31,6503,Mitsubishi Electric Corp,0.0779,Industrials,JP,issuer
VWCE,2026-05-31,8031,Mitsui & Co Ltd,0.0779,Industrials,JP,issuer
VWCE,2026-05-31,JCI,Johnson Controls International plc,0.0778,Industrials,US,issuer
VWCE,2026-05-31,SNOW,Snowflake Inc,0.0777,Technology,US,issuer
VWCE,2026-05-31,9983,Fast Retailing Co Ltd,0.077,Consumer Discretionary,JP,issuer
VWCE,2026-05-31,CIEN,Ciena Corp,0.0769,Telecommunications,US,issuer
VWCE,2026-05-31,ICE,Intercontinental Exchange Inc,0.0765,Financials,US,issuer
VWCE,2026-05-31,USB,US Bancorp,0.0765,Financials,US,issuer
VWCE,2026-05-31,BA/,BAE Systems PLC,0.0763,Industrials,GB,issuer
VWCE,2026-05-31,NXPI,NXP Semiconductors NV,0.0759,Technology,US,issuer
VWCE,2026-05-31,GLEN,Glencore PLC,0.0758,Basic Materials,GB,issuer
VWCE,2026-05-31,NAB,National Australia Bank Ltd,0.0758,Financials,AU,issuer
VWCE,2026-05-31,LLOY,Lloyds Banking Group PLC,0.0754,Financials,GB,issuer
VWCE,2026-05-31,MMM,3M Co,0.0754,Industrials,US,issuer
VWCE,2026-05-31,CP,Canadian Pacific Kansas City Ltd,0.0748,Industrials,CA,issuer
VWCE,2026-05-31,EMR,Emerson Electric Co,0.0747,Industrials,US,issuer
VWCE,2026-05-31,MDLZ,Mondelez International Inc,0.0747,Consumer Staples,US,issuer
VWCE,2026-05-31,8766,Tokio Marine Holdings Inc,0.0747,Financials,JP,issuer
VWCE,2026-05-31,ELV,Elevance Health Inc,0.0741,Health Care,US,issuer
VWCE,2026-05-31,MELI,MercadoLibre Inc,0.074,Consumer Discretionary,US,issuer
VWCE,2026-05-31,NOKIA,Nokia Oyj,0.0739,Telecommunications,FI,issuer
VWCE,2026-05-31,8001,ITOCHU Corp,0.0735,Industrials,JP,issuer
VWCE,2026-05-31,MRSH,Marsh & McLennan Cos Inc,0.073,Financials,US,issuer
VWCE,2026-05-31,NG/,National Grid PLC,0.073,Utilities,GB,issuer
VWCE,2026-05-31,ANZ,ANZ Group Holdings Ltd,0.0725,Financials,AU,issuer
VWCE,2026-05-31,SU,Suncor Energy Inc,0.0724,Energy,CA,issuer
VWCE,2026-05-31,UPS,United Parcel Service Inc,0.0722,Industrials,US,issuer
VWCE,2026-05-31,WM,Waste Management Inc,0.072,Utilities,US,issuer
VWCE,2026-05-31,GM,General Motors Co,0.0709,Consumer Discretionary,US,issuer
VWCE,2026-05-31,7011,Mitsubishi Heavy Industries Ltd,0.0709,Industrials,JP,issuer
VWCE,2026-05-31,MPWR,Monolithic Power Systems Inc,0.0708,Technology,US,issuer
VWCE,2026-05-31,NOC,Northrop Grumman Corp,0.0707,Industrials,US,issuer
VWCE,2026-05-31,SPOT,Spotify Technology SA,0.0707,Consumer Discretionary,US,issuer
VWCE,2026-05-31,EOG,EOG Resources Inc,0.0704,Energy,US,issuer
VWCE,2026-05-31,ABI,Anheuser-Busch InBev SA/NV,0.0704,Consumer Staples,BE,issuer
VWCE,2026-05-31,NET,Cloudflare Inc,0.0699,Technology,US,issuer
VWCE,2026-05-31,DDOG,Datadog Inc,0.0697,Technology,US,issuer
VWCE,2026-05-31,MPC,Marathon Petroleum Corp,0.0697,Energy,US,issuer
VWCE,2026-05-31,CRH,CRH PLC,0.0696,Industrials,US,issuer
VWCE,2026-05-31,HLT,Hilton Worldwide Holdings Inc,0.0694,Consumer Discretionary,US,issuer
VWCE,2026-05-31,ROST,Ross Stores Inc,0.0688,Consumer Discretionary,US,issuer
VWCE,2026-05-31,RKLB,Rocket Lab Corp,0.0686,Industrials,US,issuer
VWCE,2026-05-31,ORLY,O'Reilly Automotive Inc,0.0682,Consumer Discretionary,US,issuer
VWCE,2026-05-31,CL,Colgate-Palmolive Co,0.0682,Consumer Staples,US,issuer
VWCE,2026-05-31,VLO,Valero Energy Corp,0.0681,Energy,US,issuer
VWCE,2026-05-31,CI,Cigna Group/The,0.068,Health Care,US,issuer
VWCE,2026-05-31,ABX,Barrick Mining Corp,0.0672,Basic Materials,CA,issuer
VWCE,2026-05-31,HOOD,Robinhood Markets Inc,0.0671,Financials,US,issuer
VWCE,2026-05-31,SHW,Sherwin-Williams Co/The,0.0671,Industrials,US,issuer
VWCE,2026-05-31,402340,SK Square Co Ltd,0.0669,Technology,KR,issuer
VWCE,2026-05-31,RCL,Royal Caribbean Cruises Ltd,0.0669,Consumer Discretionary,US,issuer
VWCE,2026-05-31,BSX,Boston Scientific Corp,0.0667,Health Care,US,issuer
VWCE,2026-05-31,DG,Vinci SA,0.0667,Industrials,FR,issuer
VWCE,2026-05-31,CS,AXA SA,0.0662,Financials,FR,issuer
VWCE,2026-05-31,MCO,Moody's Corp,0.0659,Financials,US,issuer
VWCE,2026-05-31,TDG,TransDigm Group Inc,0.0656,Industrials,US,issuer
VWCE,2026-05-31,285A,Kioxia Holdings Corp,0.0654,Technology,JP,issuer
VWCE,2026-05-31,ITW,Illinois Tool Works Inc,0.0651,Industrials,US,issuer
VWCE,2026-05-31,PSX,Phillips 66,0.0648,Energy,US,issuer
VWCE,2026-05-31,ICICIBC,ICICI Bank Ltd,0.0644,Financials,IN,issuer
VWCE,2026-05-31,1398,Industrial & Commercial Bank of China Ltd,0.0641,Financials,HK,issuer
VWCE,2026-05-31,RHM,Rheinmetall AG,0.0637,Industrials,DE,issuer
VWCE,2026-05-31,ITX,Industria de Diseno Textil SA,0.0636,Consumer Discretionary,ES,issuer
VWCE,2026-05-31,MUV2,Muenchener Rueckversicherungs-Gesellschaft AG in Muenchen,0.0631,Financials,DE,issuer
VWCE,2026-05-31,AEP,American Electric Power Co Inc,0.0631,Utilities,US,issuer
VWCE,2026-05-31,TRP,TC Energy Corp,0.063,Energy,CA,issuer
VWCE,2026-05-31,MSI,Motorola Solutions Inc,0.063,Telecommunications,US,issuer
VWCE,2026-05-31,NSC,Norfolk Southern Corp,0.0629,Industrials,US,issuer
VWCE,2026-05-31,F,Ford Motor Co,0.0628,Consumer Discretionary,US,issuer
VWCE,2026-05-31,DLR,Digital Realty Trust Inc,0.0621,Real Estate,US,issuer
VWCE,2026-05-31,CNR,Canadian National Railway Co,0.062,Industrials,CA,issuer
VWCE,2026-05-31,TEL,TE Connectivity PLC,0.0613,Technology,US,issuer
VWCE,2026-05-31,MFC,Manulife Financial Corp,0.061,Financials,CA,issuer
VWCE,2026-05-31,NWG,NatWest Group PLC,0.0609,Financials,GB,issuer
VWCE,2026-05-31,AON,Aon PLC,0.0607,Financials,US,issuer
VWCE,2026-05-31,WES,Wesfarmers Ltd,0.0602,Consumer Discretionary,AU,issuer
VWCE,2026-05-31,FIX,Comfort Systems USA Inc,0.0598,Industrials,US,issuer
VWCE,2026-05-31,005380,Hyundai Motor Co,0.0598,Consumer Discretionary,KR,issuer
VWCE,2026-05-31,KKR,KKR & Co Inc,0.0598,Financials,US,issuer
VWCE,2026-05-31,SPG,Simon Property Group Inc,0.0596,Real Estate,US,issuer
VWCE,2026-05-31,COHR,Coherent Corp,0.0594,Technology,US,issuer
VWCE,2026-05-31,PDD,PDD Holdings Inc,0.0592,Technology,US,issuer
VWCE,2026-05-31,WBD,Warner Bros Discovery Inc,0.0591,Consumer Discretionary,US,issuer
VWCE,2026-05-31,ECL,Ecolab Inc,0.059,Basic Materials,US,issuer
VWCE,2026-05-31,388,Hong Kong Exchanges & Clearing Ltd,0.0589,Financials,HK,issuer
VWCE,2026-05-31,RMS,Hermes International SCA,0.0586,Consumer Discretionary,FR,issuer
VWCE,2026-05-31,1810,Xiaomi Corp,0.0584,Telecommunications,HK,issuer
VWCE,2026-05-31,TRV,Travelers Cos Inc/The,0.0582,Financials,US,issuer
VWCE,2026-05-31,BKR,Baker Hughes Co,0.0581,Energy,US,issuer
VWCE,2026-05-31,REGN,Regeneron Pharmaceuticals Inc,0.058,Health Care,US,issuer
VWCE,2026-05-31,URI,United Rentals Inc,0.0579,Industrials,US,issuer
VWCE,2026-05-31,WPM,Wheaton Precious Metals Corp,0.0578,Basic Materials,CA,issuer
VWCE,2026-05-31,APD,Air Products and Chemicals Inc,0.0578,Basic Materials,US,issuer
VWCE,2026-05-31,HCA,HCA Healthcare Inc,0.0577,Health Care,US,issuer
VWCE,2026-05-31,KEYS,Keysight Technologies Inc,0.0575,Industrials,US,issuer
VWCE,2026-05-31,3711,ASE Technology Holding Co Ltd,0.0569,Technology,TW,issuer
VWCE,2026-05-31,MNST,Monster Beverage Corp,0.0566,Consumer Staples,US,issuer
VWCE,2026-05-31,TER,Teradyne Inc,0.0563,Technology,US,issuer
VWCE,2026-05-31,OCBC,Oversea-Chinese Banking Corp Ltd,0.0562,Financials,SG,issuer
VWCE,2026-05-31,LSEG,London Stock Exchange Group PLC,0.056,Financials,GB,issuer
VWCE,2026-05-31,5802,Sumitomo Electric Industries Ltd,0.0555,Consumer Discretionary,JP,issuer
VWCE,2026-05-31,LHX,L3Harris Technologies Inc,0.0554,Industrials,US,issuer
VWCE,2026-05-31,REL,RELX PLC,0.0552,Technology,GB,issuer
VWCE,2026-05-31,DASH,DoorDash Inc,0.0551,Technology,US,issuer
VWCE,2026-05-31,KMI,Kinder Morgan Inc,0.055,Energy,US,issuer
VWCE,2026-05-31,TFC,Truist Financial Corp,0.0548,Financials,US,issuer
VWCE,2026-05-31,BHARTI,Bharti Airtel Ltd,0.0547,Telecommunications,IN,issuer
VWCE,2026-05-31,MQG,Macquarie Group Ltd,0.0545,Financials,AU,issuer
VWCE,2026-05-31,NDA,Nordea Bank Abp,0.0544,Financials,FI,issuer
VWCE,2026-05-31,,National Bank of Canada,0.0543,Financials,CA,issuer
VWCE,2026-05-31,EL,EssilorLuxottica SA,0.0542,Health Care,FR,issuer
VWCE,2026-05-31,2303,United Microelectronics Corp,0.0532,Technology,TW,issuer
VWCE,2026-05-31,PCAR,PACCAR Inc,0.0532,Industrials,US,issuer
VWCE,2026-05-31,VALE3,Vale SA,0.0529,Basic Materials,BR,issuer
VWCE,2026-05-31,CTAS,Cintas Corp,0.0529,Industrials,US,issuer
VWCE,2026-05-31,TGT,Target Corp,0.0529,Consumer Discretionary,US,issuer
VWCE,2026-05-31,SRE,Sempra,0.0528,Utilities,US,issuer
VWCE,2026-05-31,DBK,Deutsche Bank AG,0.0527,Financials,DE,issuer
VWCE,2026-05-31,D,Dominion Energy Inc,0.0524,Utilities,US,issuer
VWCE,2026-05-31,ABNB,Airbnb Inc,0.0524,Consumer Discretionary,US,issuer
VWCE,2026-05-31,GLE,Societe Generale SA,0.0523,Financials,FR,issuer
VWCE,2026-05-31,AAL,Anglo American PLC,0.0522,Basic Materials,GB,issuer
VWCE,2026-05-31,AI,Air Liquide SA,0.0521,Basic Materials,FR,issuer
VWCE,2026-05-31,PRX,Prosus NV,0.0518,Technology,NL,issuer
VWCE,2026-05-31,DHL,Deutsche Post AG,0.0517,Industrials,DE,issuer
VWCE,2026-05-31,NUE,Nucor Corp,0.0516,Basic Materials,US,issuer
VWCE,2026-05-31,APO,Apollo Global Management Inc,0.0516,Financials,US,issuer
VWCE,2026-05-31,HPE,Hewlett Packard Enterprise Co,0.0516,Technology,US,issuer
VWCE,2026-05-31,VST,Vistra Corp,0.0516,Utilities,US,issuer
VWCE,2026-05-31,FLEX,Flex Ltd,0.0512,Technology,US,issuer
VWCE,2026-05-31,O,Realty Income Corp,0.0512,Real Estate,US,issuer
VWCE,2026-05-31,TRGP,Targa Resources Corp,0.0508,Energy,US,issuer
VWCE,2026-05-31,CPG,Compass Group PLC,0.0508,Consumer Discretionary,GB,issuer
VWCE,2026-05-31,GWW,WW Grainger Inc,0.0501,Industrials,US,issuer
VWCE,2026-05-31,BAS,BASF SE,0.05,Basic Materials,DE,issuer
VWCE,2026-05-31,ALL,Allstate Corp/The,0.0499,Financials,US,issuer
VWCE,2026-05-31,NKE,NIKE Inc,0.0496,Consumer Discretionary,US,issuer
VWCE,2026-05-31,CTVA,Corteva Inc,0.0494,Consumer Staples,US,issuer
VWCE,2026-05-31,DB1,Deutsche Boerse AG,0.0494,Financials,DE,issuer
VWCE,2026-05-31,VOLVB,Volvo AB,0.049,Industrials,SE,issuer
VWCE,2026-05-31,AME,AMETEK Inc,0.0488,Industrials,US,issuer
VWCE,2026-05-31,6752,Panasonic Holdings Corp,0.0487,Consumer Discretionary,JP,issuer
VWCE,2026-05-31,DVN,Devon Energy Corp,0.0485,Energy,US,issuer
VWCE,2026-05-31,3690,Meituan,0.0481,Technology,HK,issuer
VWCE,2026-05-31,AFL,Aflac Inc,0.0481,Financials,US,issuer
VWCE,2026-05-31,ROK,Rockwell Automation Inc,0.0481,Industrials,US,issuer
VWCE,2026-05-31,ARGX,Argenx SE,0.0479,Health Care,BE,issuer
VWCE,2026-05-31,CARR,Carrier Global Corp,0.0479,Industrials,US,issuer
VWCE,2026-05-31,FAST,Fastenal Co,0.0476,Basic Materials,US,issuer
VWCE,2026-05-31,OKE,ONEOK Inc,0.0475,Energy,US,issuer
VWCE,2026-05-31,7741,Hoya Corp,0.0473,Health Care,JP,issuer
VWCE,2026-05-31,4502,Takeda Pharmaceutical Co Ltd,0.0472,Health Care,JP,issuer
VWCE,2026-05-31,ON,ON Semiconductor Corp,0.0472,Technology,US,issuer
VWCE,2026-05-31,ENI,Eni SpA,0.0471,Energy,IT,issuer
VWCE,2026-05-31,AJG,Arthur J Gallagher & Co,0.047,Financials,US,issuer
VWCE,2026-05-31,MSTR,Strategy Inc,0.0468,Technology,US,issuer
VWCE,2026-05-31,2318,Ping An Insurance Group Co of China Ltd,0.0468,Financials,HK,issuer
VWCE,2026-05-31,EA,Electronic Arts Inc,0.0467,Consumer Discretionary,US,issuer
VWCE,2026-05-31,STAN,Standard Chartered PLC,0.0467,Financials,GB,issuer
VWCE,2026-05-31,MCHP,Microchip Technology Inc,0.0466,Technology,US,issuer
VWCE,2026-05-31,6762,TDK Corp,0.0466,Industrials,JP,issuer
VWCE,2026-05-31,PRY,Prysmian SpA,0.0463,Industrials,IT,issuer
VWCE,2026-05-31,EBAY,eBay Inc,0.0463,Consumer Discretionary,US,issuer
VWCE,2026-05-31,ASM,ASM International NV,0.0463,Technology,NL,issuer
VWCE,2026-05-31,RJHI,Al Rajhi Bank,0.0461,Financials,SA,issuer
VWCE,2026-05-31,AZO,AutoZone Inc,0.0461,Consumer Discretionary,US,issuer
VWCE,2026-05-31,3988,Bank of China Ltd,0.0459,Financials,HK,issuer
VWCE,2026-05-31,EW,Edwards Lifesciences Corp,0.0458,Health Care,US,issuer
VWCE,2026-05-31,ETR,Entergy Corp,0.0456,Utilities,US,issuer
VWCE,2026-05-31,CABK,CaixaBank SA,0.0455,Financials,ES,issuer
VWCE,2026-05-31,CVNA,Carvana Co,0.0453,Consumer Discretionary,US,issuer
VWCE,2026-05-31,COR,Cencora Inc,0.0452,Consumer Staples,US,issuer
VWCE,2026-05-31,ADSK,Autodesk Inc,0.0451,Technology,US,issuer
VWCE,2026-05-31,5803,Fujikura Ltd,0.045,Industrials,JP,issuer
VWCE,2026-05-31,8002,Marubeni Corp,0.0449,Industrials,JP,issuer
VWCE,2026-05-31,CCO,Cameco Corp,0.0448,Energy,CA,issuer
VWCE,2026-05-31,DSV,DSV A/S,0.0447,Industrials,DK,issuer
VWCE,2026-05-31,HOLN,Holcim AG,0.0447,Industrials,CH,issuer
VWCE,2026-05-31,LNG,Cheniere Energy Inc,0.0444,Energy,US,issuer
VWCE,2026-05-31,RIO,Rio Tinto Ltd,0.0444,Basic Materials,AU,issuer
VWCE,2026-05-31,ANG,Anglogold Ashanti Plc,0.0443,Basic Materials,ZA,issuer
VWCE,2026-05-31,PSA,Public Storage,0.0441,Real Estate,US,issuer
VWCE,2026-05-31,9433,KDDI Corp,0.0439,Telecommunications,JP,issuer
VWCE,2026-05-31,XEL,Xcel Energy Inc,0.0439,Utilities,US,issuer
VWCE,2026-05-31,STMMI,STMicroelectronics NV,0.0438,Technology,IT,issuer
VWCE,2026-05-31,EXC,Exelon Corp,0.0436,Utilities,US,issuer
VWCE,2026-05-31,DGE,Diageo PLC,0.0435,Consumer Staples,GB,issuer
VWCE,2026-05-31,CAH,Cardinal Health Inc,0.0435,Health Care,US,issuer
VWCE,2026-05-31,9999,NetEase Inc,0.0432,Consumer Discretionary,HK,issuer
VWCE,2026-05-31,EOAN,E.ON SE,0.0431,Utilities,DE,issuer
VWCE,2026-05-31,MBG,Mercedes-Benz Group AG,0.0429,Consumer Discretionary,DE,issuer
VWCE,2026-05-31,7974,Nintendo Co Ltd,0.0426,Consumer Discretionary,JP,issuer
VWCE,2026-05-31,MET,MetLife Inc,0.0426,Financials,US,issuer
VWCE,2026-05-31,WAB,Westinghouse Air Brake Technologies Corp,0.0425,Industrials,US,issuer
VWCE,2026-05-31,ALAB,Astera Labs Inc,0.0425,Technology,US,issuer
VWCE,2026-05-31,IDXX,IDEXX Laboratories Inc,0.0425,Health Care,US,issuer
VWCE,2026-05-31,6954,FANUC Corp,0.0424,Industrials,JP,issuer
VWCE,2026-05-31,MSCI,MSCI Inc,0.0423,Financials,US,issuer
VWCE,2026-05-31,INVEA,Investor AB,0.0421,Financials,SE,issuer
VWCE,2026-05-31,GMG,Goodman Group,0.0421,Real Estate,AU,issuer
VWCE,2026-05-31,6723,Renesas Electronics Corp,0.0421,Technology,JP,issuer
VWCE,2026-05-31,LONN,Lonza Group AG,0.042,Health Care,CH,issuer
VWCE,2026-05-31,LR,Legrand SA,0.0419,Industrials,FR,issuer
VWCE,2026-05-31,OR,L'Oreal SA,0.0417,Consumer Discretionary,FR,issuer
VWCE,2026-05-31,8591,ORIX Corp,0.0416,Financials,JP,issuer
VWCE,2026-05-31,ORA,Orange SA,0.0414,Telecommunications,FR,issuer
VWCE,2026-05-31,FITB,Fifth Third Bancorp,0.0413,Financials,US,issuer
VWCE,2026-05-31,BN,Danone SA,0.0413,Consumer Staples,FR,issuer
VWCE,2026-05-31,INVEB,Investor AB,0.0411,Financials,SE,issuer
VWCE,2026-05-31,SREN,Swiss Re AG,0.041,Financials,CH,issuer
VWCE,2026-05-31,FNV,Franco-Nevada Corp,0.0409,Basic Materials,CA,issuer
VWCE,2026-05-31,NU,NU Holdings Ltd/Cayman Islands,0.0409,Financials,US,issuer
VWCE,2026-05-31,RWE,RWE AG,0.0408,Utilities,DE,issuer
VWCE,2026-05-31,CLS,Celestica Inc,0.0408,Technology,CA,issuer
VWCE,2026-05-31,STT,State Street Corp,0.0406,Financials,US,issuer
VWCE,2026-05-31,ITUB4,Itau Unibanco Holding SA,0.0405,Financials,BR,issuer
VWCE,2026-05-31,8053,Sumitomo Corp,0.0405,Industrials,JP,issuer
VWCE,2026-05-31,INFO,Infosys Ltd,0.0403,Technology,IN,issuer
VWCE,2026-05-31,2914,Japan Tobacco Inc,0.04,Consumer Staples,JP,issuer
VWCE,2026-05-31,2383,Elite Material Co Ltd,0.04,Technology,TW,issuer
VWCE,2026-05-31,ATD,Alimentation Couche-Tard Inc,0.0399,Consumer Discretionary,CA,issuer
VWCE,2026-05-31,SGO,Cie de Saint-Gobain SA,0.0398,Industrials,FR,issuer
VWCE,2026-05-31,BAYN,Bayer AG,0.0398,Health Care,DE,issuer
VWCE,2026-05-31,ATCOB,Atlas Copco AB,0.0396,Industrials,SE,issuer
VWCE,2026-05-31,G,Generali,0.0395,Financials,IT,issuer
VWCE,2026-05-31,SAND,Sandvik AB,0.0395,Industrials,SE,issuer
VWCE,2026-05-31,1211,BYD Co Ltd,0.0394,Consumer Discretionary,HK,issuer
VWCE,2026-05-31,FERG,Ferguson Enterprises Inc,0.0394,Industrials,US,issuer
VWCE,2026-05-31,ODFL,Old Dominion Freight Line Inc,0.0392,Industrials,US,issuer
VWCE,2026-05-31,ARAMCO,Saudi Arabian Oil Co,0.0391,Energy,SA,issuer
VWCE,2026-05-31,FANG,Diamondback Energy Inc,0.039,Energy,US,issuer
VWCE,2026-05-31,BDX,Becton Dickinson & Co,0.0389,Health Care,US,issuer
VWCE,2026-05-31,AMP,Ameriprise Financial Inc,0.0386,Financials,US,issuer
VWCE,2026-05-31,CMG,Chipotle Mexican Grill Inc,0.0386,Consumer Discretionary,US,issuer
VWCE,2026-05-31,OXY,Occidental Petroleum Corp,0.0385,Energy,US,issuer
VWCE,2026-05-31,NDAQ,Nasdaq Inc,0.0385,Financials,US,issuer
VWCE,2026-05-31,YUM,Yum! Brands Inc,0.0383,Consumer Discretionary,US,issuer
VWCE,2026-05-31,AIG,American International Group Inc,0.0382,Financials,US,issuer
VWCE,2026-05-31,WDS,Woodside Energy Group Ltd,0.0381,Energy,AU,issuer
VWCE,2026-05-31,COIN,Coinbase Global Inc,0.0381,Financials,US,issuer
VWCE,2026-05-31,TTWO,Take-Two Interactive Software Inc,0.0379,Consumer Discretionary,US,issuer
VWCE,2026-05-31,CSU,Constellation Software Inc/Canada,0.0379,Technology,CA,issuer
VWCE,2026-05-31,NPN,Naspers Ltd,0.0378,Technology,ZA,issuer
VWCE,2026-05-31,VTR,Ventas Inc,0.0376,Real Estate,US,issuer
VWCE,2026-05-31,RKT,Reckitt Benckiser Group PLC,0.0376,Consumer Staples,GB,issuer
VWCE,2026-05-31,KDP,Keurig Dr Pepper Inc,0.0373,Consumer Staples,US,issuer
VWCE,2026-05-31,SLF,Sun Life Financial Inc,0.0368,Financials,CA,issuer
VWCE,2026-05-31,GALD,Galderma Group AG,0.0367,Health Care,CH,issuer
VWCE,2026-05-31,9434,SoftBank Corp,0.0367,Telecommunications,JP,issuer
VWCE,2026-05-31,HLN,Haleon PLC,0.0365,Health Care,GB,issuer
VWCE,2026-05-31,LUMI,Bank Leumi Le-Israel BM,0.0365,Financials,IL,issuer
VWCE,2026-05-31,RSG,Republic Services Inc,0.0365,Utilities,US,issuer
VWCE,2026-05-31,ED,Consolidated Edison Inc,0.0363,Utilities,US,issuer
VWCE,2026-05-31,RACE,Ferrari NV,0.0362,Consumer Discretionary,IT,issuer
VWCE,2026-05-31,DHI,DR Horton Inc,0.0362,Consumer Discretionary,US,issuer
VWCE,2026-05-31,IBKR,Interactive Brokers Group Inc,0.036,Financials,US,issuer
VWCE,2026-05-31,EME,EMCOR Group Inc,0.0359,Industrials,US,issuer
VWCE,2026-05-31,CCI,Crown Castle Inc,0.0359,Real Estate,US,issuer
VWCE,2026-05-31,PEG,Public Service Enterprise Group Inc,0.0359,Utilities,US,issuer
VWCE,2026-05-31,CVE,Cenovus Energy Inc,0.0359,Energy,CA,issuer
VWCE,2026-05-31,A,Agilent Technologies Inc,0.0358,Health Care,US,issuer
VWCE,2026-05-31,ADM,Archer-Daniels-Midland Co,0.0356,Consumer Staples,US,issuer
VWCE,2026-05-31,PETR3,Petroleo Brasileiro SA,0.0355,Energy,BR,issuer
VWCE,2026-05-31,WCN,Waste Connections Inc,0.0354,Utilities,CA,issuer
VWCE,2026-05-31,TSCO,Tesco PLC,0.0353,Consumer Staples,GB,issuer
VWCE,2026-05-31,GRMN,Garmin Ltd,0.0352,Consumer Discretionary,US,issuer
VWCE,2026-05-31,SSE,SSE PLC,0.0352,Utilities,GB,issuer
VWCE,2026-05-31,2891,CTBC Financial Holding Co Ltd,0.035,Financials,TW,issuer
VWCE,2026-05-31,GMEXICOB,Grupo Mexico SAB de CV,0.0349,Basic Materials,MX,issuer
VWCE,2026-05-31,2327,Yageo Corp,0.0349,Technology,TW,issuer
VWCE,2026-05-31,WAT,Waters Corp,0.0349,Health Care,US,issuer
VWCE,2026-05-31,KR,Kroger Co/The,0.0348,Consumer Staples,US,issuer
VWCE,2026-05-31,ALNY,Alnylam Pharmaceuticals Inc,0.0347,Health Care,US,issuer
VWCE,2026-05-31,AD,Koninklijke Ahold Delhaize NV,0.0347,Consumer Staples,NL,issuer
VWCE,2026-05-31,9888,Baidu Inc,0.0346,Technology,HK,issuer
VWCE,2026-05-31,K,Kinross Gold Corp,0.0346,Basic Materials,CA,issuer
VWCE,2026-05-31,ERICB,Telefonaktiebolaget LM Ericsson,0.0345,Telecommunications,SE,issuer
VWCE,2026-05-31,CBRE,CBRE Group Inc,0.0345,Real Estate,US,issuer
VWCE,2026-05-31,IRM,Iron Mountain Inc,0.0345,Real Estate,US,issuer
VWCE,2026-05-31,STLD,Steel Dynamics Inc,0.0343,Basic Materials,US,issuer
VWCE,2026-05-31,8750,Daiichi Life Group Inc,0.0343,Financials,JP,issuer
VWCE,2026-05-31,VMC,Vulcan Materials Co,0.0342,Industrials,US,issuer
VWCE,2026-05-31,TEVA,Teva Pharmaceutical Industries Ltd,0.0341,Health Care,IL,issuer
VWCE,2026-05-31,6301,Komatsu Ltd,0.034,Industrials,JP,issuer
VWCE,2026-05-31,PRU,Prudential PLC,0.034,Financials,GB,issuer
VWCE,2026-05-31,XYZ,Block Inc,0.0338,Industrials,US,issuer
VWCE,2026-05-31,4578,Otsuka Holdings Co Ltd,0.0338,Health Care,JP,issuer
VWCE,2026-05-31,9618,JD.com Inc,0.0337,Consumer Discretionary,HK,issuer
VWCE,2026-05-31,SYY,Sysco Corp,0.0336,Consumer Staples,US,issuer
VWCE,2026-05-31,FER,Ferrovial NV,0.0335,Industrials,ES,issuer
VWCE,2026-05-31,AIRB,Air Liquide SA,0.0334,Basic Materials,FR,issuer
VWCE,2026-05-31,HUM,Humana Inc,0.0333,Health Care,US,issuer
VWCE,2026-05-31,3037,Unimicron Technology Corp,0.0333,Technology,TW,issuer
VWCE,2026-05-31,IFC,Intact Financial Corp,0.0333,Financials,CA,issuer
VWCE,2026-05-31,7267,Honda Motor Co Ltd,0.0333,Consumer Discretionary,JP,issuer
VWCE,2026-05-31,2345,Accton Technology Corp,0.0332,Telecommunications,TW,issuer
VWCE,2026-05-31,CCL,Carnival Corp Ltd,0.0331,Consumer Discretionary,US,issuer
VWCE,2026-05-31,UOB,United Overseas Bank Ltd,0.033,Financials,SG,issuer
VWCE,2026-05-31,UCB,UCB SA,0.033,Health Care,BE,issuer
VWCE,2026-05-31,PRU,Prudential Financial Inc,0.033,Financials,US,issuer
VWCE,2026-05-31,POLI,Bank Hapoalim BM,0.0328,Financials,IL,issuer
VWCE,2026-05-31,ASSAB,Assa Abloy AB,0.0327,Industrials,SE,issuer
VWCE,2026-05-31,PCG,PG&E Corp,0.0325,Utilities,US,issuer
VWCE,2026-05-31,6702,Fujitsu Ltd,0.0324,Technology,JP,issuer
VWCE,2026-05-31,4062,Ibiden Co Ltd,0.0324,Technology,JP,issuer
VWCE,2026-05-31,EQT,EQT Corp,0.0324,Energy,US,issuer
VWCE,2026-05-31,GFI,Gold Fields Ltd,0.0324,Basic Materials,ZA,issuer
VWCE,2026-05-31,6367,Daikin Industries Ltd,0.0323,Industrials,JP,issuer
VWCE,2026-05-31,CBOE,Cboe Global Markets Inc,0.0323,Financials,US,issuer
VWCE,2026-05-31,SDZ,Sandoz Group AG,0.0323,Health Care,CH,issuer
VWCE,2026-05-31,FFH,Fairfax Financial Holdings Ltd,0.0322,Financials,CA,issuer
VWCE,2026-05-31,CSL,CSL Ltd,0.0321,Health Care,AU,issuer
VWCE,2026-05-31,105560,KB Financial Group Inc,0.0321,Financials,KR,issuer
VWCE,2026-05-31,AXON,Axon Enterprise Inc,0.032,Industrials,US,issuer
VWCE,2026-05-31,SIKA,Sika AG,0.0319,Industrials,CH,issuer
VWCE,2026-05-31,MLM,Martin Marietta Materials Inc,0.0319,Industrials,US,issuer
VWCE,2026-05-31,ROP,Roper Technologies Inc,0.0318,Technology,US,issuer
VWCE,2026-05-31,WEC,WEC Energy Group Inc,0.0317,Utilities,US,issuer
VWCE,2026-05-31,HIG,Hartford Financial Services Group Inc/The,0.0317,Financials,US,issuer
VWCE,2026-05-31,ZTS,Zoetis Inc,0.0316,Health Care,US,issuer
VWCE,2026-05-31,SUNB,Sunbelt Rentals Holdings Inc,0.0315,Industrials,GB,issuer
VWCE,2026-05-31,DOL,Dollarama Inc,0.0313,Consumer Discretionary,CA,issuer
VWCE,2026-05-31,PETR4,Petroleo Brasileiro SA,0.0311,Energy,BR,issuer
VWCE,2026-05-31,NTR,Nutrien Ltd,0.031,Basic Materials,CA,issuer
VWCE,2026-05-31,EBS,Erste Group Bank AG,0.031,Financials,AT,issuer
VWCE,2026-05-31,6701,NEC Corp,0.031,Technology,JP,issuer
VWCE,2026-05-31,8725,MS&AD Insurance Group Holdings Inc,0.0309,Financials,JP,issuer
VWCE,2026-05-31,7182,Japan Post Bank Co Ltd,0.0308,Financials,JP,issuer
VWCE,2026-05-31,6146,Disco Corp,0.0308,Technology,JP,issuer
VWCE,2026-05-31,Q,Qnity Electronics Inc,0.0308,Technology,US,issuer
VWCE,2026-05-31,4519,Chugai Pharmaceutical Co Ltd,0.0306,Health Care,JP,issuer
VWCE,2026-05-31,CRWV,Coreweave Inc,0.0306,Technology,US,issuer
VWCE,2026-05-31,TECK/B,Teck Resources Ltd,0.0306,Basic Materials,CA,issuer
VWCE,2026-05-31,TSEM,Tower Semiconductor Ltd,0.0305,Technology,IL,issuer
VWCE,2026-05-31,TCL,Transurban Group,0.0305,Industrials,AU,issuer
VWCE,2026-05-31,HBAN,Huntington Bancshares Inc/OH,0.0305,Financials,US,issuer
VWCE,2026-05-31,NTAP,NetApp Inc,0.0304,Technology,US,issuer
VWCE,2026-05-31,6971,Kyocera Corp,0.0304,Technology,JP,issuer
VWCE,2026-05-31,HAL,Halliburton Co,0.0303,Energy,US,issuer
VWCE,2026-05-31,8630,Sompo Holdings Inc,0.0303,Financials,JP,issuer
VWCE,2026-05-31,IQV,IQVIA Holdings Inc,0.0302,Health Care,US,issuer
VWCE,2026-05-31,MTB,M&T Bank Corp,0.0302,Financials,US,issuer
VWCE,2026-05-31,DELTA/F,Delta Electronics Thailand PCL,0.0301,Technology,TH,issuer
VWCE,2026-05-31,KVUE,Kenvue Inc,0.03,Consumer Staples,US,issuer
VWCE,2026-05-31,DANSKE,Danske Bank A/S,0.03,Financials,DK,issuer
VWCE,2026-05-31,ALC,Alcon AG,0.0299,Health Care,CH,issuer
VWCE,2026-05-31,,L'Oreal SA,0.0298,Consumer Discretionary,FR,issuer
VWCE,2026-05-31,8015,Toyota Tsusho Corp,0.0297,Industrials,JP,issuer
VWCE,2026-05-31,PAYX,Paychex Inc,0.0297,Industrials,US,issuer
VWCE,2026-05-31,POW,Power Corp of Canada,0.0296,Financials,CA,issuer
VWCE,2026-05-31,ADS,adidas AG,0.0296,Consumer Discretionary,DE,issuer
VWCE,2026-05-31,PYPL,PayPal Holdings Inc,0.0294,Industrials,US,issuer
VWCE,2026-05-31,ATCOA,Atlas Copco AB,0.0293,Industrials,SE,issuer
VWCE,2026-05-31,KMB,Kimberly-Clark Corp,0.0292,Consumer Staples,US,issuer
VWCE,2026-05-31,ACGL,Arch Capital Group Ltd,0.0291,Financials,US,issuer
VWCE,2026-05-31,034020,Doosan Enerbility Co Ltd,0.0287,Industrials,KR,issuer
VWCE,2026-05-31,OTP,OTP Bank Nyrt,0.0286,Financials,HU,issuer
VWCE,2026-05-31,KBC,KBC Group NV,0.0285,Financials,BE,issuer
VWCE,2026-05-31,WDAY,Workday Inc,0.0284,Technology,US,issuer
VWCE,2026-05-31,EXPN,Experian PLC,0.0284,Industrials,GB,issuer
VWCE,2026-05-31,HLMA,Halma PLC,0.0284,Industrials,GB,issuer
VWCE,2026-05-31,4568,Daiichi Sankyo Co Ltd,0.0284,Health Care,JP,issuer
VWCE,2026-05-31,FSLR,First Solar Inc,0.0284,Energy,US,issuer
VWCE,2026-05-31,012330,Hyundai Mobis Co Ltd,0.0282,Consumer Discretionary,KR,issuer
VWCE,2026-05-31,NTRA,Natera Inc,0.0282,Health Care,US,issuer
VWCE,2026-05-31,SNB,Saudi National Bank/The,0.0281,Financials,SA,issuer
VWCE,2026-05-31,FISV,Fiserv Inc,0.028,Industrials,US,issuer
VWCE,2026-05-31,NTRS,Northern Trust Corp,0.028,Financials,US,issuer
VWCE,2026-05-31,CBK,Commerzbank AG,0.028,Financials,DE,issuer
VWCE,2026-05-31,AXSB,Axis Bank Ltd,0.0279,Financials,IN,issuer
VWCE,2026-05-31,LT,Larsen & Toubro Ltd,0.0279,Industrials,IN,issuer
VWCE,2026-05-31,TDY,Teledyne Technologies Inc,0.0278,Industrials,US,issuer
VWCE,2026-05-31,MT,ArcelorMittal SA,0.0277,Basic Materials,NL,issuer
VWCE,2026-05-31,KFH,Kuwait Finance House KSCP,0.0277,Financials,KW,issuer
VWCE,2026-05-31,MM,Mahindra & Mahindra Ltd,0.0277,Consumer Discretionary,IN,issuer
VWCE,2026-05-31,WOW,Woolworths Group Ltd,0.0276,Consumer Staples,AU,issuer
VWCE,2026-05-31,GFNORTEO,Grupo Financiero Banorte SAB de CV,0.0276,Financials,MX,issuer
VWCE,2026-05-31,SWEDA,Swedbank AB,0.0276,Financials,SE,issuer
VWCE,2026-05-31,9961,Trip.com Group Ltd,0.0275,Consumer Discretionary,HK,issuer
VWCE,2026-05-31,FTS,Fortis Inc/Canada,0.0275,Utilities,CA,issuer
VWCE,2026-05-31,III,3i Group PLC,0.0274,Financials,GB,issuer
VWCE,2026-05-31,CNC,Centene Corp,0.0274,Health Care,US,issuer
VWCE,2026-05-31,EXR,Extra Space Storage Inc,0.0274,Real Estate,US,issuer
VWCE,2026-05-31,AEE,Ameren Corp,0.0274,Utilities,US,issuer
VWCE,2026-05-31,2802,Ajinomoto Co Inc,0.0271,Consumer Staples,JP,issuer
VWCE,2026-05-31,ENGI,Engie SA,0.0269,Utilities,FR,issuer
VWCE,2026-05-31,RBLX,ROBLOX Corp,0.0267,Consumer Discretionary,US,issuer
VWCE,2026-05-31,FICO,Fair Isaac Corp,0.0267,Industrials,US,issuer
VWCE,2026-05-31,RMD,ResMed Inc,0.0266,Health Care,US,issuer
VWCE,2026-05-31,FSR,FirstRand Ltd,0.0265,Financials,ZA,issuer
VWCE,2026-05-31,DXCM,Dexcom Inc,0.0264,Health Care,US,issuer
VWCE,2026-05-31,857,PetroChina Co Ltd,0.0264,Energy,HK,issuer
VWCE,2026-05-31,8802,Mitsubishi Estate Co Ltd,0.0264,Real Estate,JP,issuer
VWCE,2026-05-31,IMB,Imperial Brands PLC,0.0263,Consumer Staples,GB,issuer
VWCE,2026-05-31,HEI,Heidelberg Materials AG,0.0263,Industrials,DE,issuer
VWCE,2026-05-31,GEHC,GE HealthCare Technologies Inc,0.0262,Health Care,US,issuer
VWCE,2026-05-31,VWS,Vestas Wind Systems A/S,0.0262,Energy,DK,issuer
VWCE,2026-05-31,8308,Resona Holdings Inc,0.0262,Financials,JP,issuer
VWCE,2026-05-31,CNP,CenterPoint Energy Inc,0.0261,Utilities,US,issuer
VWCE,2026-05-31,REP,Repsol SA,0.0261,Energy,ES,issuer
VWCE,2026-05-31,DOV,Dover Corp,0.0261,Industrials,US,issuer
VWCE,2026-05-31,MTD,Mettler-Toledo International Inc,0.0261,Industrials,US,issuer
VWCE,2026-05-31,BIIB,Biogen Inc,0.026,Health Care,US,issuer
VWCE,2026-05-31,AMS,Amadeus IT Group SA,0.026,Technology,ES,issuer
VWCE,2026-05-31,VOD,Vodafone Group PLC,0.026,Telecommunications,GB,issuer
VWCE,2026-05-31,GIVN,Givaudan SA,0.026,Basic Materials,CH,issuer
VWCE,2026-05-31,ADYEN,Adyen NV,0.0258,Industrials,NL,issuer
VWCE,2026-05-31,CPRT,Copart Inc,0.0257,Consumer Discretionary,US,issuer
VWCE,2026-05-31,CTSH,Cognizant Technology Solutions Corp,0.0257,Technology,US,issuer
VWCE,2026-05-31,1,CK Hutchison Holdings Ltd,0.0257,Industrials,HK,issuer
VWCE,2026-05-31,TWLO,Twilio Inc,0.0257,Technology,US,issuer
VWCE,2026-05-31,2628,China Life Insurance Co Ltd,0.0257,Financials,HK,issuer
VWCE,2026-05-31,DTE,DTE Energy Co,0.0256,Utilities,US,issuer
VWCE,2026-05-31,IR,Ingersoll Rand Inc,0.0255,Industrials,US,issuer
VWCE,2026-05-31,RF,Regions Financial Corp,0.0255,Financials,US,issuer
VWCE,2026-05-31,CFG,Citizens Financial Group Inc,0.0255,Financials,US,issuer
VWCE,2026-05-31,HSY,Hershey Co/The,0.0255,Consumer Staples,US,issuer
VWCE,2026-05-31,2881,Fubon Financial Holding Co Ltd,0.0254,Financials,TW,issuer
VWCE,2026-05-31,2882,Cathay Financial Holding Co Ltd,0.0254,Financials,TW,issuer
VWCE,2026-05-31,SLHN,Swiss Life Holding AG,0.0254,Financials,CH,issuer
VWCE,2026-05-31,SYF,Synchrony Financial,0.0254,Industrials,US,issuer
VWCE,2026-05-31,BESI,BE Semiconductor Industries NV,0.0253,Technology,NL,issuer
VWCE,2026-05-31,055550,Shinhan Financial Group Co Ltd,0.0253,Financials,KR,issuer
VWCE,2026-05-31,012450,Hanwha Aerospace Co Ltd,0.0252,Industrials,KR,issuer
VWCE,2026-05-31,9432,NTT Inc,0.0252,Telecommunications,JP,issuer
VWCE,2026-05-31,BAF,Bajaj Finance Ltd,0.0252,Financials,IN,issuer
VWCE,2026-05-31,4503,Astellas Pharma Inc,0.0252,Health Care,JP,issuer
VWCE,2026-05-31,992,Lenovo Group Ltd,0.0252,Technology,HK,issuer
VWCE,2026-05-31,AMRZ,Amrize Ltd,0.0251,Industrials,CH,issuer
VWCE,2026-05-31,000270,Kia Corp,0.025,Consumer Discretionary,KR,issuer
VWCE,2026-05-31,NRG,NRG Energy Inc,0.0249,Utilities,US,issuer
VWCE,2026-05-31,PKO,Powszechna Kasa Oszczednosci Bank Polski SA,0.0247,Financials,PL,issuer
VWCE,2026-05-31,2885,Yuanta Financial Holding Co Ltd,0.0247,Financials,TW,issuer
VWCE,2026-05-31,PPL,PPL Corp,0.0246,Utilities,US,issuer
VWCE,2026-05-31,OTIS,Otis Worldwide Corp,0.0246,Industrials,US,issuer
VWCE,2026-05-31,SEBA,Skandinaviska Enskilda Banken AB,0.0246,Financials,SE,issuer
VWCE,2026-05-31,4901,FUJIFILM Holdings Corp,0.0245,Technology,JP,issuer
VWCE,2026-05-31,PPG,PPG Industries Inc,0.0245,Industrials,US,issuer
VWCE,2026-05-31,3382,Seven & i Holdings Co Ltd,0.0245,Consumer Staples,JP,issuer
VWCE,2026-05-31,ZM,Zoom Video Communications Inc,0.0245,Technology,US,issuer
VWCE,2026-05-31,EQNR,Equinor ASA,0.0244,Energy,NO,issuer
VWCE,2026-05-31,VIE,Veolia Environnement SA,0.0244,Utilities,FR,issuer
VWCE,2026-05-31,PPL,Pembina Pipeline Corp,0.0244,Energy,CA,issuer
VWCE,2026-05-31,ACS,ACS Actividades de Construccion y Servicios SA,0.0243,Industrials,ES,issuer
VWCE,2026-05-31,FE,FirstEnergy Corp,0.0243,Utilities,US,issuer
VWCE,2026-05-31,AVB,AvalonBay Communities Inc,0.0243,Real Estate,US,issuer
VWCE,2026-05-31,LYV,Live Nation Entertainment Inc,0.0243,Consumer Discretionary,US,issuer
VWCE,2026-05-31,XYL,Xylem Inc/NY,0.0242,Industrials,US,issuer
VWCE,2026-05-31,MDB,MongoDB Inc,0.0242,Technology,US,issuer
VWCE,2026-05-31,EIX,Edison International,0.0242,Utilities,US,issuer
VWCE,2026-05-31,LDO,Leonardo SpA,0.0242,Industrials,IT,issuer
VWCE,2026-05-31,5108,Bridgestone Corp,0.0242,Consumer Discretionary,JP,issuer
VWCE,2026-05-31,QSR,Restaurant Brands International Inc,0.0241,Consumer Discretionary,CA,issuer
VWCE,2026-05-31,8801,Mitsui Fudosan Co Ltd,0.024,Real Estate,JP,issuer
VWCE,2026-05-31,HUBB,Hubbell Inc,0.024,Industrials,US,issuer
VWCE,2026-05-31,EXPE,Expedia Group Inc,0.024,Consumer Discretionary,US,issuer
VWCE,2026-05-31,JBHT,JB Hunt Transport Services Inc,0.024,Industrials,US,issuer
VWCE,2026-05-31,AIBG,AIB Group PLC,0.0238,Financials,IE,issuer
VWCE,2026-05-31,ST,Singapore Telecommunications Ltd,0.0238,Telecommunications,SG,issuer
VWCE,2026-05-31,300750,Contemporary Amperex Technology Co Ltd,0.0236,Industrials,CN,issuer
VWCE,2026-05-31,SAMPO,Sampo Oyj,0.0236,Financials,FI,issuer
VWCE,2026-05-31,VEEV,Veeva Systems Inc,0.0235,Health Care,US,issuer
VWCE,2026-05-31,HPQ,HP Inc,0.0234,Technology,US,issuer
VWCE,2026-05-31,SBK,Standard Bank Group Ltd,0.0234,Financials,ZA,issuer
VWCE,2026-05-31,ML,Cie Generale des Etablissements Michelin SCA,0.0234,Consumer Discretionary,FR,issuer
VWCE,2026-05-31,2388,BOC Hong Kong Holdings Ltd,0.0234,Financials,HK,issuer
VWCE,2026-05-31,2360,Chroma ATE Inc,0.0233,Industrials,TW,issuer
VWCE,2026-05-31,PHM,PulteGroup Inc,0.0233,Consumer Discretionary,US,issuer
VWCE,2026-05-31,CHD,Church & Dwight Co Inc,0.0232,Consumer Staples,US,issuer
VWCE,2026-05-31,ILMN,Illumina Inc,0.0232,Health Care,US,issuer
VWCE,2026-05-31,2382,Quanta Computer Inc,0.0232,Technology,TW,issuer
VWCE,2026-05-31,ES,Eversource Energy,0.0232,Utilities,US,issuer
VWCE,2026-05-31,L,Loblaw Cos Ltd,0.0231,Consumer Staples,CA,issuer
VWCE,2026-05-31,8309,Sumitomo Mitsui Trust Group Inc,0.0231,Financials,JP,issuer
VWCE,2026-05-31,BMW,Bayerische Motoren Werke AG,0.023,Consumer Discretionary,DE,issuer
VWCE,2026-05-31,ATO,Atmos Energy Corp,0.023,Utilities,US,issuer
VWCE,2026-05-31,AV/,Aviva PLC,0.023,Financials,GB,issuer
VWCE,2026-05-31,028260,Samsung C&T Corp,0.0229,Industrials,KR,issuer
VWCE,2026-05-31,HO,Thales SA,0.0229,Industrials,FR,issuer
VWCE,2026-05-31,QBE,QBE Insurance Group Ltd,0.0229,Financials,AU,issuer
VWCE,2026-05-31,006400,Samsung SDI Co Ltd,0.0229,Industrials,KR,issuer
VWCE,2026-05-31,DTG,Daimler Truck Holding AG,0.0228,Industrials,DE,issuer
VWCE,2026-05-31,WSM,Williams-Sonoma Inc,0.0228,Consumer Discretionary,US,issuer
VWCE,2026-05-31,FMG,Fortescue Ltd,0.0228,Basic Materials,AU,issuer
VWCE,2026-05-31,PAAS,Pan American Silver Corp,0.0226,Basic Materials,CA,issuer
VWCE,2026-05-31,WST,West Pharmaceutical Services Inc,0.0225,Health Care,US,issuer
VWCE,2026-05-31,P,Everpure Inc,0.0224,Technology,US,issuer
VWCE,2026-05-31,SOFI,SoFi Technologies Inc,0.0224,Financials,US,issuer
VWCE,2026-05-31,NBK,National Bank of Kuwait SAKP,0.0224,Financials,KW,issuer
VWCE,2026-05-31,CMS,CMS Energy Corp,0.0224,Utilities,US,issuer
VWCE,2026-05-31,DOW,Dow Inc,0.0224,Industrials,US,issuer
VWCE,2026-05-31,CPAY,Corpay Inc,0.0224,Industrials,US,issuer
VWCE,2026-05-31,NI,NiSource Inc,0.0223,Utilities,US,issuer
VWCE,2026-05-31,PFG,Principal Financial Group Inc,0.0223,Financials,US,issuer
VWCE,2026-05-31,ABN,ABN AMRO Bank NV,0.0223,Financials,NL,issuer
VWCE,2026-05-31,EQR,Equity Residential,0.0222,Real Estate,US,issuer
VWCE,2026-05-31,BAMI,Banco BPM SpA,0.0222,Financials,IT,issuer
VWCE,2026-05-31,DNB,DNB Bank ASA,0.0222,Financials,NO,issuer
VWCE,2026-05-31,TCS,Tata Consultancy Services Ltd,0.0221,Technology,IN,issuer
VWCE,2026-05-31,VRSK,Verisk Analytics Inc,0.0221,Industrials,US,issuer
VWCE,2026-05-31,FFIV,F5 Inc,0.0221,Technology,US,issuer
VWCE,2026-05-31,BAP,Credicorp Ltd,0.022,Financials,US,issuer
VWCE,2026-05-31,AWK,American Water Works Co Inc,0.022,Utilities,US,issuer
VWCE,2026-05-31,MAADEN,Saudi Arabian Mining Co,0.022,Basic Materials,SA,issuer
VWCE,2026-05-31,1288,Agricultural Bank of China Ltd,0.0219,Financials,HK,issuer
VWCE,2026-05-31,DG,Dollar General Corp,0.0219,Consumer Discretionary,US,issuer
VWCE,2026-05-31,BMPS,Banca Monte dei Paschi di Siena SpA,0.0219,Financials,IT,issuer
VWCE,2026-05-31,ARES,Ares Management Corp,0.0219,Financials,US,issuer
VWCE,2026-05-31,5020,ENEOS Holdings Inc,0.0218,Energy,JP,issuer
VWCE,2026-05-31,CINF,Cincinnati Financial Corp,0.0218,Financials,US,issuer
VWCE,2026-05-31,8604,Nomura Holdings Inc,0.0217,Financials,JP,issuer
VWCE,2026-05-31,PKN,ORLEN SA,0.0217,Energy,PL,issuer
VWCE,2026-05-31,RDDT,Reddit Inc,0.0217,Technology,US,issuer
VWCE,2026-05-31,2899,Zijin Mining Group Co Ltd,0.0217,Basic Materials,HK,issuer
VWCE,2026-05-31,IHG,InterContinental Hotels Group PLC,0.0217,Consumer Discretionary,GB,issuer
VWCE,2026-05-31,VRSN,VeriSign Inc,0.0216,Technology,US,issuer
VWCE,2026-05-31,SMCI,Super Micro Computer Inc,0.0215,Technology,US,issuer
VWCE,2026-05-31,WTW,Willis Towers Watson PLC,0.0215,Financials,US,issuer
VWCE,2026-05-31,ESLT,Elbit Systems Ltd,0.0214,Industrials,IL,issuer
VWCE,2026-05-31,VICI,VICI Properties Inc,0.0214,Real Estate,US,issuer
VWCE,2026-05-31,PGHN,Partners Group Holding AG,0.0214,Financials,CH,issuer
VWCE,2026-05-31,3017,Asia Vital Components Co Ltd,0.0214,Technology,TW,issuer
VWCE,2026-05-31,DLTR,Dollar Tree Inc,0.0213,Consumer Discretionary,US,issuer
VWCE,2026-05-31,STC,Saudi Telecom Co,0.0213,Telecommunications,SA,issuer
VWCE,2026-05-31,TROW,T Rowe Price Group Inc,0.0212,Financials,US,issuer
VWCE,2026-05-31,INSM,Insmed Inc,0.0212,Health Care,US,issuer
VWCE,2026-05-31,PKG,Packaging Corp of America,0.0211,Industrials,US,issuer
VWCE,2026-05-31,6178,Japan Post Holdings Co Ltd,0.0211,Financials,JP,issuer
VWCE,2026-05-31,OMC,Omnicom Group Inc,0.0211,Consumer Discretionary,US,issuer
VWCE,2026-05-31,KMB,Kotak Mahindra Bank Ltd,0.0211,Financials,IN,issuer
VWCE,2026-05-31,CPI,Capitec Bank Holdings Ltd,0.0211,Financials,ZA,issuer
VWCE,2026-05-31,ULTA,Ulta Beauty Inc,0.021,Consumer Discretionary,US,issuer
VWCE,2026-05-31,16,Sun Hung Kai Properties Ltd,0.021,Real Estate,HK,issuer
VWCE,2026-05-31,DRI,Darden Restaurants Inc,0.0209,Consumer Discretionary,US,issuer
VWCE,2026-05-31,RJF,Raymond James Financial Inc,0.0209,Financials,US,issuer
VWCE,2026-05-31,032830,Samsung Life Insurance Co Ltd,0.0209,Financials,KR,issuer
VWCE,2026-05-31,7269,Suzuki Motor Corp,0.0209,Consumer Discretionary,JP,issuer
VWCE,2026-05-31,035420,NAVER Corp,0.0208,Technology,KR,issuer
VWCE,2026-05-31,3968,China Merchants Bank Co Ltd,0.0208,Financials,HK,issuer
VWCE,2026-05-31,FIS,Fidelity National Information Services Inc,0.0208,Industrials,US,issuer
VWCE,2026-05-31,6902,Denso Corp,0.0208,Consumer Discretionary,JP,issuer
VWCE,2026-05-31,EXE,Expand Energy Corp,0.0208,Energy,US,issuer
VWCE,2026-05-31,NXT,Next PLC,0.0207,Consumer Discretionary,GB,issuer
VWCE,2026-05-31,SAABB,Saab AB,0.0206,Industrials,SE,issuer
VWCE,2026-05-31,DGX,Quest Diagnostics Inc,0.0206,Health Care,US,issuer
VWCE,2026-05-31,MTN,MTN Group Ltd,0.0205,Telecommunications,ZA,issuer
VWCE,2026-05-31,TPL,Texas Pacific Land Corp,0.0205,Energy,US,issuer
VWCE,2026-05-31,LUN,Lundin Mining Corp,0.0205,Basic Materials,CA,issuer
VWCE,2026-05-31,PUB,Publicis Groupe SA,0.0204,Consumer Discretionary,FR,issuer
VWCE,2026-05-31,QNBK,Qatar National Bank QPSC,0.0204,Financials,QA,issuer
VWCE,2026-05-31,PHIA,Koninklijke Philips NV,0.0204,Health Care,NL,issuer
VWCE,2026-05-31,LOGN,Logitech International SA,0.0204,Technology,CH,issuer
VWCE,2026-05-31,RPRX,Royalty Pharma PLC,0.0203,Health Care,US,issuer
VWCE,2026-05-31,7751,Canon Inc,0.0203,Technology,JP,issuer
VWCE,2026-05-31,8267,Aeon Co Ltd,0.0202,Consumer Staples,JP,issuer
VWCE,2026-05-31,FAB,First Abu Dhabi Bank PJSC,0.0202,Financials,AE,issuer
VWCE,2026-05-31,COL,Coles Group Ltd,0.0202,Consumer Staples,AU,issuer
VWCE,2026-05-31,FTV,Fortive Corp,0.0202,Industrials,US,issuer
VWCE,2026-05-31,UMG,Universal Music Group NV,0.0202,Consumer Discretionary,NL,issuer
VWCE,2026-05-31,AENA,Aena SME SA,0.0201,Industrials,ES,issuer
VWCE,2026-05-31,HEIA,Heineken NV,0.0201,Consumer Staples,NL,issuer
VWCE,2026-05-31,HEI/A,HEICO Corp,0.0201,Industrials,US,issuer
VWCE,2026-05-31,4543,Terumo Corp,0.0201,Health Care,JP,issuer
VWCE,2026-05-31,HEXAB,Hexagon AB,0.0201,Technology,SE,issuer
VWCE,2026-05-31,005490,POSCO Holdings Inc,0.02,Basic Materials,KR,issuer
VWCE,2026-05-31,VAL,Valterra Platinum Ltd,0.02,Basic Materials,ZA,issuer
VWCE,2026-05-31,FEMSAUBD,Fomento Economico Mexicano SAB de CV,0.02,Consumer Staples,MX,issuer
VWCE,2026-05-31,BIRG,Bank of Ireland Group PLC,0.0199,Financials,IE,issuer
VWCE,2026-05-31,FM,First Quantum Minerals Ltd,0.0199,Basic Materials,CA,issuer
VWCE,2026-05-31,5801,Furukawa Electric Co Ltd,0.0199,Industrials,JP,issuer
VWCE,2026-05-31,4452,Kao Corp,0.0198,Consumer Staples,JP,issuer
VWCE,2026-05-31,6273,SMC Corp,0.0198,Industrials,JP,issuer
VWCE,2026-05-31,BBD/B,Bombardier Inc,0.0198,Industrials,CA,issuer
VWCE,2026-05-31,LPLA,LPL Financial Holdings Inc,0.0198,Financials,US,issuer
VWCE,2026-05-31,BBDC4,Banco Bradesco SA,0.0198,Financials,BR,issuer
VWCE,2026-05-31,VACN,VAT Group AG,0.0198,Industrials,CH,issuer
VWCE,2026-05-31,LH,Labcorp Holdings Inc,0.0197,Health Care,US,issuer
VWCE,2026-05-31,GEBN,Geberit AG,0.0197,Industrials,CH,issuer
VWCE,2026-05-31,CPNG,Coupang Inc,0.0197,Consumer Discretionary,US,issuer
VWCE,2026-05-31,9020,East Japan Railway Co,0.0197,Industrials,JP,issuer
VWCE,2026-05-31,SBAC,SBA Communications Corp,0.0196,Real Estate,US,issuer
VWCE,2026-05-31,EL,Estee Lauder Cos Inc/The,0.0196,Consumer Discretionary,US,issuer
VWCE,2026-05-31,086790,Hana Financial Group Inc,0.0195,Financials,KR,issuer
VWCE,2026-05-31,AMXB,America Movil SAB de CV,0.0195,Telecommunications,MX,issuer
VWCE,2026-05-31,WRT1V,Wartsila OYJ Abp,0.0194,Industrials,FI,issuer
VWCE,2026-05-31,STE,STERIS PLC,0.0194,Health Care,US,issuer
VWCE,2026-05-31,1088,China Shenhua Energy Co Ltd,0.0194,Energy,HK,issuer
VWCE,2026-05-31,VOW3,Volkswagen AG,0.0193,Consumer Discretionary,DE,issuer
VWCE,2026-05-31,KEY,KeyCorp,0.0193,Financials,US,issuer
VWCE,2026-05-31,EXPD,Expeditors International of Washington Inc,0.0193,Industrials,US,issuer
VWCE,2026-05-31,BURL,Burlington Stores Inc,0.0192,Consumer Discretionary,US,issuer
VWCE,2026-05-31,9735,Secom Co Ltd,0.0192,Industrials,JP,issuer
VWCE,2026-05-31,SCMN,Swisscom AG,0.0192,Telecommunications,CH,issuer
VWCE,2026-05-31,OKTA,Okta Inc,0.0192,Technology,US,issuer
VWCE,2026-05-31,MAY,Malayan Banking Bhd,0.0192,Financials,MY,issuer
VWCE,2026-05-31,SW,Smurfit Westrock PLC,0.0192,Industrials,US,issuer
VWCE,2026-05-31,NN,NN Group NV,0.0192,Financials,NL,issuer
VWCE,2026-05-31,HBAN,Helvetia Baloise Holding AG,0.0191,Financials,CH,issuer
VWCE,2026-05-31,EMAAR,Emaar Properties PJSC,0.019,Real Estate,AE,issuer
VWCE,2026-05-31,CEMEXCPO,Cemex SAB de CV,0.019,Industrials,MX,issuer
VWCE,2026-05-31,ALL,Aristocrat Leisure Ltd,0.019,Consumer Discretionary,AU,issuer
VWCE,2026-05-31,NSISB,Novonesis (Novozymes) B,0.019,Health Care,DK,issuer
VWCE,2026-05-31,KER,Kering SA,0.019,Consumer Discretionary,FR,issuer
VWCE,2026-05-31,FWONK,Liberty Media Corp-Liberty Formula One,0.019,Consumer Discretionary,US,issuer
VWCE,2026-05-31,068270,Celltrion Inc,0.019,Health Care,KR,issuer
VWCE,2026-05-31,KHC,Kraft Heinz Co/The,0.0189,Consumer Staples,US,issuer
VWCE,2026-05-31,NTPC,NTPC Ltd,0.0188,Utilities,IN,issuer
VWCE,2026-05-31,4004,Resonac Holdings Corp,0.0186,Basic Materials,JP,issuer
VWCE,2026-05-31,TNB,Tenaga Nasional Bhd,0.0186,Utilities,MY,issuer
VWCE,2026-05-31,MTX,MTU Aero Engines AG,0.0185,Industrials,DE,issuer
VWCE,2026-05-31,7936,Asics Corp,0.0184,Consumer Discretionary,JP,issuer
VWCE,2026-05-31,HUVR,Hindustan Unilever Ltd,0.0184,Consumer Staples,IN,issuer
VWCE,2026-05-31,2887,TS Financial Holding Co Ltd,0.0184,Financials,TW,issuer
VWCE,2026-05-31,EQT,EQT AB,0.0183,Financials,SE,issuer
VWCE,2026-05-31,STO,Santos Ltd,0.0183,Energy,AU,issuer
VWCE,2026-05-31,RBA,RB Global Inc,0.0183,Consumer Discretionary,CA,issuer
VWCE,2026-05-31,066570,LG Electronics Inc,0.0182,Consumer Discretionary,KR,issuer
VWCE,2026-05-31,CAP,Capgemini SE,0.0182,Technology,FR,issuer
VWCE,2026-05-31,KPN,Koninklijke KPN NV,0.0182,Telecommunications,NL,issuer
VWCE,2026-05-31,EAND,Emirates Telecommunications Group Co PJSC,0.0181,Telecommunications,AE,issuer
VWCE,2026-05-31,SUNP,Sun Pharmaceutical Industries Ltd,0.0181,Health Care,IN,issuer
VWCE,2026-05-31,EFX,Equifax Inc,0.0181,Industrials,US,issuer
VWCE,2026-05-31,034730,SK Inc,0.0181,Energy,KR,issuer
VWCE,2026-05-31,MG,Magna International Inc,0.018,Consumer Discretionary,CA,issuer
VWCE,2026-05-31,669,Techtronic Industries Co Ltd,0.018,Industrials,HK,issuer
VWCE,2026-05-31,,Air Liquide SA,0.0179,Basic Materials,FR,issuer
VWCE,2026-05-31,MSIL,Maruti Suzuki India Ltd,0.0179,Consumer Discretionary,IN,issuer
VWCE,2026-05-31,STZ,Constellation Brands Inc,0.0179,Consumer Staples,US,issuer
VWCE,2026-05-31,MRK,Merck KGaA,0.0178,Health Care,DE,issuer
VWCE,2026-05-31,INVH,Invitation Homes Inc,0.0178,Real Estate,US,issuer
VWCE,2026-05-31,WSP,WSP Global Inc,0.0177,Industrials,CA,issuer
VWCE,2026-05-31,IFF,International Flavors & Fragrances Inc,0.0177,Basic Materials,US,issuer
VWCE,2026-05-31,CLNX,Cellnex Telecom SA,0.0177,Telecommunications,ES,issuer
VWCE,2026-05-31,VLTO,Veralto Corp,0.0176,Industrials,US,issuer
VWCE,2026-05-31,2886,Mega Financial Holding Co Ltd,0.0176,Financials,TW,issuer
VWCE,2026-05-31,PBK,Public Bank Bhd,0.0176,Financials,MY,issuer
VWCE,2026-05-31,MKL,Markel Group Inc,0.0175,Financials,US,issuer
VWCE,2026-05-31,ANTO,Antofagasta PLC,0.0174,Basic Materials,GB,issuer
VWCE,2026-05-31,KNEBV,Kone Oyj,0.0174,Industrials,FI,issuer
VWCE,2026-05-31,BOL,Boliden AB,0.0174,Basic Materials,SE,issuer
VWCE,2026-05-31,AMCR,Amcor PLC,0.0174,Industrials,US,issuer
VWCE,2026-05-31,LEN,Lennar Corp,0.0173,Consumer Discretionary,US,issuer
VWCE,2026-05-31,ALFA,Alfa Laval AB,0.0173,Industrials,SE,issuer
VWCE,2026-05-31,DD,DuPont de Nemours Inc,0.0172,Industrials,US,issuer
VWCE,2026-05-31,BPE,BPER Banca SPA,0.0172,Financials,IT,issuer
VWCE,2026-05-31,6920,Lasertec Corp,0.0172,Technology,JP,issuer
VWCE,2026-05-31,3231,Wistron Corp,0.0172,Technology,TW,issuer
VWCE,2026-05-31,CCEP,Coca-Cola Europacific Partners PLC,0.0171,Consumer Staples,GB,issuer
VWCE,2026-05-31,LNT,Alliant Energy Corp,0.0171,Utilities,US,issuer
VWCE,2026-05-31,9022,Central Japan Railway Co,0.0171,Industrials,JP,issuer
VWCE,2026-05-31,GIS,General Mills Inc,0.0171,Consumer Staples,US,issuer
VWCE,2026-05-31,2884,E.Sun Financial Holding Co Ltd,0.017,Financials,TW,issuer
VWCE,2026-05-31,TATA,Tata Steel Ltd,0.017,Basic Materials,IN,issuer
VWCE,2026-05-31,SGSN,SGS SA,0.017,Industrials,CH,issuer
VWCE,2026-05-31,AGI,Alamos Gold Inc,0.017,Basic Materials,CA,issuer
VWCE,2026-05-31,2503,Kirin Holdings Co Ltd,0.0169,Consumer Staples,JP,issuer
VWCE,2026-05-31,6361,Ebara Corp,0.0169,Industrials,JP,issuer
VWCE,2026-05-31,BAM,Brookfield Asset Management Ltd,0.0169,Financials,CA,issuer
VWCE,2026-05-31,HNDL,Hindalco Industries Ltd,0.0169,Basic Materials,IN,issuer
VWCE,2026-05-31,FCNCA,First Citizens BancShares Inc/NC,0.0169,Financials,US,issuer
VWCE,2026-05-31,TEAM,Atlassian Corp,0.0168,Technology,US,issuer
VWCE,2026-05-31,SNA,Snap-on Inc,0.0168,Industrials,US,issuer
VWCE,2026-05-31,1812,Kajima Corp,0.0168,Industrials,JP,issuer
VWCE,2026-05-31,3407,Asahi Kasei Corp,0.0168,Basic Materials,JP,issuer
VWCE,2026-05-31,NST,Northern Star Resources Ltd,0.0167,Basic Materials,AU,issuer
VWCE,2026-05-31,6326,Kubota Corp,0.0167,Industrials,JP,issuer
VWCE,2026-05-31,1605,Inpex Corp,0.0166,Energy,JP,issuer
VWCE,2026-05-31,WCP,Whitecap Resources Inc,0.0165,Energy,CA,issuer
VWCE,2026-05-31,ZBH,Zimmer Biomet Holdings Inc,0.0165,Health Care,US,issuer
VWCE,2026-05-31,6594,NIDEC CORP,0.0165,Industrials,JP,issuer
VWCE,2026-05-31,2412,Chunghwa Telecom Co Ltd,0.0165,Telecommunications,TW,issuer
VWCE,2026-05-31,6383,Daifuku Co Ltd,0.0164,Industrials,JP,issuer
VWCE,2026-05-31,5401,Nippon Steel Corp,0.0164,Basic Materials,JP,issuer
VWCE,2026-05-31,TOU,Tourmaline Oil Corp,0.0164,Energy,CA,issuer
VWCE,2026-05-31,BR,Broadridge Financial Solutions Inc,0.0164,Financials,US,issuer
VWCE,2026-05-31,2357,Asustek Computer Inc,0.0163,Technology,TW,issuer
VWCE,2026-05-31,ESSITYB,Essity AB,0.0163,Consumer Staples,SE,issuer
VWCE,2026-05-31,9502,Chubu Electric Power Co Inc,0.0163,Utilities,JP,issuer
VWCE,2026-05-31,WY,Weyerhaeuser Co,0.0163,Real Estate,US,issuer
VWCE,2026-05-31,600519,Kweichow Moutai Co Ltd,0.0162,Consumer Staples,CN,issuer
VWCE,2026-05-31,2269,Wuxi Biologics Cayman Inc,0.0162,Health Care,HK,issuer
VWCE,2026-05-31,VNA,Vonovia SE,0.0162,Real Estate,DE,issuer
VWCE,2026-05-31,LYB,LyondellBasell Industries NV,0.0162,Basic Materials,US,issuer
VWCE,2026-05-31,2,CLP Holdings Ltd,0.0162,Utilities,HK,issuer
VWCE,2026-05-31,HNR1,Hannover Rueck SE,0.0161,Financials,DE,issuer
VWCE,2026-05-31,1925,Daiwa House Industry Co Ltd,0.0161,Consumer Discretionary,JP,issuer
VWCE,2026-05-31,2344,Winbond Electronics Corp,0.0161,Technology,TW,issuer
VWCE,2026-05-31,GMAB,Genmab A/S,0.016,Health Care,DK,issuer
VWCE,2026-05-31,IP,International Paper Co,0.016,Basic Materials,US,issuer
VWCE,2026-05-31,DECK,Deckers Outdoor Corp,0.016,Consumer Discretionary,US,issuer
VWCE,2026-05-31,FRE,Fresenius SE & Co KGaA,0.0159,Health Care,DE,issuer
VWCE,2026-05-31,1303,Nan Ya Plastics Corp,0.0159,Basic Materials,TW,issuer
VWCE,2026-05-31,INCY,Incyte Corp,0.0159,Health Care,US,issuer
VWCE,2026-05-31,PWGR,Power Grid Corp of India Ltd,0.0159,Utilities,IN,issuer
VWCE,2026-05-31,6160,BeOne Medicines Ltd,0.0158,Health Care,HK,issuer
VWCE,2026-05-31,EVRG,Evergy Inc,0.0158,Utilities,US,issuer
VWCE,2026-05-31,CDW,CDW Corp/DE,0.0158,Technology,US,issuer
VWCE,2026-05-31,EVN,Evolution Mining Ltd,0.0158,Basic Materials,AU,issuer
VWCE,2026-05-31,ESS,Essex Property Trust Inc,0.0158,Real Estate,US,issuer
VWCE,2026-05-31,TSCO,Tractor Supply Co,0.0157,Consumer Discretionary,US,issuer
VWCE,2026-05-31,BRO,Brown & Brown Inc,0.0157,Financials,US,issuer
VWCE,2026-05-31,IMO,Imperial Oil Ltd,0.0156,Energy,CA,issuer
VWCE,2026-05-31,BBCA,Bank Central Asia Tbk PT,0.0156,Financials,ID,issuer
VWCE,2026-05-31,S32,South32 Ltd,0.0156,Basic Materials,AU,issuer
VWCE,2026-05-31,TTAN,Titan Co Ltd,0.0156,Consumer Discretionary,IN,issuer
VWCE,2026-05-31,TRN,Terna - Rete Elettrica Nazionale,0.0156,Utilities,IT,issuer
VWCE,2026-05-31,ENLT,Enlight Renewable Energy Ltd,0.0155,Utilities,IL,issuer
VWCE,2026-05-31,1024,Kuaishou Technology,0.0155,Technology,HK,issuer
VWCE,2026-05-31,B3SA3,B3 SA - Brasil Bolsa Balcao,0.0155,Financials,BR,issuer
VWCE,2026-05-31,TSN,Tyson Foods Inc,0.0155,Consumer Staples,US,issuer
VWCE,2026-05-31,TIT,Telecom Italia SpA/Milano,0.0154,Telecommunications,IT,issuer
VWCE,2026-05-31,SCCO,Southern Copper Corp,0.0154,Basic Materials,US,issuer
VWCE,2026-05-31,TIH,Toromont Industries Ltd,0.0154,Industrials,CA,issuer
VWCE,2026-05-31,823,Link REIT,0.0153,Real Estate,HK,issuer
VWCE,2026-05-31,NVR,NVR Inc,0.0153,Consumer Discretionary,US,issuer
VWCE,2026-05-31,BT/A,BT Group PLC,0.0153,Telecommunications,GB,issuer
VWCE,2026-05-31,BAER,Julius Baer Group Ltd,0.0153,Financials,CH,issuer
VWCE,2026-05-31,BHE,Bharat Electronics Ltd,0.0153,Industrials,IN,issuer
VWCE,2026-05-31,2328,PICC Property & Casualty Co Ltd,0.0153,Financials,HK,issuer
VWCE,2026-05-31,BALL,Ball Corp,0.0153,Industrials,US,issuer
VWCE,2026-05-31,SCHP,Schindler Holding AG,0.0153,Industrials,CH,issuer
VWCE,2026-05-31,STLAM,Stellantis NV,0.0153,Consumer Discretionary,IT,issuer
VWCE,2026-05-31,9987,Yum China Holdings Inc,0.0152,Consumer Discretionary,HK,issuer
VWCE,2026-05-31,PTC,PTC Inc,0.0152,Technology,US,issuer
VWCE,2026-05-31,1801,Innovent Biologics Inc,0.0152,Health Care,HK,issuer
VWCE,2026-05-31,ACA,Credit Agricole SA,0.0152,Financials,FR,issuer
VWCE,2026-05-31,DSFIR,DSM-Firmenich AG,0.0152,Consumer Staples,NL,issuer
VWCE,2026-05-31,SBIN,State Bank of India,0.0152,Financials,IN,issuer
VWCE,2026-05-31,LVS,Las Vegas Sands Corp,0.0152,Consumer Discretionary,US,issuer
VWCE,2026-05-31,WALMEX*,Wal-Mart de Mexico SAB de CV,0.0151,Consumer Discretionary,MX,issuer
VWCE,2026-05-31,WPC,WP Carey Inc,0.0151,Real Estate,US,issuer
VWCE,2026-05-31,4661,Oriental Land Co Ltd/Japan,0.0151,Consumer Discretionary,JP,issuer
VWCE,2026-05-31,SAB,Banco de Sabadell SA,0.0151,Financials,ES,issuer
VWCE,2026-05-31,WKL,Wolters Kluwer NV,0.0151,Industrials,NL,issuer
VWCE,2026-05-31,SUI,Sun Communities Inc,0.0151,Real Estate,US,issuer
VWCE,2026-05-31,LDOS,Leidos Holdings Inc,0.0151,Technology,US,issuer
VWCE,2026-05-31,267260,HD Hyundai Electric Co Ltd,0.0151,Industrials,KR,issuer
VWCE,2026-05-31,8830,Sumitomo Realty & Development Co Ltd,0.015,Real Estate,JP,issuer
VWCE,2026-05-31,UTCEM,UltraTech Cement Ltd,0.015,Industrials,IN,issuer
VWCE,2026-05-31,PHOE,Phoenix Financial Ltd,0.0148,Financials,IL,issuer
VWCE,2026-05-31,NVMI,Nova Ltd,0.0148,Technology,IL,issuer
VWCE,2026-05-31,TEF,Telefonica SA,0.0148,Telecommunications,ES,issuer
VWCE,2026-05-31,9101,Nippon Yusen KK,0.0148,Industrials,JP,issuer
VWCE,2026-05-31,2502,Asahi Group Holdings Ltd,0.0147,Consumer Staples,JP,issuer
VWCE,2026-05-31,4307,Nomura Research Institute Ltd,0.0147,Technology,JP,issuer
VWCE,2026-05-31,DAL,Delta Air Lines Inc,0.0147,Consumer Discretionary,US,issuer
VWCE,2026-05-31,LGEN,Legal & General Group PLC,0.0146,Financials,GB,issuer
VWCE,2026-05-31,KIM,Kimco Realty Corp,0.0146,Real Estate,US,issuer
VWCE,2026-05-31,6223,MPI Corp,0.0146,Technology,TW,issuer
VWCE,2026-05-31,INF,Informa PLC,0.0145,Consumer Discretionary,GB,issuer
VWCE,2026-05-31,EPIB,Epiroc AB,0.0145,Industrials,SE,issuer
VWCE,2026-05-31,BXB,Brambles Ltd,0.0145,Industrials,AU,issuer
VWCE,2026-05-31,TRMB,Trimble Inc,0.0145,Industrials,US,issuer
VWCE,2026-05-31,8697,Japan Exchange Group Inc,0.0145,Financials,JP,issuer
VWCE,2026-05-31,FLUT,Flutter Entertainment PLC,0.0144,Consumer Discretionary,US,issuer
VWCE,2026-05-31,SBSP3,Cia de Saneamento Basico do Estado de Sao Paulo SABESP,0.0144,Utilities,BR,issuer
VWCE,2026-05-31,GPN,Global Payments Inc,0.0144,Industrials,US,issuer
VWCE,2026-05-31,EDP,EDP SA,0.0144,Utilities,PT,issuer
VWCE,2026-05-31,,Engie SA,0.0143,Utilities,FR,issuer
VWCE,2026-05-31,175,Geely Automobile Holdings Ltd,0.0143,Consumer Discretionary,HK,issuer
VWCE,2026-05-31,NTGY,Naturgy Energy Group SA,0.0143,Utilities,ES,issuer
VWCE,2026-05-31,GWO,Great-West Lifeco Inc,0.0143,Financials,CA,issuer
VWCE,2026-05-31,,L'Oreal SA,0.0143,Consumer Discretionary,FR,issuer
VWCE,2026-05-31,APTV,Aptiv Holdings Ltd,0.0143,Consumer Discretionary,US,issuer
VWCE,2026-05-31,SSNC,SS&C Technologies Holdings Inc,0.0142,Technology,US,issuer
VWCE,2026-05-31,QIBK,Qatar Islamic Bank QPSC,0.0142,Financials,QA,issuer
VWCE,2026-05-31,STE,Singapore Technologies Engineering Ltd,0.0142,Industrials,SG,issuer
VWCE,2026-05-31,J,Jacobs Solutions Inc,0.0142,Industrials,US,issuer
VWCE,2026-05-31,7012,Kawasaki Heavy Industries Ltd,0.0141,Industrials,JP,issuer
VWCE,2026-05-31,EPIA,Epiroc AB,0.0141,Industrials,SE,issuer
VWCE,2026-05-31,1802,Obayashi Corp,0.0141,Industrials,JP,issuer
VWCE,2026-05-31,BBY,Best Buy Co Inc,0.0141,Consumer Discretionary,US,issuer
VWCE,2026-05-31,MAA,Mid-America Apartment Communities Inc,0.0141,Real Estate,US,issuer
VWCE,2026-05-31,SHBA,Svenska Handelsbanken AB,0.0141,Financials,SE,issuer
VWCE,2026-05-31,8795,T&D Holdings Inc,0.014,Financials,JP,issuer
VWCE,2026-05-31,2890,SinoPac Financial Holdings Co Ltd,0.014,Financials,TW,issuer
VWCE,2026-05-31,386,China Petroleum & Chemical Corp,0.014,Energy,HK,issuer
VWCE,2026-05-31,3481,Innolux Corp,0.014,Technology,TW,issuer
VWCE,2026-05-31,DSY,Dassault Systemes SE,0.014,Technology,FR,issuer
VWCE,2026-05-31,329180,HD Hyundai Heavy Industries Co Ltd,0.014,Industrials,KR,issuer
VWCE,2026-05-31,CIMB,CIMB Group Holdings Bhd,0.0139,Financials,MY,issuer
VWCE,2026-05-31,DPLM,Diploma PLC,0.0139,Industrials,GB,issuer
VWCE,2026-05-31,NHY,Norsk Hydro ASA,0.0139,Basic Materials,NO,issuer
VWCE,2026-05-31,RTO,Rentokil Initial PLC,0.0139,Industrials,GB,issuer
VWCE,2026-05-31,ADANI,Adani Power Ltd,0.0139,Utilities,IN,issuer
VWCE,2026-05-31,1113,CK Asset Holdings Ltd,0.0139,Real Estate,HK,issuer
VWCE,2026-05-31,EMIRATES,Emirates NBD Bank PJSC,0.0139,Financials,AE,issuer
VWCE,2026-05-31,SABIC,Saudi Basic Industries Corp,0.0139,Basic Materials,SA,issuer
VWCE,2026-05-31,IEX,IDEX Corp,0.0139,Industrials,US,issuer
VWCE,2026-05-31,RI,Pernod Ricard SA,0.0138,Consumer Staples,FR,issuer
VWCE,2026-05-31,5706,Mitsui Kinzoku Co Ltd,0.0138,Basic Materials,JP,issuer
VWCE,2026-05-31,033780,KT&G Corp,0.0138,Consumer Staples,KR,issuer
VWCE,2026-05-31,7013,IHI Corp,0.0138,Industrials,JP,issuer
VWCE,2026-05-31,9531,Tokyo Gas Co Ltd,0.0138,Utilities,JP,issuer
VWCE,2026-05-31,TELIA,Telia Co AB,0.0138,Telecommunications,SE,issuer
VWCE,2026-05-31,KOG,Kongsberg Gruppen ASA,0.0138,Industrials,NO,issuer
VWCE,2026-05-31,5274,ASPEED Technology Inc,0.0137,Technology,TW,issuer
VWCE,2026-05-31,STMN,Straumann Holding AG,0.0137,Health Care,CH,issuer
VWCE,2026-05-31,SHFL,Shriram Finance Ltd,0.0137,Financials,IN,issuer
VWCE,2026-05-31,5016,JX Advanced Metals Corp,0.0137,Basic Materials,JP,issuer
VWCE,2026-05-31,6479,MINEBEA MITSUMI Inc,0.0136,Technology,JP,issuer
VWCE,2026-05-31,FPH,Fisher & Paykel Healthcare Corp Ltd,0.0136,Health Care,NZ,issuer
VWCE,2026-05-31,EMA,Emera Inc,0.0136,Utilities,CA,issuer
VWCE,2026-05-31,6669,Wiwynn Corp,0.0136,Technology,TW,issuer
VWCE,2026-05-31,RO,Roche Holding AG,0.0136,Health Care,CH,issuer
VWCE,2026-05-31,PLS,PLS Group Ltd,0.0135,Basic Materials,AU,issuer
VWCE,2026-05-31,9992,Pop Mart International Group Ltd,0.0134,Consumer Discretionary,HK,issuer
VWCE,2026-05-31,2883,KGI Financial Holding Co Ltd,0.0134,Financials,TW,issuer
VWCE,2026-05-31,EDV,Endeavour Mining PLC,0.0134,Basic Materials,GB,issuer
VWCE,2026-05-31,9503,Kansai Electric Power Co Inc/The,0.0133,Utilities,JP,issuer
VWCE,2026-05-31,MONC,Moncler SpA,0.0133,Consumer Discretionary,IT,issuer
VWCE,2026-05-31,KSP,Kingspan Group PLC,0.0133,Industrials,IE,issuer
VWCE,2026-05-31,CPU,Computershare Ltd,0.0133,Financials,AU,issuer
VWCE,2026-05-31,ICT,International Container Terminal Services Inc,0.0133,Industrials,PH,issuer
VWCE,2026-05-31,SOLS,Solstice Advanced Materials Inc,0.0132,Basic Materials,US,issuer
VWCE,2026-05-31,ZS,Zscaler Inc,0.0132,Technology,US,issuer
VWCE,2026-05-31,8601,Daiwa Securities Group Inc,0.0132,Financials,JP,issuer
VWCE,2026-05-31,CNA,Centrica PLC,0.0132,Utilities,GB,issuer
VWCE,2026-05-31,PTT/F,PTT PCL,0.0132,Energy,TH,issuer
VWCE,2026-05-31,298040,Hyosung Heavy Industries Corp,0.0131,Technology,KR,issuer
VWCE,2026-05-31,8299,Phison Electronics Corp,0.013,Technology,TW,issuer
VWCE,2026-05-31,1109,China Resources Land Ltd,0.013,Real Estate,HK,issuer
VWCE,2026-05-31,HEI,HEICO Corp,0.013,Industrials,US,issuer
VWCE,2026-05-31,KGH,KGHM Polska Miedz SA,0.013,Basic Materials,PL,issuer
VWCE,2026-05-31,EUROB,Eurobank SA,0.013,Financials,GR,issuer
VWCE,2026-05-31,7832,Bandai Namco Holdings Inc,0.013,Consumer Discretionary,JP,issuer
VWCE,2026-05-31,AXIA3,Axia Energia SA,0.013,Utilities,BR,issuer
VWCE,2026-05-31,EG,Everest Group Ltd,0.013,Financials,US,issuer
VWCE,2026-05-31,NESTE,Neste Oyj,0.0129,Energy,FI,issuer
VWCE,2026-05-31,TXT,Textron Inc,0.0129,Industrials,US,issuer
VWCE,2026-05-31,1928,Sekisui House Ltd,0.0129,Consumer Discretionary,JP,issuer
VWCE,2026-05-31,TYL,Tyler Technologies Inc,0.0129,Technology,US,issuer
VWCE,2026-05-31,LULU,Lululemon Athletica Inc,0.0129,Consumer Discretionary,US,issuer
VWCE,2026-05-31,TRU,TransUnion,0.0128,Industrials,US,issuer
VWCE,2026-05-31,JHX,James Hardie Industries PLC,0.0128,Industrials,AU,issuer
VWCE,2026-05-31,1216,Uni-President Enterprises Corp,0.0128,Consumer Staples,TW,issuer
VWCE,2026-05-31,AKRBP,Aker BP ASA,0.0128,Energy,NO,issuer
VWCE,2026-05-31,UPM,UPM-Kymmene Oyj,0.0128,Basic Materials,FI,issuer
VWCE,2026-05-31,6988,Nitto Denko Corp,0.0127,Basic Materials,JP,issuer
VWCE,2026-05-31,KEP,Keppel Ltd,0.0127,Utilities,SG,issuer
VWCE,2026-05-31,SGX,Singapore Exchange Ltd,0.0127,Financials,SG,issuer
VWCE,2026-05-31,IAG,Insurance Australia Group Ltd,0.0127,Financials,AU,issuer
VWCE,2026-05-31,ARX,ARC Resources Ltd,0.0127,Energy,CA,issuer
VWCE,2026-05-31,L,Loews Corp,0.0127,Financials,US,issuer
VWCE,2026-05-31,316140,Woori Financial Group Inc,0.0126,Financials,KR,issuer
VWCE,2026-05-31,ORG,Origin Energy Ltd,0.0126,Utilities,AU,issuer
VWCE,2026-05-31,3750,Contemporary Amperex Technology Co Ltd,0.0126,Industrials,HK,issuer
VWCE,2026-05-31,ROL,Rollins Inc,0.0126,Consumer Discretionary,US,issuer
VWCE,2026-05-31,TFII,TFI International Inc,0.0125,Industrials,CA,issuer
VWCE,2026-05-31,WRB,W R Berkley Corp,0.0125,Financials,US,issuer
VWCE,2026-05-31,AGS,Ageas SA/NV,0.0125,Financials,BE,issuer
VWCE,2026-05-31,7532,Pan Pacific International Holdings Corp,0.0125,Consumer Discretionary,JP,issuer
VWCE,2026-05-31,7733,Olympus Corp,0.0125,Health Care,JP,issuer
VWCE,2026-05-31,4188,Mitsubishi Chemical Group Corp,0.0124,Basic Materials,JP,issuer
VWCE,2026-05-31,URW,Unibail-Rodamco-Westfield,0.0124,Real Estate,FR,issuer
VWCE,2026-05-31,ETE,National Bank of Greece SA,0.0124,Financials,GR,issuer
VWCE,2026-05-31,ETERNAL,Zomato Ltd,0.0124,Technology,IN,issuer
VWCE,2026-05-31,TPEIR,Piraeus Bank SA,0.0124,Financials,GR,issuer
VWCE,2026-05-31,IMP,Impala Platinum Holdings Ltd,0.0123,Basic Materials,ZA,issuer
VWCE,2026-05-31,KYGA,Kerry Group PLC,0.0123,Consumer Staples,IE,issuer
VWCE,2026-05-31,HCLT,HCL Technologies Ltd,0.0123,Technology,IN,issuer
VWCE,2026-05-31,2020,ANTA Sports Products Ltd,0.0122,Consumer Discretionary,HK,issuer
VWCE,2026-05-31,LYC,Lynas Rare Earths Ltd,0.0122,Basic Materials,AU,issuer
VWCE,2026-05-31,METSO,Metso Oyj,0.0122,Industrials,FI,issuer
VWCE,2026-05-31,TLS,Telstra Group Ltd,0.0122,Telecommunications,AU,issuer
VWCE,2026-05-31,GEN,Gen Digital Inc,0.0122,Technology,US,issuer
VWCE,2026-05-31,4507,Shionogi & Co Ltd,0.0122,Health Care,JP,issuer
VWCE,2026-05-31,ALLE,Allegion plc,0.0122,Industrials,US,issuer
VWCE,2026-05-31,ORSTED,Orsted AS,0.0121,Utilities,DK,issuer
VWCE,2026-05-31,GPC,Genuine Parts Co,0.0121,Consumer Discretionary,US,issuer
VWCE,2026-05-31,9532,Osaka Gas Co Ltd,0.0121,Utilities,JP,issuer
VWCE,2026-05-31,UU/,United Utilities Group PLC,0.0121,Utilities,GB,issuer
VWCE,2026-05-31,CSGP,CoStar Group Inc,0.0121,Real Estate,US,issuer
VWCE,2026-05-31,MRU,Metro Inc/CN,0.0121,Consumer Staples,CA,issuer
VWCE,2026-05-31,SN/,Smith & Nephew PLC,0.012,Health Care,GB,issuer
VWCE,2026-05-31,PNR,Pentair PLC,0.012,Industrials,US,issuer
VWCE,2026-05-31,ITSA4,Itausa SA,0.012,Financials,BR,issuer
VWCE,2026-05-31,APNT,Asian Paints Ltd,0.012,Industrials,IN,issuer
VWCE,2026-05-31,RIVN,Rivian Automotive Inc,0.012,Consumer Discretionary,US,issuer
VWCE,2026-05-31,3402,Toray Industries Inc,0.012,Basic Materials,JP,issuer
VWCE,2026-05-31,SHL,Siemens Healthineers AG,0.012,Health Care,DE,issuer
VWCE,2026-05-31,COO,Cooper Cos Inc/The,0.012,Health Care,US,issuer
VWCE,2026-05-31,7453,Ryohin Keikaku Co Ltd,0.0119,Consumer Discretionary,JP,issuer
VWCE,2026-05-31,009540,HD Korea Shipbuilding & Offshore Engineering Co Ltd,0.0119,Industrials,KR,issuer
VWCE,2026-05-31,ALA,AltaGas Ltd,0.0119,Utilities,CA,issuer
VWCE,2026-05-31,373220,LG Energy Solution Ltd,0.0118,Industrials,KR,issuer
VWCE,2026-05-31,5713,Sumitomo Metal Mining Co Ltd,0.0118,Basic Materials,JP,issuer
VWCE,2026-05-31,DSCT,Israel Discount Bank Ltd,0.0117,Financials,IL,issuer
VWCE,2026-05-31,FNF,Fidelity National Financial Inc,0.0117,Financials,US,issuer
VWCE,2026-05-31,2892,First Financial Holding Co Ltd,0.0117,Financials,TW,issuer
VWCE,2026-05-31,SCG,Scentre Group,0.0117,Real Estate,AU,issuer
VWCE,2026-05-31,ADSEZ,Adani Ports & Special Economic Zone Ltd,0.0117,Industrials,IN,issuer
VWCE,2026-05-31,CHTR,Charter Communications Inc,0.0117,Telecommunications,US,issuer
VWCE,2026-05-31,ENX,Euronext NV,0.0117,Financials,FR,issuer
VWCE,2026-05-31,ABEV3,Ambev SA,0.0116,Consumer Staples,BR,issuer
VWCE,2026-05-31,MNG,M&G PLC,0.0116,Financials,GB,issuer
VWCE,2026-05-31,LISN,Chocoladefabriken Lindt & Spruengli AG,0.0115,Consumer Staples,CH,issuer
VWCE,2026-05-31,PMAH,Press Metal Aluminium Holdings Bhd,0.0115,Basic Materials,MY,issuer
VWCE,2026-05-31,2301,Lite-On Technology Corp,0.0115,Technology,TW,issuer
VWCE,2026-05-31,KKC,Cummins India Ltd,0.0115,Industrials,IN,issuer
VWCE,2026-05-31,9104,Mitsui OSK Lines Ltd,0.0115,Industrials,JP,issuer
VWCE,2026-05-31,FBK,FinecoBank Banca Fineco SpA,0.0114,Financials,IT,issuer
VWCE,2026-05-31,SRG,Snam SpA,0.0114,Energy,IT,issuer
VWCE,2026-05-31,010140,Samsung Heavy Industries Co Ltd,0.0114,Industrials,KR,issuer
VWCE,2026-05-31,7186,Yokohama Financial Group Inc,0.0114,Financials,JP,issuer
VWCE,2026-05-31,BPAC11,Banco BTG Pactual SA,0.0114,Financials,BR,issuer
VWCE,2026-05-31,ALQ,ALS Ltd,0.0114,Industrials,AU,issuer
VWCE,2026-05-31,IT,Gartner Inc,0.0114,Technology,US,issuer
VWCE,2026-05-31,IMI,IMI PLC,0.0114,Industrials,GB,issuer
VWCE,2026-05-31,QUB,Qube Holdings Ltd,0.0113,Industrials,AU,issuer
VWCE,2026-05-31,CA,Carrefour SA,0.0112,Consumer Staples,FR,issuer
VWCE,2026-05-31,267,CITIC Ltd,0.0112,Industrials,HK,issuer
VWCE,2026-05-31,ADVANC/F,Advanced Info Service PCL,0.0112,Telecommunications,TH,issuer
VWCE,2026-05-31,PINS,Pinterest Inc,0.0112,Technology,US,issuer
VWCE,2026-05-31,FOXA,Fox Corp,0.0112,Consumer Discretionary,US,issuer
VWCE,2026-05-31,SQM/B,Sociedad Quimica y Minera de Chile SA,0.0112,Basic Materials,CL,issuer
VWCE,2026-05-31,JM,Jardine Matheson Holdings Ltd,0.0111,Industrials,SG,issuer
VWCE,2026-05-31,MKC,McCormick & Co Inc/MD,0.0111,Consumer Staples,US,issuer
VWCE,2026-05-31,3,Hong Kong & China Gas Co Ltd,0.0111,Utilities,HK,issuer
VWCE,2026-05-31,6525,Kokusai Electric Corp,0.0111,Technology,JP,issuer
VWCE,2026-05-31,9868,XPeng Inc,0.011,Consumer Discretionary,HK,issuer
VWCE,2026-05-31,288,WH Group Ltd,0.011,Consumer Staples,HK,issuer
VWCE,2026-05-31,SGRO,Segro PLC,0.011,Real Estate,GB,issuer
VWCE,2026-05-31,6724,Seiko Epson Corp,0.011,Technology,JP,issuer
VWCE,2026-05-31,6506,Yaskawa Electric Corp,0.0109,Industrials,JP,issuer
VWCE,2026-05-31,6770,Powerchip Semiconductor Manufacturing Corp,0.0109,Technology,TW,issuer
VWCE,2026-05-31,IMG,IAMGOLD Corp,0.0109,Basic Materials,CA,issuer
VWCE,2026-05-31,2368,Gold Circuit Electronics Ltd,0.0109,Technology,TW,issuer
VWCE,2026-05-31,6504,Fuji Electric Co Ltd,0.0109,Industrials,JP,issuer
VWCE,2026-05-31,GRASIM,Grasim Industries Ltd,0.0109,Industrials,IN,issuer
VWCE,2026-05-31,AGN,Aegon Ltd,0.0109,Financials,NL,issuer
VWCE,2026-05-31,2601,China Pacific Insurance Group Co Ltd,0.0108,Financials,HK,issuer
VWCE,2026-05-31,000810,Samsung Fire & Marine Insurance Co Ltd,0.0108,Financials,KR,issuer
VWCE,2026-05-31,TRI,Thomson Reuters Corp,0.0108,Technology,CA,issuer
VWCE,2026-05-31,ADCB,Abu Dhabi Commercial Bank PJSC,0.0108,Financials,AE,issuer
VWCE,2026-05-31,1347,Hua Hong Semiconductor Ltd,0.0108,Technology,HK,issuer
VWCE,2026-05-31,H,Hydro One Ltd,0.0108,Utilities,CA,issuer
VWCE,2026-05-31,HUBS,HubSpot Inc,0.0108,Technology,US,issuer
VWCE,2026-05-31,GDDY,GoDaddy Inc,0.0107,Technology,US,issuer
VWCE,2026-05-31,EQH,Equitable Holdings Inc,0.0107,Financials,US,issuer
VWCE,2026-05-31,CG,Carlyle Group Inc/The,0.0107,Financials,US,issuer
VWCE,2026-05-31,9633,Nongfu Spring Co Ltd,0.0107,Consumer Staples,HK,issuer
VWCE,2026-05-31,600036,China Merchants Bank Co Ltd,0.0107,Financials,CN,issuer
VWCE,2026-05-31,010120,LS Electric Co Ltd,0.0107,Technology,KR,issuer
VWCE,2026-05-31,8331,Chiba Bank Ltd/The,0.0107,Financials,JP,issuer
VWCE,2026-05-31,ACWA,ACWA Power Co,0.0107,Utilities,SA,issuer
VWCE,2026-05-31,601899,Zijin Mining Group Co Ltd,0.0107,Basic Materials,CN,issuer
VWCE,2026-05-31,AC,Accor SA,0.0106,Consumer Discretionary,FR,issuer
VWCE,2026-05-31,GIB/A,CGI Inc,0.0106,Technology,CA,issuer
VWCE,2026-05-31,BG,BAWAG Group AG,0.0106,Financials,AT,issuer
VWCE,2026-05-31,SGE,Sage Group PLC/The,0.0106,Technology,GB,issuer
VWCE,2026-05-31,KBX,Knorr-Bremse AG,0.0106,Industrials,DE,issuer
VWCE,2026-05-31,SY1,Symrise AG,0.0105,Basic Materials,DE,issuer
VWCE,2026-05-31,ADE,Adani Enterprises Ltd,0.0105,Industrials,IN,issuer
VWCE,2026-05-31,2423,KE Holdings Inc,0.0105,Real Estate,HK,issuer
VWCE,2026-05-31,CHKP,Check Point Software Technologies Ltd,0.0104,Technology,US,issuer
VWCE,2026-05-31,2057,ZTO Express Cayman Inc,0.0104,Industrials,HK,issuer
VWCE,2026-05-31,SPSN,Swiss Prime Site AG,0.0104,Real Estate,CH,issuer
VWCE,2026-05-31,AVY,Avery Dennison Corp,0.0104,Basic Materials,US,issuer
VWCE,2026-05-31,EQX,Equinox Gold Corp,0.0103,Basic Materials,CA,issuer
VWCE,2026-05-31,BMRI,Bank Mandiri Persero Tbk PT,0.0103,Financials,ID,issuer
VWCE,2026-05-31,1801,Taisei Corp,0.0103,Industrials,JP,issuer
VWCE,2026-05-31,SUN,Suncorp Group Ltd,0.0103,Financials,AU,issuer
VWCE,2026-05-31,AKZA,Akzo Nobel NV,0.0103,Basic Materials,NL,issuer
VWCE,2026-05-31,5831,Shizuoka Financial Group Inc,0.0103,Financials,JP,issuer
VWCE,2026-05-31,9766,Konami Group Corp,0.0103,Consumer Discretionary,JP,issuer
VWCE,2026-05-31,CARLB,Carlsberg AS,0.0103,Consumer Staples,DK,issuer
VWCE,2026-05-31,ELE,Endesa SA,0.0102,Utilities,ES,issuer
VWCE,2026-05-31,1378,China Hongqiao Group Ltd,0.0102,Basic Materials,HK,issuer
VWCE,2026-05-31,BEZ,Beazley PLC,0.0102,Financials,GB,issuer
VWCE,2026-05-31,AG,First Majestic Silver Corp,0.0102,Basic Materials,CA,issuer
VWCE,2026-05-31,FOX,Fox Corp,0.0102,Consumer Discretionary,US,issuer
VWCE,2026-05-31,6963,Rohm Co Ltd,0.0101,Technology,JP,issuer
VWCE,2026-05-31,SAFCO,SABIC Agri-Nutrients Co,0.0101,Basic Materials,SA,issuer
VWCE,2026-05-31,BBRI,Bank Rakyat Indonesia Persero Tbk PT,0.0101,Financials,ID,issuer
VWCE,2026-05-31,SOON,Sonova Holding AG,0.0101,Health Care,CH,issuer
VWCE,2026-05-31,IAG,International Consolidated Airlines Group SA,0.0101,Consumer Discretionary,GB,issuer
VWCE,2026-05-31,,Air Liquide SA,0.0101,Basic Materials,FR,issuer
VWCE,2026-05-31,7259,Aisin Corp,0.0101,Consumer Discretionary,JP,issuer
VWCE,2026-05-31,042660,Hanwha Ocean Co Ltd,0.0101,Industrials,KR,issuer
VWCE,2026-05-31,8473,SBI Holdings Inc,0.0101,Financials,JP,issuer
VWCE,2026-05-31,MOTHERSO,Samvardhana Motherson International Ltd,0.01,Consumer Discretionary,IN,issuer
VWCE,2026-05-31,SDLF,Standard Life PLC,0.01,Financials,GB,issuer
VWCE,2026-05-31,1179,H World Group Ltd,0.01,Consumer Discretionary,HK,issuer
VWCE,2026-05-31,300308,Zhongji Innolight Co Ltd,0.01,Telecommunications,CN,issuer
VWCE,2026-05-31,FORTUM,Fortum Oyj,0.0099,Utilities,FI,issuer
VWCE,2026-05-31,005387,Hyundai Motor Co,0.0099,Consumer Discretionary,KR,issuer
VWCE,2026-05-31,2880,Hua Nan Financial Holdings Co Ltd,0.0099,Financials,TW,issuer
VWCE,2026-05-31,000150,Doosan Co Ltd,0.0099,Industrials,KR,issuer
VWCE,2026-05-31,FGR,Eiffage SA,0.0098,Industrials,FR,issuer
VWCE,2026-05-31,HSX,Hiscox Ltd,0.0098,Financials,GB,issuer
VWCE,2026-05-31,064350,Hyundai Rotem Co Ltd,0.0098,Industrials,KR,issuer
VWCE,2026-05-31,051910,LG Chem Ltd,0.0098,Industrials,KR,issuer
VWCE,2026-05-31,7735,SCREEN Holdings Co Ltd,0.0098,Technology,JP,issuer
VWCE,2026-05-31,DSY,Discovery Ltd,0.0098,Financials,ZA,issuer
VWCE,2026-05-31,GFS,GLOBALFOUNDRIES Inc,0.0097,Technology,US,issuer
VWCE,2026-05-31,7202,Isuzu Motors Ltd,0.0097,Industrials,JP,issuer
VWCE,2026-05-31,ALPHA,Alpha Bank SA,0.0097,Financials,GR,issuer
VWCE,2026-05-31,207940,Samsung Biologics Co Ltd,0.0097,Health Care,KR,issuer
VWCE,2026-05-31,CCH,Coca-Cola HBC AG,0.0097,Consumer Staples,GB,issuer
VWCE,2026-05-31,DPZ,Domino's Pizza Inc,0.0097,Consumer Discretionary,US,issuer
VWCE,2026-05-31,WEGE3,WEG SA,0.0097,Industrials,BR,issuer
VWCE,2026-05-31,EIM,Eicher Motors Ltd,0.0097,Consumer Discretionary,IN,issuer
VWCE,2026-05-31,6113,Amada Co Ltd,0.0097,Industrials,JP,issuer
VWCE,2026-05-31,SVT,Severn Trent PLC,0.0097,Utilities,GB,issuer
VWCE,2026-05-31,7167,Mebuki Financial Group Inc,0.0096,Financials,JP,issuer
VWCE,2026-05-31,6869,Yangtze Optical Fibre & Cable Joint Stock Ltd Co,0.0096,Telecommunications,HK,issuer
VWCE,2026-05-31,PRIO3,PRIO SA/Brazil,0.0096,Energy,BR,issuer
VWCE,2026-05-31,PEO,Bank Polska Kasa Opieki SA,0.0096,Financials,PL,issuer
VWCE,2026-05-31,2376,Gigabyte Technology Co Ltd,0.0096,Technology,TW,issuer
VWCE,2026-05-31,G1A,GEA Group AG,0.0096,Industrials,DE,issuer
VWCE,2026-05-31,ITRK,Intertek Group PLC,0.0096,Industrials,GB,issuer
VWCE,2026-05-31,MZTF,Mizrahi Tefahot Bank Ltd,0.0096,Financials,IL,issuer
VWCE,2026-05-31,HAR,Harmony Gold Mining Co Ltd,0.0096,Basic Materials,ZA,issuer
VWCE,2026-05-31,MPL,Medibank Pvt Ltd,0.0095,Financials,AU,issuer
VWCE,2026-05-31,OMV,OMV AG,0.0095,Energy,AT,issuer
VWCE,2026-05-31,3008,Largan Precision Co Ltd,0.0095,Technology,TW,issuer
VWCE,2026-05-31,2382,Sunny Optical Technology Group Co Ltd,0.0095,Technology,HK,issuer
VWCE,2026-05-31,TEN,Tenaris SA,0.0095,Energy,IT,issuer
VWCE,2026-05-31,TPWR,Tata Power Co Ltd/The,0.0095,Utilities,IN,issuer
VWCE,2026-05-31,1658,Postal Savings Bank of China Co Ltd,0.0095,Financials,HK,issuer
VWCE,2026-05-31,ATRL,AtkinsRealis Group Inc,0.0095,Industrials,CA,issuer
VWCE,2026-05-31,5334,Niterra Co Ltd,0.0095,Consumer Discretionary,JP,issuer
VWCE,2026-05-31,PE&OLES*,Industrias Penoles SAB de CV,0.0094,Basic Materials,MX,issuer
VWCE,2026-05-31,196170,Alteogen Inc,0.0094,Health Care,KR,issuer
VWCE,2026-05-31,SIG,Sigma Healthcare Ltd,0.0094,Consumer Staples,AU,issuer
VWCE,2026-05-31,KNIN,Kuehne + Nagel International AG,0.0094,Industrials,CH,issuer
VWCE,2026-05-31,LAND,Land Securities Group PLC,0.0094,Real Estate,GB,issuer
VWCE,2026-05-31,9866,NIO Inc,0.0094,Consumer Discretionary,HK,issuer
VWCE,2026-05-31,JSTL,JSW Steel Ltd,0.0094,Basic Materials,IN,issuer
VWCE,2026-05-31,OPCE,OPC Energy Ltd,0.0094,Utilities,IL,issuer
VWCE,2026-05-31,6841,Yokogawa Electric Corp,0.0094,Industrials,JP,issuer
VWCE,2026-05-31,6,Power Assets Holdings Ltd,0.0093,Utilities,HK,issuer
VWCE,2026-05-31,ASELS,Aselsan Elektronik Sanayi Ve Ticaret AS,0.0093,Industrials,TR,issuer
VWCE,2026-05-31,VOLVA,Volvo AB,0.0093,Industrials,SE,issuer
VWCE,2026-05-31,4005,Sumitomo Chemical Co Ltd,0.0092,Basic Materials,JP,issuer
VWCE,2026-05-31,HOT,HOCHTIEF AG,0.0092,Industrials,DE,issuer
VWCE,2026-05-31,011070,LG Innotek Co Ltd,0.0092,Technology,KR,issuer
VWCE,2026-05-31,HNAL,Hindustan Aeronautics Ltd,0.0092,Industrials,IN,issuer
VWCE,2026-05-31,PSPN,PSP Swiss Property AG,0.0092,Real Estate,CH,issuer
VWCE,2026-05-31,3665,Bizlink Holding Inc,0.0092,Technology,TW,issuer
VWCE,2026-05-31,SMIN,Smiths Group PLC,0.0092,Industrials,GB,issuer
VWCE,2026-05-31,TTD,Trade Desk Inc/The,0.0092,Consumer Discretionary,US,issuer
VWCE,2026-05-31,EVO,Evolution AB,0.0092,Consumer Discretionary,SE,issuer
VWCE,2026-05-31,DOCU,DocuSign Inc,0.0092,Technology,US,issuer
VWCE,2026-05-31,2338,Weichai Power Co Ltd,0.0091,Industrials,HK,issuer
VWCE,2026-05-31,ERF,Eurofins Scientific SE,0.0091,Health Care,FR,issuer
VWCE,2026-05-31,2408,Nanya Technology Corp,0.0091,Technology,TW,issuer
VWCE,2026-05-31,2015,Li Auto Inc,0.009,Consumer Discretionary,HK,issuer
VWCE,2026-05-31,HARL,Harel Insurance Investments & Financial Services Ltd,0.009,Financials,IL,issuer
VWCE,2026-05-31,PST,Poste Italiane SpA,0.009,Financials,IT,issuer
VWCE,2026-05-31,NWSA,News Corp,0.009,Consumer Discretionary,US,issuer
VWCE,2026-05-31,5880,Taiwan Cooperative Financial Holding Co Ltd,0.009,Financials,TW,issuer
VWCE,2026-05-31,086520,Ecopro Co Ltd,0.009,Basic Materials,KR,issuer
VWCE,2026-05-31,ITC,ITC Ltd,0.009,Consumer Staples,IN,issuer
VWCE,2026-05-31,CICT,CapitaLand Integrated Commercial Trust,0.0089,Real Estate,SG,issuer
VWCE,2026-05-31,HEN3,Henkel AG & Co KGaA,0.0089,Basic Materials,DE,issuer
VWCE,2026-05-31,TEL2B,Tele2 AB,0.0089,Telecommunications,SE,issuer
VWCE,2026-05-31,601138,Foxconn Industrial Internet Co Ltd,0.0089,Telecommunications,CN,issuer
VWCE,2026-05-31,PODD,Insulet Corp,0.0089,Health Care,US,issuer
VWCE,2026-05-31,VBBR3,Vibra Energia SA,0.0089,Energy,BR,issuer
VWCE,2026-05-31,ABG,Absa Group Ltd,0.0089,Financials,ZA,issuer
VWCE,2026-05-31,1803,Shimizu Corp,0.0089,Industrials,JP,issuer
VWCE,2026-05-31,ABVX,Abivax SA,0.0089,Health Care,FR,issuer
VWCE,2026-05-31,GALP,Galp Energia SGPS SA,0.0089,Energy,PT,issuer
VWCE,2026-05-31,3653,Jentech Precision Industrial Co Ltd,0.0089,Technology,TW,issuer
VWCE,2026-05-31,EMBJ3,Embraer SA,0.0088,Industrials,BR,issuer
VWCE,2026-05-31,DHER,Delivery Hero SE,0.0088,Consumer Discretionary,DE,issuer
VWCE,2026-05-31,VBL,Varun Beverages Ltd,0.0088,Consumer Staples,IN,issuer
VWCE,2026-05-31,MRL,Merlin Properties Socimi SA,0.0088,Real Estate,ES,issuer
VWCE,2026-05-31,3443,Global Unichip Corp,0.0088,Technology,TW,issuer
VWCE,2026-05-31,HKL,Hongkong Land Holdings Ltd,0.0088,Real Estate,SG,issuer
VWCE,2026-05-31,JKHY,Jack Henry & Associates Inc,0.0088,Industrials,US,issuer
VWCE,2026-05-31,BIMAS,BIM Birlesik Magazalar AS,0.0088,Consumer Staples,TR,issuer
VWCE,2026-05-31,TECHM,Tech Mahindra Ltd,0.0088,Technology,IN,issuer
VWCE,2026-05-31,DRRD,Dr Reddy's Laboratories Ltd,0.0088,Health Care,IN,issuer
VWCE,2026-05-31,LISP,Chocoladefabriken Lindt & Spruengli AG,0.0087,Consumer Staples,CH,issuer
VWCE,2026-05-31,EN,Bouygues SA,0.0087,Industrials,FR,issuer
VWCE,2026-05-31,UAL,United Airlines Holdings Inc,0.0087,Consumer Discretionary,US,issuer
VWCE,2026-05-31,6845,Azbil Corp,0.0087,Industrials,JP,issuer
VWCE,2026-05-31,7270,Subaru Corp,0.0087,Consumer Discretionary,JP,issuer
VWCE,2026-05-31,COAL,Coal India Ltd,0.0087,Energy,IN,issuer
VWCE,2026-05-31,ADM,Admiral Group PLC,0.0087,Financials,GB,issuer
VWCE,2026-05-31,BVI,Bureau Veritas SA,0.0087,Industrials,FR,issuer
VWCE,2026-05-31,DSG,Descartes Systems Group Inc/The,0.0087,Technology,CA,issuer
VWCE,2026-05-31,MAERSKB,AP Moller - Maersk A/S,0.0086,Industrials,DK,issuer
VWCE,2026-05-31,ALINMA,Alinma Bank,0.0086,Financials,SA,issuer
VWCE,2026-05-31,HDFCAMC,HDFC Asset Management Co Ltd,0.0086,Financials,IN,issuer
VWCE,2026-05-31,BEZQ,Bezeq The Israeli Telecommunication Corp Ltd,0.0086,Telecommunications,IL,issuer
VWCE,2026-05-31,AC*,Arca Continental SAB de CV,0.0086,Consumer Staples,MX,issuer
VWCE,2026-05-31,CGPOWER,CG Power & Industrial Solutions Ltd,0.0086,Industrials,IN,issuer
VWCE,2026-05-31,MKS,Marks & Spencer Group PLC,0.0086,Consumer Staples,GB,issuer
VWCE,2026-05-31,1093,CSPC Pharmaceutical Group Ltd,0.0086,Health Care,HK,issuer
VWCE,2026-05-31,NEST,Nestle India Ltd,0.0085,Consumer Staples,IN,issuer
VWCE,2026-05-31,EQTL3,Equatorial SA,0.0085,Utilities,BR,issuer
VWCE,2026-05-31,BKT,Bankinter SA,0.0085,Financials,ES,issuer
VWCE,2026-05-31,2449,King Yuan Electronics Co Ltd,0.0085,Technology,TW,issuer
VWCE,2026-05-31,3003,Hulic Co Ltd,0.0085,Real Estate,JP,issuer
VWCE,2026-05-31,ANDR,ANDRITZ AG,0.0085,Industrials,AT,issuer
VWCE,2026-05-31,IAG,iA Financial Corp Inc,0.0085,Financials,CA,issuer
VWCE,2026-05-31,SKAB,Skanska AB,0.0084,Industrials,SE,issuer
VWCE,2026-05-31,APHS,Apollo Hospitals Enterprise Ltd,0.0084,Health Care,IN,issuer
VWCE,2026-05-31,REM,Remgro Ltd,0.0084,Financials,ZA,issuer
VWCE,2026-05-31,2395,Advantech Co Ltd,0.0084,Technology,TW,issuer
VWCE,2026-05-31,27,Galaxy Entertainment Group Ltd,0.0084,Consumer Discretionary,HK,issuer
VWCE,2026-05-31,047810,Korea Aerospace Industries Ltd,0.0084,Industrials,KR,issuer
VWCE,2026-05-31,SOBI,Swedish Orphan Biovitrum AB,0.0084,Health Care,SE,issuer
VWCE,2026-05-31,4911,Shiseido Co Ltd,0.0084,Consumer Discretionary,JP,issuer
VWCE,2026-05-31,ONGC,Oil & Natural Gas Corp Ltd,0.0083,Energy,IN,issuer
VWCE,2026-05-31,BCP,Banco Comercial Portugues SA,0.0083,Financials,PT,issuer
VWCE,2026-05-31,6586,Makita Corp,0.0083,Industrials,JP,issuer
VWCE,2026-05-31,4684,Obic Co Ltd,0.0083,Technology,JP,issuer
VWCE,2026-05-31,TEL,Telenor ASA,0.0083,Telecommunications,NO,issuer
VWCE,2026-05-31,SOL,Washington H Soul Pattinson & Co Ltd,0.0083,Energy,AU,issuer
VWCE,2026-05-31,2356,Inventec Corp,0.0083,Technology,TW,issuer
VWCE,2026-05-31,3661,Alchip Technologies Ltd,0.0083,Technology,TW,issuer
VWCE,2026-05-31,ASRNL,ASR Nederland NV,0.0083,Financials,NL,issuer
VWCE,2026-05-31,MOWI,Mowi ASA,0.0083,Consumer Staples,NO,issuer
VWCE,2026-05-31,ALE,Allegro.eu SA,0.0082,Consumer Discretionary,PL,issuer
VWCE,2026-05-31,3436,SUMCO Corp,0.0082,Technology,JP,issuer
VWCE,2026-05-31,FRES,Fresnillo PLC,0.0082,Basic Materials,GB,issuer
VWCE,2026-05-31,PZU,Powszechny Zaklad Ubezpieczen SA,0.0082,Financials,PL,issuer
VWCE,2026-05-31,GIL,Gildan Activewear Inc,0.0082,Consumer Discretionary,CA,issuer
VWCE,2026-05-31,ELI,Elia Group SA/NV,0.0082,Utilities,BE,issuer
VWCE,2026-05-31,FB,Federal Bank Ltd,0.0082,Financials,IN,issuer
VWCE,2026-05-31,ALDAR,Aldar Properties PJSC,0.0082,Real Estate,AE,issuer
VWCE,2026-05-31,7701,Shimadzu Corp,0.0082,Industrials,JP,issuer
VWCE,2026-05-31,,L'Oreal SA,0.0081,Consumer Discretionary,FR,issuer
VWCE,2026-05-31,035720,Kakao Corp,0.0081,Technology,KR,issuer
VWCE,2026-05-31,8593,Mitsubishi HC Capital Inc,0.0081,Financials,JP,issuer
VWCE,2026-05-31,PSON,Pearson PLC,0.0081,Consumer Discretionary,GB,issuer
VWCE,2026-05-31,8113,Unicharm Corp,0.0081,Consumer Staples,JP,issuer
VWCE,2026-05-31,LPC,Lupin Ltd,0.0081,Health Care,IN,issuer
VWCE,2026-05-31,ALD,Ampol Ltd,0.0081,Energy,AU,issuer
VWCE,2026-05-31,5411,JFE Holdings Inc,0.0081,Basic Materials,JP,issuer
VWCE,2026-05-31,INDUSTOW,Indus Towers Ltd,0.0081,Telecommunications,IN,issuer
VWCE,2026-05-31,4528,Ono Pharmaceutical Co Ltd,0.0081,Health Care,JP,issuer
VWCE,2026-05-31,SCAB,Svenska Cellulosa AB SCA,0.0081,Basic Materials,SE,issuer
VWCE,2026-05-31,9021,West Japan Railway Co,0.0081,Industrials,JP,issuer
VWCE,2026-05-31,788,China Tower Corp Ltd,0.0081,Telecommunications,HK,issuer
VWCE,2026-05-31,3044,Tripod Technology Corp,0.0081,Technology,TW,issuer
VWCE,2026-05-31,RIBL,Riyad Bank,0.0081,Financials,SA,issuer
VWCE,2026-05-31,HEIO,Heineken Holding NV,0.008,Consumer Staples,NL,issuer
VWCE,2026-05-31,TMCV,Tata Motors Ltd /new,0.008,Industrials,IN,issuer
VWCE,2026-05-31,071050,Korea Investment Holdings Co Ltd,0.008,Financials,KR,issuer
VWCE,2026-05-31,AUBANK,AU Small Finance Bank Ltd,0.008,Financials,IN,issuer
VWCE,2026-05-31,UNI,Unipol Gruppo SpA,0.008,Financials,IT,issuer
VWCE,2026-05-31,INDIGO,InterGlobe Aviation Ltd,0.008,Consumer Discretionary,IN,issuer
VWCE,2026-05-31,VMS,Venture Corp Ltd,0.008,Technology,SG,issuer
VWCE,2026-05-31,CHC,Charter Hall Group,0.008,Real Estate,AU,issuer
VWCE,2026-05-31,9697,Capcom Co Ltd,0.0079,Consumer Discretionary,JP,issuer
VWCE,2026-05-31,RENT3,Localiza Rent a Car SA,0.0079,Consumer Discretionary,BR,issuer
VWCE,2026-05-31,BSL,BlueScope Steel Ltd,0.0079,Basic Materials,AU,issuer
VWCE,2026-05-31,000720,Hyundai Engineering & Construction Co Ltd,0.0079,Industrials,KR,issuer
VWCE,2026-05-31,522,ASMPT Ltd,0.0079,Technology,HK,issuer
VWCE,2026-05-31,GBLB,Groupe Bruxelles Lambert NV,0.0079,Financials,BE,issuer
VWCE,2026-05-31,BLND,British Land Co PLC/The,0.0079,Real Estate,GB,issuer
VWCE,2026-05-31,BSE,BSE Ltd,0.0079,Financials,IN,issuer
VWCE,2026-05-31,NED,Nedbank Group Ltd,0.0079,Financials,ZA,issuer
VWCE,2026-05-31,CLAR,CapitaLand Ascendas REIT,0.0079,Real Estate,SG,issuer
VWCE,2026-05-31,INDUC,Industrivarden AB,0.0079,Financials,SE,issuer
VWCE,2026-05-31,TLKM,Telkom Indonesia Persero Tbk PT,0.0079,Telecommunications,ID,issuer
VWCE,2026-05-31,IFT,Infratil Ltd,0.0079,Financials,NZ,issuer
VWCE,2026-05-31,9901,New Oriental Education & Technology Group Inc,0.0078,Consumer Discretionary,HK,issuer
VWCE,2026-05-31,WN,George Weston Ltd,0.0078,Consumer Staples,CA,issuer
VWCE,2026-05-31,9926,Akeso Inc,0.0078,Health Care,HK,issuer
VWCE,2026-05-31,300,Midea Group Co Ltd,0.0078,Consumer Discretionary,HK,issuer
VWCE,2026-05-31,267250,HD Hyundai Co Ltd,0.0078,Energy,KR,issuer
VWCE,2026-05-31,GPT,GPT Group/The,0.0078,Real Estate,AU,issuer
VWCE,2026-05-31,CAR,CAR Group Ltd,0.0078,Technology,AU,issuer
VWCE,2026-05-31,4612,Nippon Paint Holdings Co Ltd,0.0078,Industrials,JP,issuer
VWCE,2026-05-31,688041,Hygon Information Technology Co Ltd,0.0078,Technology,CN,issuer
VWCE,2026-05-31,ORNBV,Orion Oyj,0.0078,Health Care,FI,issuer
VWCE,2026-05-31,ALMARAI,Almarai Co JSC,0.0078,Consumer Staples,SA,issuer
VWCE,2026-05-31,2688,ENN Energy Holdings Ltd,0.0077,Utilities,HK,issuer
VWCE,2026-05-31,SKFB,SKF AB,0.0077,Basic Materials,SE,issuer
VWCE,2026-05-31,3289,Tokyu Fudosan Holdings Corp,0.0077,Real Estate,JP,issuer
VWCE,2026-05-31,REC,Recordati Industria Chimica e Farmaceutica SpA,0.0077,Health Care,IT,issuer
VWCE,2026-05-31,BEAN,Belimo Holding AG,0.0077,Industrials,CH,issuer
VWCE,2026-05-31,JARIR,Jarir Marketing Co,0.0077,Consumer Discretionary,SA,issuer
VWCE,2026-05-31,IQCD,Industries Qatar QSC,0.0077,Basic Materials,QA,issuer
VWCE,2026-05-31,MIN,Mineral Resources Ltd,0.0077,Basic Materials,AU,issuer
VWCE,2026-05-31,CLIS,Clal Insurance Enterprises Holdings Ltd,0.0077,Financials,IL,issuer
VWCE,2026-05-31,4938,Pegatron Corp,0.0077,Technology,TW,issuer
VWCE,2026-05-31,RDOR3,Rede D'Or Sao Luiz SA,0.0077,Health Care,BR,issuer
VWCE,2026-05-31,SULAIMAN,Dr Sulaiman Al Habib Medical Services Group Co,0.0077,Health Care,SA,issuer
VWCE,2026-05-31,6690,Haier Smart Home Co Ltd,0.0076,Consumer Discretionary,HK,issuer
VWCE,2026-05-31,TPRO,Technoprobe SpA,0.0076,Technology,IT,issuer
VWCE,2026-05-31,6856,Horiba Ltd,0.0076,Industrials,JP,issuer
VWCE,2026-05-31,RBI,Raiffeisen Bank International AG,0.0076,Financials,AT,issuer
VWCE,2026-05-31,4042,Tosoh Corp,0.0076,Basic Materials,JP,issuer
VWCE,2026-05-31,SHOP,Shopify Inc,0.0076,Technology,US,issuer
VWCE,2026-05-31,YAR,Yara International ASA,0.0076,Basic Materials,NO,issuer
VWCE,2026-05-31,6976,Taiyo Yuden Co Ltd,0.0076,Technology,JP,issuer
VWCE,2026-05-31,COLOB,Coloplast A/S,0.0076,Health Care,DK,issuer
VWCE,2026-05-31,SHL,Sonic Healthcare Ltd,0.0076,Health Care,AU,issuer
VWCE,2026-05-31,RXL,Rexel SA,0.0076,Industrials,FR,issuer
VWCE,2026-05-31,FIBRAPL,Prologis Property Mexico SA de CV,0.0076,Real Estate,MX,issuer
VWCE,2026-05-31,BVT,Bidvest Group Ltd,0.0076,Industrials,ZA,issuer
VWCE,2026-05-31,X,TMX Group Ltd,0.0076,Financials,CA,issuer
VWCE,2026-05-31,EFN,Element Fleet Management Corp,0.0076,Industrials,CA,issuer
VWCE,2026-05-31,MICC,Magnum Ice Cream Co NV/The,0.0076,Consumer Staples,NL,issuer
VWCE,2026-05-31,KTB/F,Krung Thai Bank PCL,0.0075,Financials,TH,issuer
VWCE,2026-05-31,1519,J&T Global Express Ltd,0.0075,Industrials,HK,issuer
VWCE,2026-05-31,GAM,Gamuda Bhd,0.0075,Industrials,MY,issuer
VWCE,2026-05-31,JIOFIN,Jio Financial Services Ltd,0.0075,Financials,IN,issuer
VWCE,2026-05-31,ACKB,Ackermans & van Haaren NV,0.0075,Industrials,BE,issuer
VWCE,2026-05-31,2059,King Slide Works Co Ltd,0.0075,Basic Materials,TW,issuer
VWCE,2026-05-31,ORI,Orica Ltd,0.0075,Basic Materials,AU,issuer
VWCE,2026-05-31,4523,Eisai Co Ltd,0.0075,Health Care,JP,issuer
VWCE,2026-05-31,MEL,Meridian Energy Ltd,0.0075,Utilities,NZ,issuer
VWCE,2026-05-31,TNE,Technology One Ltd,0.0075,Technology,AU,issuer
VWCE,2026-05-31,TLX,Talanx AG,0.0075,Financials,DE,issuer
VWCE,2026-05-31,KESKOB,Kesko Oyj,0.0075,Consumer Staples,FI,issuer
VWCE,2026-05-31,SOL,Sasol Ltd,0.0075,Basic Materials,ZA,issuer
VWCE,2026-05-31,7912,Dai Nippon Printing Co Ltd,0.0075,Industrials,JP,issuer
VWCE,2026-05-31,600900,China Yangtze Power Co Ltd,0.0075,Utilities,CN,issuer
VWCE,2026-05-31,PTTEP/F,PTT Exploration & Production PCL,0.0075,Energy,TH,issuer
VWCE,2026-05-31,WIL,Wilmar International Ltd,0.0074,Consumer Staples,SG,issuer
VWCE,2026-05-31,4732,USS Co Ltd,0.0074,Consumer Discretionary,JP,issuer
VWCE,2026-05-31,EDEN,Edenred SE,0.0074,Industrials,FR,issuer
VWCE,2026-05-31,CIPLA,Cipla Ltd/India,0.0074,Health Care,IN,issuer
VWCE,2026-05-31,CHILE,Banco de Chile,0.0074,Financials,CL,issuer
VWCE,2026-05-31,SFR,Sandfire Resources Ltd,0.0074,Basic Materials,AU,issuer
VWCE,2026-05-31,SSW,Sibanye Stillwater Ltd,0.0074,Basic Materials,ZA,issuer
VWCE,2026-05-31,XRO,Xero Ltd,0.0074,Technology,AU,issuer
VWCE,2026-05-31,LHA,Deutsche Lufthansa AG,0.0074,Consumer Discretionary,DE,issuer
VWCE,2026-05-31,003550,LG Corp,0.0074,Industrials,KR,issuer
VWCE,2026-05-31,FORH,Fortis Healthcare Ltd,0.0074,Health Care,IN,issuer
VWCE,2026-05-31,MRO,Melrose Industries PLC,0.0074,Industrials,GB,issuer
VWCE,2026-05-31,QIA,QIAGEN NV,0.0074,Health Care,DE,issuer
VWCE,2026-05-31,HEN,Henkel AG & Co KGaA,0.0074,Basic Materials,DE,issuer
VWCE,2026-05-31,AIA,Auckland International Airport Ltd,0.0074,Industrials,NZ,issuer
VWCE,2026-05-31,NXT,NEXTDC Ltd,0.0074,Technology,AU,issuer
VWCE,2026-05-31,2324,Compal Electronics Inc,0.0074,Technology,TW,issuer
VWCE,2026-05-31,TLC,Lottery Corp Ltd/The,0.0074,Consumer Discretionary,AU,issuer
VWCE,2026-05-31,FHZN,Flughafen Zurich AG,0.0073,Industrials,CH,issuer
VWCE,2026-05-31,IH,Indian Hotels Co Ltd/The,0.0073,Consumer Discretionary,IN,issuer
VWCE,2026-05-31,ADNOCGAS,Adnoc Gas PLC,0.0073,Energy,AE,issuer
VWCE,2026-05-31,HDFCLIFE,HDFC Life Insurance Co Ltd,0.0073,Financials,IN,issuer
VWCE,2026-05-31,7752,Ricoh Co Ltd,0.0073,Technology,JP,issuer
VWCE,2026-05-31,STJ,St James's Place PLC,0.0073,Financials,GB,issuer
VWCE,2026-05-31,IMCD,IMCD NV,0.0073,Basic Materials,NL,issuer
VWCE,2026-05-31,KEY,Keyera Corp,0.0073,Energy,CA,issuer
VWCE,2026-05-31,ICG,ICG PLC,0.0073,Financials,GB,issuer
VWCE,2026-05-31,ANA,Acciona SA,0.0073,Industrials,ES,issuer
VWCE,2026-05-31,DMART,Avenue Supermarts Ltd,0.0073,Consumer Staples,IN,issuer
VWCE,2026-05-31,GAPB,Grupo Aeroportuario del Pacifico SAB de CV,0.0072,Industrials,MX,issuer
VWCE,2026-05-31,MRCO,Marico Ltd,0.0072,Consumer Staples,IN,issuer
VWCE,2026-05-31,PIDI,Pidilite Industries Ltd,0.0072,Basic Materials,IN,issuer
VWCE,2026-05-31,SLM,Sanlam Ltd,0.0072,Financials,ZA,issuer
VWCE,2026-05-31,BMED,Banca Mediolanum SpA,0.0072,Financials,IT,issuer
VWCE,2026-05-31,278470,APR Corp/Korea,0.0072,Consumer Discretionary,KR,issuer
VWCE,2026-05-31,079550,LIG Defense&Aerospace Co Ltd,0.0072,Industrials,KR,issuer
VWCE,2026-05-31,PTG,Petronas Gas Bhd,0.0072,Utilities,MY,issuer
VWCE,2026-05-31,CPALL/F,CP ALL PCL,0.0072,Consumer Staples,TH,issuer
VWCE,2026-05-31,WEIR,Weir Group PLC,0.0072,Industrials,GB,issuer
VWCE,2026-05-31,TRP,Torrent Pharmaceuticals Ltd,0.0072,Health Care,IN,issuer
VWCE,2026-05-31,BNR,Brenntag SE,0.0072,Basic Materials,DE,issuer
VWCE,2026-05-31,FSV,FirstService Corp,0.0072,Real Estate,CA,issuer
VWCE,2026-05-31,4021,Nissan Chemical Corp,0.0072,Basic Materials,JP,issuer
VWCE,2026-05-31,TLV,Banca Transilvania SA,0.0072,Financials,RO,issuer
VWCE,2026-05-31,TRELB,Trelleborg AB,0.0072,Industrials,SE,issuer
VWCE,2026-05-31,BNZL,Bunzl PLC,0.0072,Industrials,GB,issuer
VWCE,2026-05-31,BHFC,Bharat Forge Ltd,0.0072,Basic Materials,IN,issuer
VWCE,2026-05-31,WISE,Wise Group PLC,0.0071,Industrials,GB,issuer
VWCE,2026-05-31,1301,Formosa Plastics Corp,0.0071,Industrials,TW,issuer
VWCE,2026-05-31,TMPV,Tata Motors Passenger Vehicles Limited,0.0071,Consumer Discretionary,IN,issuer
VWCE,2026-05-31,4186,Tokyo Ohka Kogyo Co Ltd,0.0071,Basic Materials,JP,issuer
VWCE,2026-05-31,2801,Chang Hwa Commercial Bank Ltd,0.0071,Financials,TW,issuer
VWCE,2026-05-31,UOL,UOL Group Ltd,0.0071,Real Estate,SG,issuer
VWCE,2026-05-31,SAP,Saputo Inc,0.0071,Consumer Staples,CA,issuer
VWCE,2026-05-31,,Engie SA,0.0071,Utilities,FR,issuer
VWCE,2026-05-31,BSF,Banque Saudi Fransi,0.0071,Financials,SA,issuer
VWCE,2026-05-31,PPC,Public Power Corp SA,0.007,Utilities,GR,issuer
VWCE,2026-05-31,NXSN,Next Vision Stabilized Systems Ltd,0.007,Industrials,IL,issuer
VWCE,2026-05-31,MOL,MOL Hungarian Oil & Gas PLC,0.007,Energy,HU,issuer
VWCE,2026-05-31,5019,Idemitsu Kosan Co Ltd,0.007,Energy,JP,issuer
VWCE,2026-05-31,JBH,JB Hi-Fi Ltd,0.007,Consumer Discretionary,AU,issuer
VWCE,2026-05-31,BHEL,Bharat Heavy Electricals Ltd,0.007,Industrials,IN,issuer
VWCE,2026-05-31,2768,Sojitz Corp,0.007,Industrials,JP,issuer
VWCE,2026-05-31,PNDORA,Pandora A/S,0.007,Consumer Discretionary,DK,issuer
VWCE,2026-05-31,ZAL,Zalando SE,0.007,Consumer Discretionary,DE,issuer
VWCE,2026-05-31,CLI,CapitaLand Investment Ltd/Singapore,0.007,Real Estate,SG,issuer
VWCE,2026-05-31,SHP,Shoprite Holdings Ltd,0.007,Consumer Staples,ZA,issuer
VWCE,2026-05-31,7272,Yamaha Motor Co Ltd,0.007,Consumer Discretionary,JP,issuer
VWCE,2026-05-31,CRDA,Croda International PLC,0.007,Basic Materials,GB,issuer
VWCE,2026-05-31,247540,Ecopro BM Co Ltd,0.007,Industrials,KR,issuer
VWCE,2026-05-31,ORK,Orkla ASA,0.007,Consumer Staples,NO,issuer
VWCE,2026-05-31,STN,Stantec Inc,0.007,Industrials,CA,issuer
VWCE,2026-05-31,THYAO,Turk Hava Yollari AO,0.0069,Consumer Discretionary,TR,issuer
VWCE,2026-05-31,TRENT,Trent Ltd,0.0069,Consumer Discretionary,IN,issuer
VWCE,2026-05-31,SGH,Seven Group Holdings Ltd,0.0069,Industrials,AU,issuer
VWCE,2026-05-31,BEIJB,Beijer Ref AB,0.0069,Industrials,SE,issuer
VWCE,2026-05-31,PSYS,Persistent Systems Ltd,0.0069,Technology,IN,issuer
VWCE,2026-05-31,ADIB,Abu Dhabi Islamic Bank PJSC,0.0069,Financials,AE,issuer
VWCE,2026-05-31,8951,Nippon Building Fund Inc,0.0069,Real Estate,JP,issuer
VWCE,2026-05-31,PFCIBEST,Grupo Cibest SA,0.0069,Financials,CO,issuer
VWCE,2026-05-31,042700,Hanmi Semiconductor Co Ltd,0.0069,Technology,KR,issuer
VWCE,2026-05-31,2834,Taiwan Business Bank,0.0069,Financials,TW,issuer
VWCE,2026-05-31,GULF/F,Gulf Development PCL,0.0069,Utilities,TH,issuer
VWCE,2026-05-31,INDT,Indutrade AB,0.0069,Industrials,SE,issuer
VWCE,2026-05-31,NPH,Northam Platinum Holdings Ltd,0.0069,Basic Materials,ZA,issuer
VWCE,2026-05-31,006800,Mirae Asset Securities Co Ltd,0.0069,Financials,KR,issuer
VWCE,2026-05-31,8354,Fukuoka Financial Group Inc,0.0069,Financials,JP,issuer
VWCE,2026-05-31,8359,Hachijuni Nagano Bank Ltd,0.0068,Financials,JP,issuer
VWCE,2026-05-31,FME,Fresenius Medical Care AG,0.0068,Health Care,DE,issuer
VWCE,2026-05-31,6471,NSK Ltd,0.0068,Consumer Discretionary,JP,issuer
VWCE,2026-05-31,GET,Getlink SE,0.0068,Industrials,FR,issuer
VWCE,2026-05-31,ACEM,Ambuja Cements Ltd,0.0068,Industrials,IN,issuer
VWCE,2026-05-31,6473,JTEKT Corp,0.0068,Consumer Discretionary,JP,issuer
VWCE,2026-05-31,BID,Bid Corp Ltd,0.0068,Consumer Staples,ZA,issuer
VWCE,2026-05-31,LI,Klepierre SA,0.0067,Real Estate,FR,issuer
VWCE,2026-05-31,RNO,Renault SA,0.0067,Consumer Discretionary,FR,issuer
VWCE,2026-05-31,600030,CITIC Securities Co Ltd,0.0067,Financials,CN,issuer
VWCE,2026-05-31,POLICYBZ,PB Fintech Ltd,0.0067,Financials,IN,issuer
VWCE,2026-05-31,SIGN,SIG Group AG,0.0067,Industrials,CH,issuer
VWCE,2026-05-31,UHR,Swatch Group AG/The,0.0067,Consumer Discretionary,CH,issuer
VWCE,2026-05-31,016360,Samsung Securities Co Ltd,0.0067,Financials,KR,issuer
VWCE,2026-05-31,SCI,Sembcorp Industries Ltd,0.0067,Utilities,SG,issuer
VWCE,2026-05-31,KBANK/F,Kasikornbank PCL,0.0067,Financials,TH,issuer
VWCE,2026-05-31,4958,Zhen Ding Technology Holding Ltd,0.0067,Technology,TW,issuer
VWCE,2026-05-31,SECUB,Securitas AB,0.0066,Industrials,SE,issuer
VWCE,2026-05-31,5876,Shanghai Commercial & Savings Bank Ltd/The,0.0066,Financials,TW,issuer
VWCE,2026-05-31,5332,TOTO Ltd,0.0066,Industrials,JP,issuer
VWCE,2026-05-31,5844,Kyoto Financial Group Inc,0.0066,Financials,JP,issuer
VWCE,2026-05-31,2002,China Steel Corp,0.0066,Basic Materials,TW,issuer
VWCE,2026-05-31,688,China Overseas Land & Investment Ltd,0.0066,Real Estate,HK,issuer
VWCE,2026-05-31,TRYG,Tryg A/S,0.0066,Financials,DK,issuer
VWCE,2026-05-31,1101,TCC Group Holdings Co Ltd,0.0066,Industrials,TW,issuer
VWCE,2026-05-31,BEI,Beiersdorf AG,0.0066,Consumer Staples,DE,issuer
VWCE,2026-05-31,4755,Rakuten Group Inc,0.0066,Technology,JP,issuer
VWCE,2026-05-31,ADP,Aeroports de Paris SA,0.0066,Industrials,FR,issuer
VWCE,2026-05-31,BIMBOA,Grupo Bimbo SAB de CV,0.0066,Consumer Staples,MX,issuer
VWCE,2026-05-31,GJF,Gjensidige Forsikring ASA,0.0066,Financials,NO,issuer
VWCE,2026-05-31,998,China CITIC Bank Corp Ltd,0.0066,Financials,HK,issuer
VWCE,2026-05-31,BJAUT,Bajaj Auto Ltd,0.0066,Consumer Discretionary,IN,issuer
VWCE,2026-05-31,CPN/F,Central Pattana PCL,0.0066,Real Estate,TH,issuer
VWCE,2026-05-31,2353,Acer Inc,0.0065,Technology,TW,issuer
VWCE,2026-05-31,RED,Redeia Corp SA,0.0065,Utilities,ES,issuer
VWCE,2026-05-31,HAG,Hensoldt AG,0.0065,Industrials,DE,issuer
VWCE,2026-05-31,GFL,GFL Environmental Inc,0.0065,Utilities,CA,issuer
VWCE,2026-05-31,688256,Cambricon Technologies Corp Ltd,0.0065,Technology,CN,issuer
VWCE,2026-05-31,2379,Realtek Semiconductor Corp,0.0065,Technology,TW,issuer
VWCE,2026-05-31,SPIE,SPIE SA,0.0065,Industrials,FR,issuer
VWCE,2026-05-31,HMB,H & M Hennes & Mauritz AB,0.0064,Consumer Discretionary,SE,issuer
VWCE,2026-05-31,FALAB,Falabella SA,0.0064,Consumer Discretionary,CL,issuer
VWCE,2026-05-31,IVN,Ivanhoe Mines Ltd,0.0064,Basic Materials,CA,issuer
VWCE,2026-05-31,CON,Continental AG,0.0064,Consumer Discretionary,DE,issuer
VWCE,2026-05-31,CAE,CAE Inc,0.0064,Industrials,CA,issuer
VWCE,2026-05-31,UNITDSPR,United Spirits Ltd,0.0064,Consumer Staples,IN,issuer
VWCE,2026-05-31,DCC,DCC PLC,0.0064,Industrials,GB,issuer
VWCE,2026-05-31,6645,Omron Corp,0.0064,Industrials,JP,issuer
VWCE,2026-05-31,4182,Mitsubishi Gas Chemical Co Inc,0.0064,Basic Materials,JP,issuer
VWCE,2026-05-31,VCX,Vicinity Ltd,0.0064,Real Estate,AU,issuer
VWCE,2026-05-31,601318,Ping An Insurance Group Co of China Ltd,0.0064,Financials,CN,issuer
VWCE,2026-05-31,1336,New China Life Insurance Co Ltd,0.0064,Financials,HK,issuer
VWCE,2026-05-31,LNW,Light & Wonder Inc,0.0064,Consumer Discretionary,AU,issuer
VWCE,2026-05-31,1177,Sino Biopharmaceutical Ltd,0.0064,Health Care,HK,issuer
VWCE,2026-05-31,EEC,Etihad Etisalat Co,0.0064,Telecommunications,SA,issuer
VWCE,2026-05-31,SABB,Saudi Awwal Bank,0.0064,Financials,SA,issuer
VWCE,2026-05-31,3231,Nomura Real Estate Holdings Inc,0.0064,Real Estate,JP,issuer
VWCE,2026-05-31,IPN,Ipsen SA,0.0063,Health Care,FR,issuer
VWCE,2026-05-31,2801,Kikkoman Corp,0.0063,Consumer Staples,JP,issuer
VWCE,2026-05-31,GGBR4,Gerdau SA,0.0063,Basic Materials,BR,issuer
VWCE,2026-05-31,DIVI,Divi's Laboratories Ltd,0.0063,Health Care,IN,issuer
VWCE,2026-05-31,3993,CMOC Group Ltd,0.0063,Basic Materials,HK,issuer
VWCE,2026-05-31,BSAN,Banco Santander Chile,0.0063,Financials,CL,issuer
VWCE,2026-05-31,002236,Zhejiang Dahua Technology Co Ltd,0.0063,Technology,CN,issuer
VWCE,2026-05-31,PPH,Pepkor Holdings Ltd,0.0063,Consumer Discretionary,ZA,issuer
VWCE,2026-05-31,6446,PharmaEssentia Corp,0.0063,Health Care,TW,issuer
VWCE,2026-05-31,DLFU,DLF Ltd,0.0062,Real Estate,IN,issuer
VWCE,2026-05-31,3034,Novatek Microelectronics Corp,0.0062,Technology,TW,issuer
VWCE,2026-05-31,6618,JD Health International Inc,0.0062,Consumer Staples,HK,issuer
VWCE,2026-05-31,ADDTB,AddTech AB,0.0062,Industrials,SE,issuer
VWCE,2026-05-31,CIBEST,Grupo Cibest SA,0.0062,Financials,CO,issuer
VWCE,2026-05-31,002594,BYD Co Ltd,0.0062,Consumer Discretionary,CN,issuer
VWCE,2026-05-31,SSABB,SSAB AB,0.0062,Basic Materials,SE,issuer
VWCE,2026-05-31,9005,Tokyu Corp,0.0062,Consumer Discretionary,JP,issuer
VWCE,2026-05-31,4204,Sekisui Chemical Co Ltd,0.0062,Consumer Discretionary,JP,issuer
VWCE,2026-05-31,DIE,D'ieteren Group,0.0062,Consumer Discretionary,BE,issuer
VWCE,2026-05-31,LTM,Latam Airlines Group SA,0.0061,Consumer Discretionary,CL,issuer
VWCE,2026-05-31,AZJ,Aurizon Holdings Ltd,0.0061,Industrials,AU,issuer
VWCE,2026-05-31,BDMS/F,Bangkok Dusit Medical Services PCL,0.0061,Health Care,TH,issuer
VWCE,2026-05-31,8729,Sony Financial Group Inc,0.0061,Financials,JP,issuer
VWCE,2026-05-31,CTEC,Convatec Group PLC,0.0061,Health Care,GB,issuer
VWCE,2026-05-31,STERV,Stora Enso Oyj,0.0061,Basic Materials,FI,issuer
VWCE,2026-05-31,9843,Nitori Holdings Co Ltd,0.0061,Consumer Discretionary,JP,issuer
VWCE,2026-05-31,SUEL,Suzlon Energy Ltd,0.0061,Energy,IN,issuer
VWCE,2026-05-31,YMM,Full Truck Alliance Co Ltd,0.0061,Industrials,US,issuer
VWCE,2026-05-31,APA,APA Group,0.0061,Energy,AU,issuer
VWCE,2026-05-31,AZRG,Azrieli Group Ltd,0.0061,Real Estate,IL,issuer
VWCE,2026-05-31,BRBY,Burberry Group PLC,0.006,Consumer Discretionary,GB,issuer
VWCE,2026-05-31,SCB/F,SCB X PCL,0.006,Financials,TH,issuer
VWCE,2026-05-31,9501,Tokyo Electric Power Co Holdings Inc,0.006,Utilities,JP,issuer
VWCE,2026-05-31,AOT/F,Airports of Thailand PCL,0.006,Industrials,TH,issuer
VWCE,2026-05-31,GAIL,GAIL India Ltd,0.006,Energy,IN,issuer
VWCE,2026-05-31,BCE,BCE Inc,0.006,Telecommunications,CA,issuer
VWCE,2026-05-31,LUG,Lundin Gold Inc,0.006,Basic Materials,CA,issuer
VWCE,2026-05-31,5333,NGK Corp,0.006,Industrials,JP,issuer
VWCE,2026-05-31,SBILIFE,SBI Life Insurance Co Ltd,0.006,Financials,IN,issuer
VWCE,2026-05-31,MGR,Mirvac Group,0.006,Real Estate,AU,issuer
VWCE,2026-05-31,RAA,Rational AG,0.006,Consumer Discretionary,DE,issuer
VWCE,2026-05-31,SDG,SD Guthrie Bhd,0.006,Consumer Staples,MY,issuer
VWCE,2026-05-31,MAXHEALT,Max Healthcare Institute Ltd,0.0059,Health Care,IN,issuer
VWCE,2026-05-31,601995,China International Capital Corp Ltd,0.0059,Financials,CN,issuer
VWCE,2026-05-31,MOTV3,Motiva Infraestrutura de Mobilidade SA,0.0059,Industrials,BR,issuer
VWCE,2026-05-31,JMT,Jeronimo Martins SGPS SA,0.0059,Consumer Staples,PT,issuer
VWCE,2026-05-31,SPX,Spirax Group PLC,0.0059,Industrials,GB,issuer
VWCE,2026-05-31,600600,Tsingtao Brewery Co Ltd,0.0059,Consumer Staples,CN,issuer
VWCE,2026-05-31,600999,China Merchants Securities Co Ltd,0.0059,Financials,CN,issuer
VWCE,2026-05-31,1590,Airtac International Group,0.0059,Industrials,TW,issuer
VWCE,2026-05-31,IHH,IHH Healthcare Bhd,0.0059,Health Care,MY,issuer
VWCE,2026-05-31,RYA,Ryanair Holdings PLC,0.0059,Consumer Discretionary,IE,issuer
VWCE,2026-05-31,1339,People's Insurance Co Group of China Ltd/The,0.0059,Financials,HK,issuer
VWCE,2026-05-31,2319,China Mengniu Dairy Co Ltd,0.0059,Consumer Staples,HK,issuer
VWCE,2026-05-31,603993,CMOC Group Ltd,0.0059,Basic Materials,CN,issuer
VWCE,2026-05-31,8953,Japan Metropolitan Fund Invest,0.0058,Real Estate,JP,issuer
VWCE,2026-05-31,ASURB,Grupo Aeroportuario del Sureste SAB de CV,0.0058,Industrials,MX,issuer
VWCE,2026-05-31,ELISA,Elisa Oyj,0.0058,Telecommunications,FI,issuer
VWCE,2026-05-31,4091,Nippon Sanso Holdings Corp,0.0058,Basic Materials,JP,issuer
VWCE,2026-05-31,TATACONS,Tata Consumer Products Ltd,0.0058,Consumer Staples,IN,issuer
VWCE,2026-05-31,2POINTZE,Two Point Zero Group PJSC,0.0058,Financials,AE,issuer
VWCE,2026-05-31,000725,BOE Technology Group Co Ltd,0.0058,Technology,CN,issuer
VWCE,2026-05-31,018260,Samsung SDS Co Ltd,0.0058,Technology,KR,issuer
VWCE,2026-05-31,RADL3,Raia Drogasil SA,0.0058,Consumer Staples,BR,issuer
VWCE,2026-05-31,2331,Li Ning Co Ltd,0.0058,Consumer Discretionary,HK,issuer
VWCE,2026-05-31,GVTD,GE Vernova T&D India Ltd,0.0058,Industrials,IN,issuer
VWCE,2026-05-31,300502,Eoptolink Technology Inc Ltd,0.0058,Telecommunications,CN,issuer
VWCE,2026-05-31,3861,Oji Holdings Corp,0.0058,Basic Materials,JP,issuer
VWCE,2026-05-31,1326,Formosa Chemicals & Fibre Corp,0.0058,Basic Materials,TW,issuer
VWCE,2026-05-31,PAYTM,One 97 Communications Ltd,0.0058,Industrials,IN,issuer
VWCE,2026-05-31,LPP,LPP SA,0.0058,Consumer Discretionary,PL,issuer
VWCE,2026-05-31,TVSL,TVS Motor Co Ltd,0.0058,Consumer Discretionary,IN,issuer
VWCE,2026-05-31,2404,United Integrated Services Co Ltd,0.0058,Industrials,TW,issuer
VWCE,2026-05-31,1963,JGC Holdings Corp,0.0057,Industrials,JP,issuer
VWCE,2026-05-31,CMIG4,Cia Energetica de Minas Gerais,0.0057,Utilities,BR,issuer
VWCE,2026-05-31,BARN,Barry Callebaut AG,0.0057,Consumer Staples,CH,issuer
VWCE,2026-05-31,ABF,Associated British Foods PLC,0.0057,Consumer Staples,GB,issuer
VWCE,2026-05-31,EMSN,EMS-Chemie Holding AG,0.0057,Basic Materials,CH,issuer
VWCE,2026-05-31,SGP,Stockland,0.0057,Real Estate,AU,issuer
VWCE,2026-05-31,DIB,Dubai Islamic Bank PJSC,0.0057,Financials,AE,issuer
VWCE,2026-05-31,3088,MatsukiyoCocokara & Co,0.0057,Consumer Staples,JP,issuer
VWCE,2026-05-31,,Engie SA,0.0057,,FR,issuer
VWCE,2026-05-31,9147,NIPPON EXPRESS HOLDINGS INC,0.0057,Industrials,JP,issuer
VWCE,2026-05-31,83,Sino Land Co Ltd,0.0057,Real Estate,HK,issuer
VWCE,2026-05-31,A2A,A2A SpA,0.0057,Utilities,IT,issuer
VWCE,2026-05-31,AUTO,Autotrader Group PLC,0.0057,Technology,GB,issuer
VWCE,2026-05-31,CPR,Davide Campari-Milano NV,0.0057,Consumer Staples,IT,issuer
VWCE,2026-05-31,BPCL,Bharat Petroleum Corp Ltd,0.0057,Energy,IN,issuer
VWCE,2026-05-31,6965,Hamamatsu Photonics KK,0.0057,Technology,JP,issuer
VWCE,2026-05-31,RICHT,Richter Gedeon Nyrt,0.0057,Health Care,HU,issuer
VWCE,2026-05-31,BCI,Banco de Credito e Inversiones SA,0.0057,Financials,CL,issuer
VWCE,2026-05-31,EXO,EXOR NV,0.0057,Financials,NL,issuer
VWCE,2026-05-31,BJFIN,Bajaj Finserv Ltd,0.0057,Financials,IN,issuer
VWCE,2026-05-31,NICE,Nice Ltd,0.0056,Technology,IL,issuer
VWCE,2026-05-31,AVOL,Avolta AG,0.0056,Consumer Discretionary,CH,issuer
VWCE,2026-05-31,7911,TOPPAN Holdings Inc,0.0056,Industrials,JP,issuer
VWCE,2026-05-31,2611,Guotai Junan Securities Co Ltd,0.0056,Financials,HK,issuer
VWCE,2026-05-31,9660,Horizon Robotics,0.0056,Technology,HK,issuer
VWCE,2026-05-31,EVD,CTS Eventim AG & Co KGaA,0.0056,Consumer Discretionary,DE,issuer
VWCE,2026-05-31,KGF,Kingfisher PLC,0.0056,Consumer Discretionary,GB,issuer
VWCE,2026-05-31,20,SenseTime Group Inc,0.0056,Technology,HK,issuer
VWCE,2026-05-31,IDR,Indra Sistemas SA,0.0056,Technology,ES,issuer
VWCE,2026-05-31,VEDL,Vedanta Ltd,0.0056,Basic Materials,IN,issuer
VWCE,2026-05-31,ORDS,Ooredoo QPSC,0.0056,Telecommunications,QA,issuer
VWCE,2026-05-31,CTC/A,Canadian Tire Corp Ltd,0.0055,Consumer Discretionary,CA,issuer
VWCE,2026-05-31,SCR,SCOR SE,0.0055,Financials,FR,issuer
VWCE,2026-05-31,SIA,Singapore Airlines Ltd,0.0055,Consumer Discretionary,SG,issuer
VWCE,2026-05-31,SQN,Swissquote Group Holding SA,0.0055,Financials,CH,issuer
VWCE,2026-05-31,GCPL,Godrej Consumer Products Ltd,0.0055,Consumer Staples,IN,issuer
VWCE,2026-05-31,015760,Korea Electric Power Corp,0.0055,Utilities,KR,issuer
VWCE,2026-05-31,JINDALST,Jindal Steel Ltd,0.0055,Basic Materials,IN,issuer
VWCE,2026-05-31,6005,Capital Securities Corp,0.0055,Financials,TW,issuer
VWCE,2026-05-31,7309,Shimano Inc,0.0055,Consumer Discretionary,JP,issuer
VWCE,2026-05-31,CEZ,CEZ AS,0.0055,Utilities,CZ,issuer
VWCE,2026-05-31,AAK,AAK AB,0.0054,Consumer Staples,SE,issuer
VWCE,2026-05-31,603259,WuXi AppTec Co Ltd,0.0054,Health Care,CN,issuer
VWCE,2026-05-31,1402,Far Eastern New Century Corp,0.0054,Industrials,TW,issuer
VWCE,2026-05-31,RHC,Ramsay Health Care Ltd,0.0054,Health Care,AU,issuer
VWCE,2026-05-31,BBAS3,Banco do Brasil SA,0.0054,Financials,BR,issuer
VWCE,2026-05-31,FUNO11,Fibra Uno Administracion SA de CV,0.0054,Real Estate,MX,issuer
VWCE,2026-05-31,CAMT,Camtek Ltd/Israel,0.0054,Technology,IL,issuer
VWCE,2026-05-31,HMCL,Hero MotoCorp Ltd,0.0054,Consumer Discretionary,IN,issuer
VWCE,2026-05-31,G24,Scout24 SE,0.0054,Technology,DE,issuer
VWCE,2026-05-31,OTEX,Open Text Corp,0.0054,Technology,CA,issuer
VWCE,2026-05-31,3036,WT Microelectronics Co Ltd,0.0054,Technology,TW,issuer
VWCE,2026-05-31,3099,Isetan Mitsukoshi Holdings Ltd,0.0054,Consumer Discretionary,JP,issuer
VWCE,2026-05-31,MAERSKA,AP Moller - Maersk A/S,0.0054,Industrials,DK,issuer
VWCE,2026-05-31,BMW3,Bayerische Motoren Werke AG,0.0054,Consumer Discretionary,DE,issuer
VWCE,2026-05-31,SBRY,J Sainsbury PLC,0.0054,Consumer Staples,GB,issuer
VWCE,2026-05-31,3529,eMemory Technology Inc,0.0054,Technology,TW,issuer
VWCE,2026-05-31,6488,Globalwafers Co Ltd,0.0054,Technology,TW,issuer
VWCE,2026-05-31,7201,Nissan Motor Co Ltd,0.0054,Consumer Discretionary,JP,issuer
VWCE,2026-05-31,ENEV3,Eneva SA,0.0053,Utilities,BR,issuer
VWCE,2026-05-31,ADNOCDIS,Abu Dhabi National Oil Co for Distribution PJSC,0.0053,Energy,AE,issuer
VWCE,2026-05-31,POWF,Power Finance Corp Ltd,0.0053,Financials,IN,issuer
VWCE,2026-05-31,MTLN,Metlen Energy & Metals PLC,0.0053,Utilities,GB,issuer
VWCE,2026-05-31,EBP,Erste Bank Polska SA,0.0053,Financials,PL,issuer
VWCE,2026-05-31,GFINBURO,Grupo Financiero Inbursa SAB de CV,0.0053,Financials,MX,issuer
VWCE,2026-05-31,MLSR,Melisron Ltd,0.0053,Real Estate,IL,issuer
VWCE,2026-05-31,COFORGE,Coforge Ltd,0.0053,Technology,IN,issuer
VWCE,2026-05-31,9962,MISUMI Group Inc,0.0053,Industrials,JP,issuer
VWCE,2026-05-31,007660,IsuPetasys Co Ltd,0.0053,Technology,KR,issuer
VWCE,2026-05-31,DIXON,Dixon Technologies India Ltd,0.0052,Consumer Discretionary,IN,issuer
VWCE,2026-05-31,ASX,ASX Ltd,0.0052,Financials,AU,issuer
VWCE,2026-05-31,QAN,Qantas Airways Ltd,0.0052,Consumer Discretionary,AU,issuer
VWCE,2026-05-31,AL,Ashok Leyland Ltd,0.0052,Industrials,IN,issuer
VWCE,2026-05-31,2633,Taiwan High Speed Rail Corp,0.0052,Industrials,TW,issuer
VWCE,2026-05-31,9626,Bilibili Inc,0.0052,Technology,HK,issuer
VWCE,2026-05-31,ALO,Alstom SA,0.0052,Industrials,FR,issuer
VWCE,2026-05-31,6415,Silergy Corp,0.0052,Technology,TW,issuer
VWCE,2026-05-31,3563,Food & Life Cos Ltd,0.0052,Consumer Discretionary,JP,issuer
VWCE,2026-05-31,272210,Hanwha Systems Co Ltd,0.0052,Industrials,KR,issuer
VWCE,2026-05-31,8963,Invincible Investment Corp,0.0051,Real Estate,JP,issuer
VWCE,2026-05-31,SMPH,SM Prime Holdings Inc,0.0051,Real Estate,PH,issuer
VWCE,2026-05-31,2875,Toyo Suisan Kaisha Ltd,0.0051,Consumer Staples,JP,issuer
VWCE,2026-05-31,600276,Jiangsu Hengrui Pharmaceuticals Co Ltd,0.0051,Health Care,CN,issuer
VWCE,2026-05-31,CBQK,Commercial Bank PSQC/The,0.0051,Financials,QA,issuer
VWCE,2026-05-31,SHBB,Svenska Handelsbanken AB,0.0051,Financials,SE,issuer
VWCE,2026-05-31,IG,Italgas SpA,0.0051,Utilities,IT,issuer
VWCE,2026-05-31,5201,AGC Inc,0.0051,Industrials,JP,issuer
VWCE,2026-05-31,COH,Cochlear Ltd,0.0051,Health Care,AU,issuer
VWCE,2026-05-31,VIVT3,Telefonica Brasil SA,0.0051,Telecommunications,BR,issuer
VWCE,2026-05-31,1818,Zhaojin Mining Industry Co Ltd,0.0051,Basic Materials,HK,issuer
VWCE,2026-05-31,SYENS,Syensqo SA,0.0051,Basic Materials,BE,issuer
VWCE,2026-05-31,R3NK,RENK Group AG,0.0051,Industrials,DE,issuer
VWCE,2026-05-31,VSNT,Versant Media Group Inc,0.0051,Consumer Discretionary,US,issuer
VWCE,2026-05-31,GF,Georg Fischer AG,0.0051,Industrials,CH,issuer
VWCE,2026-05-31,6239,Powertech Technology Inc,0.0051,Technology,TW,issuer
VWCE,2026-05-31,TEMN,Temenos AG,0.0051,Technology,CH,issuer
VWCE,2026-05-31,2610,China Airlines Ltd,0.0051,Consumer Discretionary,TW,issuer
VWCE,2026-05-31,CLS,Clicks Group Ltd,0.0051,Consumer Staples,ZA,issuer
VWCE,2026-05-31,002475,Luxshare Precision Industry Co Ltd,0.005,Consumer Discretionary,CN,issuer
VWCE,2026-05-31,BRIT,Britannia Industries Ltd,0.005,Consumer Staples,IN,issuer
VWCE,2026-05-31,601328,Bank of Communications Co Ltd,0.005,Financials,CN,issuer
VWCE,2026-05-31,BIM,BioMerieux,0.005,Health Care,FR,issuer
VWCE,2026-05-31,CIFC,Cholamandalam Investment and Finance Co Ltd,0.005,Financials,IN,issuer
VWCE,2026-05-31,8952,Japan Real Estate Investment Corp,0.005,Real Estate,JP,issuer
VWCE,2026-05-31,HWDN,Howden Joinery Group PLC,0.005,Consumer Discretionary,GB,issuer
VWCE,2026-05-31,T,TELUS Corp,0.005,Telecommunications,CA,issuer
VWCE,2026-05-31,1942,Kandenko Co Ltd,0.005,Industrials,JP,issuer
VWCE,2026-05-31,KOFUBL,Coca-Cola Femsa SAB de CV,0.005,Consumer Staples,MX,issuer
VWCE,2026-05-31,NWS,News Corp,0.005,Consumer Discretionary,US,issuer
VWCE,2026-05-31,TOTS3,TOTVS SA,0.0049,Technology,BR,issuer
VWCE,2026-05-31,TUPRS,Turkiye Petrol Rafinerileri AS,0.0049,Energy,TR,issuer
VWCE,2026-05-31,1308,SITC International Holdings Co Ltd,0.0049,Industrials,HK,issuer
VWCE,2026-05-31,YZJSGD,Yangzijiang Shipbuilding Holdings Ltd,0.0049,Industrials,SG,issuer
VWCE,2026-05-31,9107,Kawasaki Kisen Kaisha Ltd,0.0049,Industrials,JP,issuer
VWCE,2026-05-31,BOUBYAN,Boubyan Bank KSCP,0.0049,Financials,KW,issuer
VWCE,2026-05-31,AM,Dassault Aviation SA,0.0049,Industrials,FR,issuer
VWCE,2026-05-31,601398,Industrial & Commercial Bank of China Ltd,0.0049,Financials,CN,issuer
VWCE,2026-05-31,LIFCOB,Lifco AB,0.0048,Industrials,SE,issuer
VWCE,2026-05-31,TAL,TAL Education Group,0.0048,Consumer Discretionary,US,issuer
VWCE,2026-05-31,3659,Nexon Co Ltd,0.0048,Consumer Discretionary,JP,issuer
VWCE,2026-05-31,NIBEB,Nibe Industrier AB,0.0048,Industrials,SE,issuer
VWCE,2026-05-31,2603,Evergreen Marine Corp Taiwan Ltd,0.0048,Industrials,TW,issuer
VWCE,2026-05-31,8012,Nagase & Co Ltd,0.0048,Basic Materials,JP,issuer
VWCE,2026-05-31,1772,Ganfeng Lithium Group Co Ltd,0.0048,Basic Materials,HK,issuer
VWCE,2026-05-31,5347,Vanguard International Semiconductor Corp,0.0048,Technology,TW,issuer
VWCE,2026-05-31,YES,Yes Bank Ltd,0.0048,Financials,IN,issuer
VWCE,2026-05-31,LUV,Southwest Airlines Co,0.0048,Consumer Discretionary,US,issuer
VWCE,2026-05-31,1878,Daito Trust Construction Co Ltd,0.0048,Real Estate,JP,issuer
VWCE,2026-05-31,DEWA,Dubai Electricity & Water Authority PJSC,0.0048,Utilities,AE,issuer
VWCE,2026-05-31,836,China Resources Power Holdings Co Ltd,0.0048,Utilities,HK,issuer
VWCE,2026-05-31,MAXF,Max Financial Services Ltd,0.0047,Financials,IN,issuer
VWCE,2026-05-31,4689,LY Corp,0.0047,Technology,JP,issuer
VWCE,2026-05-31,DSTKF,Destek Finans Faktoring AS,0.0047,Financials,TR,issuer
VWCE,2026-05-31,ENT,Entain PLC,0.0047,Consumer Discretionary,GB,issuer
VWCE,2026-05-31,1944,Kinden Corp,0.0047,Industrials,JP,issuer
VWCE,2026-05-31,SALM,Salmar ASA,0.0047,Consumer Staples,NO,issuer
VWCE,2026-05-31,3328,Bank of Communications Co Ltd,0.0047,Financials,HK,issuer
VWCE,2026-05-31,ASII,Astra International Tbk PT,0.0047,Consumer Discretionary,ID,issuer
VWCE,2026-05-31,600918,Zhongtai Securities Co Ltd,0.0047,Financials,CN,issuer
VWCE,2026-05-31,000783,Changjiang Securities Co Ltd,0.0047,Financials,CN,issuer
VWCE,2026-05-31,HUB,HUB24 Ltd,0.0047,Financials,AU,issuer
VWCE,2026-05-31,BUPA,Bupa Arabia for Cooperative Insurance Co,0.0047,Financials,SA,issuer
VWCE,2026-05-31,SCHN,Schindler Holding AG,0.0047,Industrials,CH,issuer
VWCE,2026-05-31,SUZB3,Suzano SA,0.0047,Basic Materials,BR,issuer
VWCE,2026-05-31,601288,Agricultural Bank of China Ltd,0.0046,Financials,CN,issuer
VWCE,2026-05-31,2618,Eva Airways Corp,0.0046,Consumer Discretionary,TW,issuer
VWCE,2026-05-31,IOCL,Indian Oil Corp Ltd,0.0046,Energy,IN,issuer
VWCE,2026-05-31,WDP,Warehouses De Pauw CVA,0.0046,Real Estate,BE,issuer
VWCE,2026-05-31,3281,GLP J-Reit,0.0046,Real Estate,JP,issuer
VWCE,2026-05-31,GMD,Genesis Minerals Ltd,0.0046,Basic Materials,AU,issuer
VWCE,2026-05-31,9042,Hankyu Hanshin Holdings Inc,0.0046,Industrials,JP,issuer
VWCE,2026-05-31,TUB,Financiere de Tubize SA,0.0046,Health Care,BE,issuer
VWCE,2026-05-31,Z,Zillow Group Inc,0.0046,Real Estate,US,issuer
VWCE,2026-05-31,8341,77 Bank Ltd/The,0.0046,Financials,JP,issuer
VWCE,2026-05-31,2409,AUO Corp,0.0046,Technology,TW,issuer
VWCE,2026-05-31,1919,COSCO SHIPPING Holdings Co Ltd,0.0046,Industrials,HK,issuer
VWCE,2026-05-31,KOMB,Komercni Banka AS,0.0046,Financials,CZ,issuer
VWCE,2026-05-31,NRP,NEPI Rockcastle NV,0.0046,Real Estate,ZA,issuer
VWCE,2026-05-31,2845,Far Eastern International Bank,0.0046,Financials,TW,issuer
VWCE,2026-05-31,HTO,Hellenic Telecommunications Organization SA,0.0046,Telecommunications,GR,issuer
VWCE,2026-05-31,IDFCFB,IDFC First Bank Ltd,0.0046,Financials,IN,issuer
VWCE,2026-05-31,8377,Hokuhoku Financial Group Inc,0.0046,Financials,JP,issuer
VWCE,2026-05-31,WTB,Whitbread PLC,0.0046,Consumer Discretionary,GB,issuer
VWCE,2026-05-31,WPRO,Wipro Ltd,0.0045,Technology,IN,issuer
VWCE,2026-05-31,086280,Hyundai Glovis Co Ltd,0.0045,Industrials,KR,issuer
VWCE,2026-05-31,3105,Win Semiconductors Corp,0.0045,Technology,TW,issuer
VWCE,2026-05-31,2359,WuXi AppTec Co Ltd,0.0045,Health Care,HK,issuer
VWCE,2026-05-31,ISB,Islandsbanki HF,0.0045,Financials,IS,issuer
VWCE,2026-05-31,1888,Kingboard Laminates Holdings Ltd,0.0045,Technology,HK,issuer
VWCE,2026-05-31,005830,DB Insurance Co Ltd,0.0045,Financials,KR,issuer
VWCE,2026-05-31,MGOR,Mega Or Holdings Ltd,0.0045,Industrials,IL,issuer
VWCE,2026-05-31,1171,Yankuang Energy Group Co Ltd,0.0045,Energy,HK,issuer
VWCE,2026-05-31,COMI,Commercial International Bank - Egypt (CIB),0.0045,Financials,EG,issuer
VWCE,2026-05-31,WOR,Worley Ltd,0.0045,Industrials,AU,issuer
VWCE,2026-05-31,148,Kingboard Holdings Ltd,0.0044,Basic Materials,HK,issuer
VWCE,2026-05-31,4088,Air Water Inc,0.0044,Basic Materials,JP,issuer
VWCE,2026-05-31,RMS,Ramelius Resources Ltd,0.0044,Basic Materials,AU,issuer
VWCE,2026-05-31,SAGAB,Sagax AB,0.0044,Real Estate,SE,issuer
VWCE,2026-05-31,REA,REA Group Ltd,0.0044,Real Estate,AU,issuer
VWCE,2026-05-31,9143,SG Holdings Co Ltd,0.0044,Industrials,JP,issuer
VWCE,2026-05-31,7261,Mazda Motor Corp,0.0044,Consumer Discretionary,JP,issuer
VWCE,2026-05-31,KCHOL,KOC Holding AS,0.0044,Energy,TR,issuer
VWCE,2026-05-31,3533,Lotes Co Ltd,0.0044,Technology,TW,issuer
VWCE,2026-05-31,TW/,Taylor Wimpey PLC,0.0044,Consumer Discretionary,GB,issuer
VWCE,2026-05-31,INDUA,Industrivarden AB,0.0044,Financials,SE,issuer
VWCE,2026-05-31,000088,Shenzhen Yan Tian Port Holding Co Ltd,0.0044,Industrials,CN,issuer
VWCE,2026-05-31,SRF,SRF Ltd,0.0044,Basic Materials,IN,issuer
VWCE,2026-05-31,5711,Mitsubishi Materials Corp,0.0044,Industrials,JP,issuer
VWCE,2026-05-31,RAIL3,Rumo SA,0.0044,Industrials,BR,issuer
VWCE,2026-05-31,AKBNK,Akbank TAS,0.0044,Financials,TR,issuer
VWCE,2026-05-31,006260,LS Corp,0.0044,Industrials,KR,issuer
VWCE,2026-05-31,FIBI,First International Bank Of Israel Ltd/The,0.0044,Financials,IL,issuer
VWCE,2026-05-31,138040,Meritz Financial Group Inc,0.0044,Financials,KR,issuer
VWCE,2026-05-31,1911,Sumitomo Forestry Co Ltd,0.0044,Consumer Discretionary,JP,issuer
VWCE,2026-05-31,CGF,Challenger Ltd,0.0043,Financials,AU,issuer
VWCE,2026-05-31,4183,Mitsui Chemicals Inc,0.0043,Basic Materials,JP,issuer
VWCE,2026-05-31,601633,Great Wall Motor Co Ltd,0.0043,Consumer Discretionary,CN,issuer
VWCE,2026-05-31,LAURUS,Laurus Labs Ltd,0.0043,Health Care,IN,issuer
VWCE,2026-05-31,DIM,Sartorius Stedim Biotech,0.0043,Health Care,FR,issuer
VWCE,2026-05-31,CAST,Castellum AB,0.0043,Real Estate,SE,issuer
VWCE,2026-05-31,SDR,Schroders PLC,0.0043,Financials,GB,issuer
VWCE,2026-05-31,PSN,Persimmon PLC,0.0043,Consumer Discretionary,GB,issuer
VWCE,2026-05-31,2099,China Gold International Resources Corp Ltd,0.0043,Basic Materials,HK,issuer
VWCE,2026-05-31,66,MTR Corp Ltd,0.0043,Industrials,HK,issuer
VWCE,2026-05-31,8985,Japan Hotel REIT Investment Corp,0.0043,Real Estate,JP,issuer
VWCE,2026-05-31,6770,Alps Alpine Co Ltd,0.0042,Technology,JP,issuer
VWCE,2026-05-31,2313,Shenzhou International Group Holdings Ltd,0.0042,Consumer Discretionary,HK,issuer
VWCE,2026-05-31,CEN,Contact Energy Ltd,0.0042,Utilities,NZ,issuer
VWCE,2026-05-31,003670,POSCO Future M Co Ltd,0.0042,Basic Materials,KR,issuer
VWCE,2026-05-31,GENS,Genting Singapore Ltd,0.0042,Consumer Discretionary,SG,issuer
VWCE,2026-05-31,EVK,Evonik Industries AG,0.0042,Basic Materials,DE,issuer
VWCE,2026-05-31,259960,Krafton Inc,0.0042,Consumer Discretionary,KR,issuer
VWCE,2026-05-31,ADNOCDRI,ADNOC Drilling Co PJSC,0.0042,Energy,AE,issuer
VWCE,2026-05-31,AMM,AMMB Holdings Bhd,0.0042,Financials,MY,issuer
VWCE,2026-05-31,XYZ,Block Inc,0.0042,Industrials,AU,issuer
VWCE,2026-05-31,MCX,Multi Commodity Exchange of India Ltd,0.0042,Financials,IN,issuer
VWCE,2026-05-31,1530,3SBio Inc,0.0042,Health Care,HK,issuer
VWCE,2026-05-31,ZEG,Zegona Communications plc,0.0042,Telecommunications,GB,issuer
VWCE,2026-05-31,CWY,Cleanaway Waste Management Ltd,0.0041,Utilities,AU,issuer
VWCE,2026-05-31,9904,Pou Chen Corp,0.0041,Consumer Discretionary,TW,issuer
VWCE,2026-05-31,8069,E Ink Holdings Inc,0.0041,Technology,TW,issuer
VWCE,2026-05-31,BIG,Big Shopping Centers Ltd,0.0041,Real Estate,IL,issuer
VWCE,2026-05-31,BZ,Kanzhun Ltd,0.0041,Industrials,US,issuer
VWCE,2026-05-31,ADANIENS,Adani Energy Solutions Ltd,0.0041,Utilities,IN,issuer
VWCE,2026-05-31,SOF,Sofina SA,0.0041,Financials,BE,issuer
VWCE,2026-05-31,601857,PetroChina Co Ltd,0.0041,Energy,CN,issuer
VWCE,2026-05-31,ALBI,Bank AlBilad,0.0041,Financials,SA,issuer
VWCE,2026-05-31,600267,Zhejiang Hisun Pharmaceutical Co Ltd,0.0041,Health Care,CN,issuer
VWCE,2026-05-31,POLYCAB,Polycab India Ltd,0.0041,Industrials,IN,issuer
VWCE,2026-05-31,ICICIGI,ICICI Lombard General Insurance Co Ltd,0.0041,Financials,IN,issuer
VWCE,2026-05-31,7282,Toyoda Gosei Co Ltd,0.004,Consumer Discretionary,JP,issuer
VWCE,2026-05-31,BOS,Bosch Ltd,0.004,Consumer Discretionary,IN,issuer
VWCE,2026-05-31,VALMT,Valmet Oyj,0.004,Industrials,FI,issuer
VWCE,2026-05-31,ICL,ICL Group Ltd,0.004,Basic Materials,IL,issuer
VWCE,2026-05-31,INFOE,Info Edge India Ltd,0.004,Technology,IN,issuer
VWCE,2026-05-31,600487,Hengtong Optic-electric Co Ltd,0.004,Industrials,CN,issuer
VWCE,2026-05-31,AYV,Ayvens SA,0.004,Consumer Discretionary,FR,issuer
VWCE,2026-05-31,BKG,Berkeley Group Holdings PLC,0.004,Consumer Discretionary,GB,issuer
VWCE,2026-05-31,TEVA,Teva Pharmaceutical Industries Ltd,0.004,Health Care,US,issuer
VWCE,2026-05-31,277810,Rainbow Robotics,0.004,Industrials,KR,issuer
VWCE,2026-05-31,002352,SF Holding Co Ltd,0.004,Industrials,CN,issuer
VWCE,2026-05-31,1928,Sands China Ltd,0.004,Consumer Discretionary,HK,issuer
VWCE,2026-05-31,COPEC,Empresas Copec SA,0.004,Energy,CL,issuer
VWCE,2026-05-31,9880,UBTech Robotics Corp Ltd,0.004,Industrials,HK,issuer
VWCE,2026-05-31,CPLE3,Cia Paranaense de Energia - Copel,0.004,Utilities,BR,issuer
VWCE,2026-05-31,2331,ALSOK Co Ltd,0.004,Industrials,JP,issuer
VWCE,2026-05-31,1102,Asia Cement Corp,0.004,Industrials,TW,issuer
VWCE,2026-05-31,ARNB,Arab National Bank,0.004,Financials,SA,issuer
VWCE,2026-05-31,6370,Kurita Water Industries Ltd,0.004,Industrials,JP,issuer
VWCE,2026-05-31,390,China Railway Group Ltd,0.004,Industrials,HK,issuer
VWCE,2026-05-31,9072,Nikkon Holdings Co Ltd,0.004,Industrials,JP,issuer
VWCE,2026-05-31,2018,AAC Technologies Holdings Inc,0.004,Technology,HK,issuer
VWCE,2026-05-31,601166,Industrial Bank Co Ltd,0.004,Financials,CN,issuer
VWCE,2026-05-31,WHC,Whitehaven Coal Ltd,0.0039,Energy,AU,issuer
VWCE,2026-05-31,601108,Caitong Securities Co Ltd,0.0039,Financials,CN,issuer
VWCE,2026-05-31,8136,Sanrio Co Ltd,0.0039,Consumer Discretionary,JP,issuer
VWCE,2026-05-31,096770,SK Innovation Co Ltd,0.0039,Energy,KR,issuer
VWCE,2026-05-31,000338,Weichai Power Co Ltd,0.0039,Industrials,CN,issuer
VWCE,2026-05-31,2269,MEIJI Holdings Co Ltd,0.0039,Consumer Staples,JP,issuer
VWCE,2026-05-31,1808,Haseko Corp,0.0039,Consumer Discretionary,JP,issuer
VWCE,2026-05-31,9508,Kyushu Electric Power Co Inc,0.0039,Utilities,JP,issuer
VWCE,2026-05-31,EDPR,EDP Renewables SA,0.0039,Utilities,PT,issuer
VWCE,2026-05-31,5214,Nippon Electric Glass Co Ltd,0.0039,Technology,JP,issuer
VWCE,2026-05-31,6532,BayCurrent Inc,0.0039,Industrials,JP,issuer
VWCE,2026-05-31,MGDL,Migdal Insurance & Financial Holdings Ltd,0.0038,Financials,IL,issuer
VWCE,2026-05-31,601688,Huatai Securities Co Ltd,0.0038,Financials,CN,issuer
VWCE,2026-05-31,601878,Zheshang Securities Co Ltd,0.0038,Financials,CN,issuer
VWCE,2026-05-31,097955,CJ CheilJedang Corp,0.0038,Consumer Staples,KR,issuer
VWCE,2026-05-31,MNDI,Mondi PLC,0.0038,Industrials,GB,issuer
VWCE,2026-05-31,HAVL,Havells India Ltd,0.0038,Industrials,IN,issuer
VWCE,2026-05-31,1766,CRRC Corp Ltd,0.0038,Industrials,HK,issuer
VWCE,2026-05-31,002384,Suzhou Dongshan Precision Manufacturing Co Ltd,0.0038,Basic Materials,CN,issuer
VWCE,2026-05-31,MALLPLAZ,Plaza SA,0.0038,Real Estate,CL,issuer
VWCE,2026-05-31,TCELL,Turkcell Iletisim Hizmetleri AS,0.0038,Telecommunications,TR,issuer
VWCE,2026-05-31,000166,Shenwan Hongyuan Group Co Ltd,0.0038,Financials,CN,issuer
VWCE,2026-05-31,WTC,WiseTech Global Ltd,0.0038,Technology,AU,issuer
VWCE,2026-05-31,BZU,Buzzi SpA,0.0038,Industrials,IT,issuer
VWCE,2026-05-31,IGM,IGM Financial Inc,0.0038,Financials,CA,issuer
VWCE,2026-05-31,APN,Aspen Pharmacare Holdings Ltd,0.0038,Health Care,ZA,issuer
VWCE,2026-05-31,1208,MMG Ltd,0.0038,Basic Materials,HK,issuer
VWCE,2026-05-31,ELM,Elm Co,0.0038,Technology,SA,issuer
VWCE,2026-05-31,UHRN,Swatch Group AG/The,0.0038,Consumer Discretionary,CH,issuer
VWCE,2026-05-31,2702,McDonald's Holdings Co Japan Ltd,0.0038,Consumer Discretionary,JP,issuer
VWCE,2026-05-31,PME,Pro Medicus Ltd,0.0038,Health Care,AU,issuer
VWCE,2026-05-31,GRT,Growthpoint Properties Ltd,0.0037,Real Estate,ZA,issuer
VWCE,2026-05-31,MMHD,Menora Mivtachim Holdings Ltd,0.0037,Financials,IL,issuer
VWCE,2026-05-31,MUTH,Muthoot Finance Ltd,0.0037,Financials,IN,issuer
VWCE,2026-05-31,291,China Resources Beer Holdings Co Ltd,0.0037,Consumer Staples,HK,issuer
VWCE,2026-05-31,BC,Brunello Cucinelli SpA,0.0037,Consumer Discretionary,IT,issuer
VWCE,2026-05-31,352820,HYBE Co Ltd,0.0037,Consumer Discretionary,KR,issuer
VWCE,2026-05-31,3293,International Games System Co Ltd,0.0037,Consumer Discretionary,TW,issuer
VWCE,2026-05-31,6869,Sysmex Corp,0.0037,Health Care,JP,issuer
VWCE,2026-05-31,966,China Taiping Insurance Holdings Co Ltd,0.0037,Financials,HK,issuer
VWCE,2026-05-31,EGIE3,Engie Brasil Energia SA,0.0037,Utilities,BR,issuer
VWCE,2026-05-31,POWERIND,Hitachi Energy India Ltd,0.0037,Industrials,IN,issuer
VWCE,2026-05-31,601600,Aluminum Corp of China Ltd,0.0037,Basic Materials,CN,issuer
VWCE,2026-05-31,8334,Gunma Bank Ltd/The,0.0037,Financials,JP,issuer
VWCE,2026-05-31,8960,United Urban Investment Corp,0.0037,Real Estate,JP,issuer
VWCE,2026-05-31,7181,Japan Post Insurance Co Ltd,0.0037,Financials,JP,issuer
VWCE,2026-05-31,DXS,Dexus,0.0037,Real Estate,AU,issuer
VWCE,2026-05-31,RMV,Rightmove PLC,0.0037,Real Estate,GB,issuer
VWCE,2026-05-31,LEG,LEG Immobilien SE,0.0036,Real Estate,DE,issuer
VWCE,2026-05-31,9513,Electric Power Development Co Ltd,0.0036,Utilities,JP,issuer
VWCE,2026-05-31,000776,GF Securities Co Ltd,0.0036,Financials,CN,issuer
VWCE,2026-05-31,358,Jiangxi Copper Co Ltd,0.0036,Basic Materials,HK,issuer
VWCE,2026-05-31,TME,Tencent Music Entertainment Group,0.0036,Technology,US,issuer
VWCE,2026-05-31,PARAUCO,Parque Arauco SA,0.0036,Real Estate,CL,issuer
VWCE,2026-05-31,BDO,BDO Unibank Inc,0.0036,Financials,PH,issuer
VWCE,2026-05-31,051905,LG H&H Co Ltd,0.0036,Consumer Staples,KR,issuer
VWCE,2026-05-31,3462,Nomura Real Estate Master Fund Inc,0.0036,Real Estate,JP,issuer
VWCE,2026-05-31,BOL,Bollore SE,0.0036,Consumer Discretionary,FR,issuer
VWCE,2026-05-31,UPLL,UPL Ltd,0.0036,Basic Materials,IN,issuer
VWCE,2026-05-31,2259,Zijin Gold International Co Ltd,0.0036,Basic Materials,HK,issuer
VWCE,2026-05-31,BBSE3,BB Seguridade Participacoes SA,0.0036,Financials,BR,issuer
VWCE,2026-05-31,SOIL,Solar Industries India Ltd,0.0036,Basic Materials,IN,issuer
VWCE,2026-05-31,3045,Taiwan Mobile Co Ltd,0.0036,Telecommunications,TW,issuer
VWCE,2026-05-31,2492,Walsin Technology Corp,0.0036,Technology,TW,issuer
VWCE,2026-05-31,8972,KDX Realty Investment Corp,0.0036,Real Estate,JP,issuer
VWCE,2026-05-31,ADANIGR,Adani Green Energy Ltd,0.0036,Utilities,IN,issuer
VWCE,2026-05-31,GFC,Gecina SA,0.0036,Real Estate,FR,issuer
VWCE,2026-05-31,12,Henderson Land Development Co Ltd,0.0036,Real Estate,HK,issuer
VWCE,2026-05-31,2607,Shanghai Pharmaceuticals Holding Co Ltd,0.0035,Health Care,HK,issuer
VWCE,2026-05-31,VER,Verbund AG,0.0035,Utilities,AT,issuer
VWCE,2026-05-31,LTM,LTM Ltd,0.0035,Technology,IN,issuer
VWCE,2026-05-31,BCVN,Banque Cantonale Vaudoise,0.0035,Financials,CH,issuer
VWCE,2026-05-31,PHNX,Phoenix Mills Ltd/The,0.0035,Real Estate,IN,issuer
VWCE,2026-05-31,RECL,REC Ltd,0.0035,Financials,IN,issuer
VWCE,2026-05-31,1988,China Minsheng Banking Corp Ltd,0.0035,Financials,HK,issuer
VWCE,2026-05-31,MASAR,Umm Al Qura for Development & Construction Co,0.0035,Real Estate,SA,issuer
VWCE,2026-05-31,4704,Trend Micro Inc/Japan,0.0035,Technology,JP,issuer
VWCE,2026-05-31,DNP,Dino Polska SA,0.0035,Consumer Staples,PL,issuer
VWCE,2026-05-31,2413,M3 Inc,0.0035,Health Care,JP,issuer
VWCE,2026-05-31,BOB,Bank of Baroda,0.0035,Financials,IN,issuer
VWCE,2026-05-31,1816,CGN Power Co Ltd,0.0035,Utilities,HK,issuer
VWCE,2026-05-31,BTRW,Barratt Redrow PLC,0.0035,Consumer Discretionary,GB,issuer
VWCE,2026-05-31,010130,Korea Zinc Co Ltd,0.0034,Basic Materials,KR,issuer
VWCE,2026-05-31,QGTS,Qatar Gas Transport Co Ltd,0.0034,Industrials,QA,issuer
VWCE,2026-05-31,6674,GS Yuasa Corp,0.0034,Consumer Discretionary,JP,issuer
VWCE,2026-05-31,1258,China Nonferrous Mining Corp Ltd,0.0034,Basic Materials,HK,issuer
VWCE,2026-05-31,2105,Cheng Shin Rubber Industry Co Ltd,0.0034,Consumer Discretionary,TW,issuer
VWCE,2026-05-31,GETIB,Getinge AB,0.0034,Health Care,SE,issuer
VWCE,2026-05-31,5101,Yokohama Rubber Co Ltd/The,0.0034,Consumer Discretionary,JP,issuer
VWCE,2026-05-31,SATS,SATS Ltd,0.0034,Consumer Discretionary,SG,issuer
VWCE,2026-05-31,2354,Foxconn Technology Co Ltd,0.0034,Technology,TW,issuer
VWCE,2026-05-31,BPI,Bank of the Philippine Islands,0.0034,Financials,PH,issuer
VWCE,2026-05-31,LOTB,Lotus Bakeries NV,0.0034,Consumer Staples,BE,issuer
VWCE,2026-05-31,NEM,Nemetschek SE,0.0034,Technology,DE,issuer
VWCE,2026-05-31,9435,Hikari Tsushin Inc,0.0034,Telecommunications,JP,issuer
VWCE,2026-05-31,2588,BOC Aviation Ltd,0.0034,Industrials,HK,issuer
VWCE,2026-05-31,RNI,Reinet Investments SCA,0.0034,Financials,ZA,issuer
VWCE,2026-05-31,RHBBANK,RHB Bank Bhd,0.0034,Financials,MY,issuer
VWCE,2026-05-31,028050,Samsung E&A Co Ltd,0.0034,Industrials,KR,issuer
VWCE,2026-05-31,002371,NAURA Technology Group Co Ltd,0.0033,Technology,CN,issuer
VWCE,2026-05-31,601369,Xi'An Shaangu Power Co Ltd,0.0033,Industrials,CN,issuer
VWCE,2026-05-31,AGL,AGL Energy Ltd,0.0033,Utilities,AU,issuer
VWCE,2026-05-31,9698,GDS Holdings Ltd,0.0033,Technology,HK,issuer
VWCE,2026-05-31,SAE,Shufersal Ltd,0.0033,Consumer Staples,IL,issuer
VWCE,2026-05-31,032640,LG Uplus Corp,0.0033,Telecommunications,KR,issuer
VWCE,2026-05-31,BC8,Bechtle AG,0.0033,Technology,DE,issuer
VWCE,2026-05-31,4751,CyberAgent Inc,0.0033,Technology,JP,issuer
VWCE,2026-05-31,4980,Dexerials Corp,0.0033,Technology,JP,issuer
VWCE,2026-05-31,BKW,BKW AG,0.0033,Utilities,CH,issuer
VWCE,2026-05-31,7747,Asahi Intecc Co Ltd,0.0033,Health Care,JP,issuer
VWCE,2026-05-31,VOD,Vodacom Group Ltd,0.0033,Telecommunications,ZA,issuer
VWCE,2026-05-31,MCDCO,Makkah Construction & Development Co,0.0033,Industrials,SA,issuer
VWCE,2026-05-31,600188,Yankuang Energy Group Co Ltd,0.0033,Energy,CN,issuer
VWCE,2026-05-31,PCHEM,Petronas Chemicals Group Bhd,0.0033,Basic Materials,MY,issuer
VWCE,2026-05-31,EIC,Electrical Industries Co,0.0033,Industrials,SA,issuer
VWCE,2026-05-31,6448,Brother Industries Ltd,0.0033,Technology,JP,issuer
VWCE,2026-05-31,300274,Sungrow Power Supply Co Ltd,0.0033,Energy,CN,issuer
VWCE,2026-05-31,2016,China Zheshang Bank Co Ltd,0.0033,Financials,HK,issuer
VWCE,2026-05-31,IGO,IGO Ltd,0.0033,Basic Materials,AU,issuer
VWCE,2026-05-31,3692,Hansoh Pharmaceutical Group Co Ltd,0.0033,Health Care,HK,issuer
VWCE,2026-05-31,2049,Hiwin Technologies Corp,0.0033,Industrials,TW,issuer
VWCE,2026-05-31,INPST,InPost SA,0.0033,Industrials,NL,issuer
VWCE,2026-05-31,3702,WPG Holdings Ltd,0.0032,Technology,TW,issuer
VWCE,2026-05-31,600958,Orient Securities Co Ltd/China,0.0032,Financials,CN,issuer
VWCE,2026-05-31,9945,Ruentex Development Co Ltd,0.0032,Real Estate,TW,issuer
VWCE,2026-05-31,1605,Walsin Lihwa Corp,0.0032,Industrials,TW,issuer
VWCE,2026-05-31,SKBN,Shikun & Binui Ltd,0.0032,Industrials,IL,issuer
VWCE,2026-05-31,8046,Nan Ya Printed Circuit Board Corp,0.0032,Technology,TW,issuer
VWCE,2026-05-31,HPCL,Hindustan Petroleum Corp Ltd,0.0032,Energy,IN,issuer
VWCE,2026-05-31,4324,Dentsu Group Inc,0.0032,Consumer Discretionary,JP,issuer
VWCE,2026-05-31,6481,THK Co Ltd,0.0032,Industrials,JP,issuer
VWCE,2026-05-31,KGX,KION Group AG,0.0032,Industrials,DE,issuer
VWCE,2026-05-31,BOCHGR,Bank of Cyprus Holdings PLC,0.0032,Financials,GR,issuer
VWCE,2026-05-31,300394,Suzhou TFC Optical Communication Co Ltd,0.0032,Telecommunications,CN,issuer
VWCE,2026-05-31,3360,Far East Horizon Ltd,0.0032,Financials,HK,issuer
VWCE,2026-05-31,5714,Dowa Holdings Co Ltd,0.0032,Basic Materials,JP,issuer
VWCE,2026-05-31,SWB,Sunway Bhd,0.0032,Real Estate,MY,issuer
VWCE,2026-05-31,AMUN,Amundi SA,0.0032,Financials,FR,issuer
VWCE,2026-05-31,CLGT,Colgate-Palmolive India Ltd,0.0031,Consumer Staples,IN,issuer
VWCE,2026-05-31,601869,Yangtze Optical Fibre & Cable Joint Stock Ltd Co,0.0031,Telecommunications,CN,issuer
VWCE,2026-05-31,IP,Interpump Group SpA,0.0031,Industrials,IT,issuer
VWCE,2026-05-31,028300,HLB Inc,0.0031,Health Care,KR,issuer
VWCE,2026-05-31,3908,China International Capital Corp Ltd,0.0031,Financials,HK,issuer
VWCE,2026-05-31,4536,Santen Pharmaceutical Co Ltd,0.0031,Health Care,JP,issuer
VWCE,2026-05-31,5830,Iyogin Holdings Inc,0.0031,Financials,JP,issuer
VWCE,2026-05-31,AKER,Aker ASA,0.0031,Financials,NO,issuer
VWCE,2026-05-31,SAPR11,Cia De Saneamento do Parana Sanepar,0.0031,Utilities,BR,issuer
VWCE,2026-05-31,000869,Yantai Changyu Pioneer Wine Co Ltd,0.0031,Consumer Staples,CN,issuer
VWCE,2026-05-31,688347,Hua Hong Semiconductor Ltd,0.0031,Technology,CN,issuer
VWCE,2026-05-31,RY,Royal Bank of Canada,0.0031,Financials,US,issuer
VWCE,2026-05-31,4,Wharf Holdings Ltd/The,0.0031,Real Estate,HK,issuer
VWCE,2026-05-31,VEND,Schibsted ASA,0.0031,Technology,NO,issuer
VWCE,2026-05-31,2897,Nissin Foods Holdings Co Ltd,0.0031,Consumer Staples,JP,issuer
VWCE,2026-05-31,FPE3,FUCHS SE,0.0031,Basic Materials,DE,issuer
VWCE,2026-05-31,VOLT,Voltas Ltd,0.0031,Industrials,IN,issuer
VWCE,2026-05-31,MODON,Modon Holding PSC,0.0031,Real Estate,AE,issuer
VWCE,2026-05-31,000858,Wuliangye Yibin Co Ltd,0.0031,Consumer Staples,CN,issuer
VWCE,2026-05-31,7337,Hirogin Holdings Inc,0.0031,Financials,JP,issuer
VWCE,2026-05-31,VESTA*,Corp Inmobiliaria Vesta SAB de CV,0.0031,Real Estate,MX,issuer
VWCE,2026-05-31,MLT,Mapletree Logistics Trust,0.0031,Real Estate,SG,issuer
VWCE,2026-05-31,MINT,Mapletree Industrial Trust,0.0031,Real Estate,SG,issuer
VWCE,2026-05-31,064400,LG CNS Co Ltd,0.0031,Technology,KR,issuer
VWCE,2026-05-31,900926,Shanghai Baosight Software Co Ltd,0.003,Technology,CN,issuer
VWCE,2026-05-31,7550,Zensho Holdings Co Ltd,0.003,Consumer Discretionary,JP,issuer
VWCE,2026-05-31,ZAIN,Mobile Telecommunications Co KSCP,0.003,Telecommunications,KW,issuer
VWCE,2026-05-31,RACE,Ferrari NV,0.003,Consumer Discretionary,US,issuer
VWCE,2026-05-31,EMBASSY,Embassy Office Parks REIT,0.003,Real Estate,IN,issuer
VWCE,2026-05-31,600460,Hangzhou Silan Microelectronics Co Ltd,0.003,Technology,CN,issuer
VWCE,2026-05-31,3283,Nippon Prologis REIT Inc,0.003,Real Estate,JP,issuer
VWCE,2026-05-31,RAND,Randstad NV,0.003,Industrials,NL,issuer
VWCE,2026-05-31,HYUNDAI,Hyundai Motor India Ltd,0.003,Consumer Discretionary,IN,issuer
VWCE,2026-05-31,BALDB,Fastighets AB Balder,0.003,Real Estate,SE,issuer
VWCE,2026-05-31,AXIA7,Axia Energia SA,0.003,Utilities,BR,issuer
VWCE,2026-05-31,VIPS,Vipshop Holdings Ltd,0.003,Consumer Discretionary,US,issuer
VWCE,2026-05-31,2577,InnoScience Suzhou Technology Holding Co Ltd,0.003,Technology,HK,issuer
VWCE,2026-05-31,KLK,Kuala Lumpur Kepong Bhd,0.003,Basic Materials,MY,issuer
VWCE,2026-05-31,AC,Ayala Corp,0.003,Real Estate,PH,issuer
VWCE,2026-05-31,9041,Kintetsu Group Holdings Co Ltd,0.003,Industrials,JP,issuer
VWCE,2026-05-31,2501,Sapporo Holdings Ltd,0.003,Consumer Staples,JP,issuer
VWCE,2026-05-31,1898,China Coal Energy Co Ltd,0.003,Energy,HK,issuer
VWCE,2026-05-31,3626,TIS Inc,0.003,Technology,JP,issuer
VWCE,2026-05-31,601919,COSCO SHIPPING Holdings Co Ltd,0.003,Industrials,CN,issuer
VWCE,2026-05-31,3092,ZOZO Inc,0.0029,Consumer Discretionary,JP,issuer
VWCE,2026-05-31,002916,Shennan Circuits Co Ltd,0.0029,Technology,CN,issuer
VWCE,2026-05-31,QBR/B,Quebecor Inc,0.0029,Telecommunications,CA,issuer
VWCE,2026-05-31,MER,Manila Electric Co,0.0029,Utilities,PH,issuer
VWCE,2026-05-31,2600,Aluminum Corp of China Ltd,0.0029,Basic Materials,HK,issuer
VWCE,2026-05-31,9684,Square Enix Holdings Co Ltd,0.0029,Consumer Discretionary,JP,issuer
VWCE,2026-05-31,VOW,Volkswagen AG,0.0029,Consumer Discretionary,DE,issuer
VWCE,2026-05-31,MPHL,Mphasis Ltd,0.0029,Technology,IN,issuer
VWCE,2026-05-31,300059,East Money Information Co Ltd,0.0029,Financials,CN,issuer
VWCE,2026-05-31,SONACOMS,Sona Blw Precision Forgings Ltd,0.0029,Consumer Discretionary,IN,issuer
VWCE,2026-05-31,TBS,Tiger Brands Ltd,0.0029,Consumer Staples,ZA,issuer
VWCE,2026-05-31,2267,Yakult Honsha Co Ltd,0.0029,Consumer Staples,JP,issuer
VWCE,2026-05-31,300760,Shenzhen Mindray Bio-Medical Electronics Co Ltd,0.0029,Health Care,CN,issuer
VWCE,2026-05-31,298380,ABLBio Inc,0.0029,Health Care,KR,issuer
VWCE,2026-05-31,1997,Wharf Real Estate Investment Co Ltd,0.0029,Real Estate,HK,issuer
VWCE,2026-05-31,000063,ZTE Corp,0.0029,Telecommunications,CN,issuer
VWCE,2026-05-31,AMP,AMP Ltd,0.0029,Financials,AU,issuer
VWCE,2026-05-31,ISDMR,Iskenderun Demir ve Celik AS,0.0029,Basic Materials,TR,issuer
VWCE,2026-05-31,066575,LG Electronics Inc,0.0029,Consumer Discretionary,KR,issuer
VWCE,2026-05-31,CD,ComfortDelGro Corp Ltd,0.0029,Industrials,SG,issuer
VWCE,2026-05-31,3808,Sinotruk Hong Kong Ltd,0.0029,Industrials,HK,issuer
VWCE,2026-05-31,3800,GCL Technology Holdings Ltd,0.0029,Energy,HK,issuer
VWCE,2026-05-31,SHA0,Schaeffler AG,0.0029,Consumer Discretionary,DE,issuer
VWCE,2026-05-31,4904,Far EasTone Telecommunications Co Ltd,0.0029,Telecommunications,TW,issuer
VWCE,2026-05-31,MTM,Momentum Group Ltd,0.0028,Financials,ZA,issuer
VWCE,2026-05-31,BEN,Bendigo & Adelaide Bank Ltd,0.0028,Financials,AU,issuer
VWCE,2026-05-31,1038,CK Infrastructure Holdings Ltd,0.0028,Utilities,HK,issuer
VWCE,2026-05-31,ABB,ABB India Ltd,0.0028,Industrials,IN,issuer
VWCE,2026-05-31,VIG,Vienna Insurance Group AG Wiener Versicherung Gruppe,0.0028,Financials,AT,issuer
VWCE,2026-05-31,SBID,State Bank of India,0.0028,Financials,GB,issuer
VWCE,2026-05-31,OUT,OUTsurance Group Ltd,0.0028,Financials,ZA,issuer
VWCE,2026-05-31,5929,Sanwa Holdings Corp,0.0028,Industrials,JP,issuer
VWCE,2026-05-31,DOW,Downer EDI Ltd,0.0028,Industrials,AU,issuer
VWCE,2026-05-31,IDEA,Vodafone Idea Ltd,0.0028,Telecommunications,IN,issuer
VWCE,2026-05-31,CLAS,CapitaLand Ascott Trust,0.0028,Real Estate,SG,issuer
VWCE,2026-05-31,TIINDIA,Tube Investments of India Ltd,0.0028,Basic Materials,IN,issuer
VWCE,2026-05-31,JOMAR,Jabal Omar Development Co,0.0028,Real Estate,SA,issuer
VWCE,2026-05-31,1717,Eternal Materials Co Ltd,0.0028,Basic Materials,TW,issuer
VWCE,2026-05-31,SDF,Steadfast Group Ltd,0.0028,Financials,AU,issuer
VWCE,2026-05-31,000100,Yuhan Corp,0.0028,Health Care,KR,issuer
VWCE,2026-05-31,VGNT,Versigent PLC,0.0028,Industrials,US,issuer
VWCE,2026-05-31,ZG,Zillow Group Inc,0.0028,Real Estate,US,issuer
VWCE,2026-05-31,011200,HMM Co Ltd,0.0028,Industrials,KR,issuer
VWCE,2026-05-31,ITUB3,Itau Unibanco Holding SA,0.0028,Financials,BR,issuer
VWCE,2026-05-31,003230,Samyang Foods Co Ltd,0.0028,Consumer Staples,KR,issuer
VWCE,2026-05-31,MBK,mBank SA,0.0028,Financials,PL,issuer
VWCE,2026-05-31,MAP,Mapfre SA,0.0027,Financials,ES,issuer
VWCE,2026-05-31,6030,CITIC Securities Co Ltd,0.0027,Financials,HK,issuer
VWCE,2026-05-31,GCARSOA1,Grupo Carso SAB de CV,0.0027,Industrials,MX,issuer
VWCE,2026-05-31,1519,Fortune Electric Co Ltd,0.0027,Industrials,TW,issuer
VWCE,2026-05-31,4527,Rohto Pharmaceutical Co Ltd,0.0027,Health Care,JP,issuer
VWCE,2026-05-31,002938,Avary Holding Shenzhen Co Ltd,0.0027,Technology,CN,issuer
VWCE,2026-05-31,SWECB,Sweco AB,0.0027,Industrials,SE,issuer
VWCE,2026-05-31,603501,OmniVision Integrated Circuits Group Inc,0.0027,Technology,CN,issuer
VWCE,2026-05-31,BELA,JUMBO SA,0.0027,Consumer Discretionary,GR,issuer
VWCE,2026-05-31,SEBC,Skandinaviska Enskilda Banken AB,0.0027,Financials,SE,issuer
VWCE,2026-05-31,024110,Industrial Bank of Korea,0.0027,Financials,KR,issuer
VWCE,2026-05-31,4631,DIC Corp,0.0027,Basic Materials,JP,issuer
VWCE,2026-05-31,TTB/F,TMBThanachart Bank PCL,0.0027,Financials,TH,issuer
VWCE,2026-05-31,EMAARDEV,Emaar Development PJSC,0.0027,Real Estate,AE,issuer
VWCE,2026-05-31,5105,Toyo Tire Corp,0.0027,Consumer Discretionary,JP,issuer
VWCE,2026-05-31,GRF,Grifols SA,0.0027,Health Care,ES,issuer
VWCE,2026-05-31,601601,China Pacific Insurance Group Co Ltd,0.0027,Financials,CN,issuer
VWCE,2026-05-31,ENELCHIL,Enel Chile SA,0.0027,Utilities,CL,issuer
VWCE,2026-05-31,002463,WUS Printed Circuit Kunshan Co Ltd,0.0027,Technology,CN,issuer
VWCE,2026-05-31,MISC,MISC Bhd,0.0027,Industrials,MY,issuer
VWCE,2026-05-31,2181,Persol Holdings Co Ltd,0.0027,Industrials,JP,issuer
VWCE,2026-05-31,SEK,SEEK Ltd,0.0027,Industrials,AU,issuer
VWCE,2026-05-31,000623,Jilin Aodong Pharmaceutical Group Co Ltd,0.0027,Health Care,CN,issuer
VWCE,2026-05-31,BOMH,Bank of Maharashtra,0.0027,Financials,IN,issuer
VWCE,2026-05-31,5871,Chailease Holding Co Ltd,0.0027,Financials,TW,issuer
VWCE,2026-05-31,144,China Merchants Port Holdings Co Ltd,0.0027,Industrials,HK,issuer
VWCE,2026-05-31,8804,Tokyo Tatemono Co Ltd,0.0027,Real Estate,JP,issuer
VWCE,2026-05-31,257,China Everbright Environment Group Ltd,0.0027,Utilities,HK,issuer
VWCE,2026-05-31,UNBK,Union Bank of India Ltd,0.0027,Financials,IN,issuer
VWCE,2026-05-31,VSURE,Verisure Group Topholding AB,0.0027,Industrials,SE,issuer
VWCE,2026-05-31,307950,Hyundai Autoever Corp,0.0027,Technology,KR,issuer
VWCE,2026-05-31,FRA,Fraport AG Frankfurt Airport Services Worldwide,0.0027,Industrials,DE,issuer
VWCE,2026-05-31,021240,Coway Co Ltd,0.0027,Consumer Discretionary,KR,issuer
VWCE,2026-05-31,HCP,Hindustan Copper Ltd,0.0027,Basic Materials,IN,issuer
VWCE,2026-05-31,9863,Zhejiang Leapmotor Technology Co Ltd,0.0027,Consumer Discretionary,HK,issuer
VWCE,2026-05-31,601375,Central China Securities Co Ltd,0.0027,Financials,CN,issuer
VWCE,2026-05-31,KDCREIT,Keppel DC REIT,0.0026,Real Estate,SG,issuer
VWCE,2026-05-31,6806,Hirose Electric Co Ltd,0.0026,Technology,JP,issuer
VWCE,2026-05-31,APR,Apar Industries Ltd,0.0026,Industrials,IN,issuer
VWCE,2026-05-31,TIMS3,TIM SA/Brazil,0.0026,Telecommunications,BR,issuer
VWCE,2026-05-31,AAF,Airtel Africa PLC,0.0026,Telecommunications,GB,issuer
VWCE,2026-05-31,OMU,Old Mutual Ltd,0.0026,Financials,ZA,issuer
VWCE,2026-05-31,300476,Victory Giant Technology Huizhou Co Ltd,0.0026,Technology,CN,issuer
VWCE,2026-05-31,H2O,Societatea De Producere A Energiei Electrice in Hidrocentrale Hidroelectrica SA,0.0026,Utilities,RO,issuer
VWCE,2026-05-31,9009,Keisei Electric Railway Co Ltd,0.0026,Industrials,JP,issuer
VWCE,2026-05-31,2207,Hotai Motor Co Ltd,0.0026,Consumer Discretionary,TW,issuer
VWCE,2026-05-31,425,Minth Group Ltd,0.0026,Consumer Discretionary,HK,issuer
VWCE,2026-05-31,ARBP,Aurobindo Pharma Ltd,0.0026,Health Care,IN,issuer
VWCE,2026-05-31,9602,Toho Co Ltd/Tokyo,0.0026,Consumer Discretionary,JP,issuer
VWCE,2026-05-31,PINFRA*,Promotora y Operadora de Infraestructura SAB de CV,0.0026,Industrials,MX,issuer
VWCE,2026-05-31,6881,China Galaxy Securities Co Ltd,0.0026,Financials,HK,issuer
VWCE,2026-05-31,LUNDB,L E Lundbergforetagen AB,0.0026,Financials,SE,issuer
VWCE,2026-05-31,9007,Odakyu Electric Railway Co Ltd,0.0026,Consumer Discretionary,JP,issuer
VWCE,2026-05-31,7003,Mitsui E&S Co Ltd,0.0026,Industrials,JP,issuer
VWCE,2026-05-31,SWIGGY,Swiggy Ltd,0.0026,Consumer Discretionary,IN,issuer
VWCE,2026-05-31,9506,Tohoku Electric Power Co Inc,0.0026,Utilities,JP,issuer
VWCE,2026-05-31,CENCOSUD,Cencosud SA,0.0026,Consumer Staples,CL,issuer
VWCE,2026-05-31,1951,EXEO Group Inc,0.0026,Industrials,JP,issuer
VWCE,2026-05-31,5344,Maruwa Co Ltd/Aichi,0.0026,Industrials,JP,issuer
VWCE,2026-05-31,601888,China Tourism Group Duty Free Corp Ltd,0.0026,Consumer Discretionary,CN,issuer
VWCE,2026-05-31,HAL,HAL Trust,0.0026,Financials,NL,issuer
VWCE,2026-05-31,YANSAB,Yanbu National Petrochemical Co,0.0026,Basic Materials,SA,issuer
VWCE,2026-05-31,SUF,Sundaram Finance Ltd,0.0026,Financials,IN,issuer
VWCE,2026-05-31,3405,Kuraray Co Ltd,0.0026,Basic Materials,JP,issuer
VWCE,2026-05-31,1787,Shandong Gold Mining Co Ltd,0.0026,Basic Materials,HK,issuer
VWCE,2026-05-31,9023,Tokyo Metro Co Ltd,0.0025,Industrials,JP,issuer
VWCE,2026-05-31,3606,Fuyao Glass Industry Group Co Ltd,0.0025,Industrials,HK,issuer
VWCE,2026-05-31,DNL,Incitec Pivot Ltd,0.0025,Basic Materials,AU,issuer
VWCE,2026-05-31,MANKIND,Mankind Pharma Ltd,0.0025,Health Care,IN,issuer
VWCE,2026-05-31,IIB,IndusInd Bank Ltd,0.0025,Financials,IN,issuer
VWCE,2026-05-31,6181,Laopu Gold Co Ltd,0.0025,Consumer Discretionary,HK,issuer
VWCE,2026-05-31,GMRAIRPO,GMR Airports Infrastructure Ltd,0.0025,Industrials,IN,issuer
VWCE,2026-05-31,MTRX,Matrix IT Ltd,0.0025,Technology,IL,issuer
VWCE,2026-05-31,MRP,Mr Price Group Ltd,0.0025,Consumer Discretionary,ZA,issuer
VWCE,2026-05-31,PONY,New Issuer: BB Company ID:71327236,0.0025,Industrials,US,issuer
VWCE,2026-05-31,VAR,Var Energi ASA,0.0025,Energy,NO,issuer
VWCE,2026-05-31,6526,Socionext Inc,0.0025,Technology,JP,issuer
VWCE,2026-05-31,1972,Swire Properties Ltd,0.0025,Real Estate,HK,issuer
VWCE,2026-05-31,WAAREEEN,WAAREE Energies Ltd,0.0025,Energy,IN,issuer
VWCE,2026-05-31,AXIA6,Axia Energia SA,0.0025,Utilities,BR,issuer
VWCE,2026-05-31,1969,Takasago Thermal Engineering Co Ltd,0.0025,Industrials,JP,issuer
VWCE,2026-05-31,VZN,VZ Holding AG,0.0025,Financials,CH,issuer
VWCE,2026-05-31,LTM,Latam Airlines Group SA,0.0024,Consumer Discretionary,US,issuer
VWCE,2026-05-31,COV,Covivio SA/France,0.0024,Real Estate,FR,issuer
VWCE,2026-05-31,LREN3,Lojas Renner SA,0.0024,Consumer Discretionary,BR,issuer
VWCE,2026-05-31,SAHOL,Haci Omer Sabanci Holding AS,0.0024,Financials,TR,issuer
VWCE,2026-05-31,SANB11,Banco Santander Brasil SA,0.0024,Financials,BR,issuer
VWCE,2026-05-31,NACL,National Aluminium Co Ltd,0.0024,Basic Materials,IN,issuer
VWCE,2026-05-31,6886,Huatai Securities Co Ltd,0.0024,Financials,HK,issuer
VWCE,2026-05-31,6919,Caliway Biopharmaceuticals Co Ltd,0.0024,Health Care,TW,issuer
VWCE,2026-05-31,LATOB,Investment AB Latour,0.0024,Industrials,SE,issuer
VWCE,2026-05-31,600000,Shanghai Pudong Development Bank Co Ltd,0.0024,Financials,CN,issuer
VWCE,2026-05-31,IPRU,ICICI Prudential Life Insurance Co Ltd,0.0024,Financials,IN,issuer
VWCE,2026-05-31,4626,Taiyo Holdings Co Ltd,0.0024,Basic Materials,JP,issuer
VWCE,2026-05-31,IOI,IOI Corp Bhd,0.0024,Consumer Staples,MY,issuer
VWCE,2026-05-31,SECO,Saudi Energy Co,0.0024,Utilities,SA,issuer
VWCE,2026-05-31,000657,China Tungsten And Hightech Materials Co Ltd,0.0024,Basic Materials,CN,issuer
VWCE,2026-05-31,6592,Mabuchi Motor Co Ltd,0.0024,Industrials,JP,issuer
VWCE,2026-05-31,QIIK,Qatar International Islamic Bank QSC,0.0024,Financials,QA,issuer
VWCE,2026-05-31,2474,Catcher Technology Co Ltd,0.0024,Technology,TW,issuer
VWCE,2026-05-31,3197,Skylark Holdings Co Ltd,0.0024,Consumer Discretionary,JP,issuer
VWCE,2026-05-31,009830,Hanwha Solutions Corp,0.0024,Energy,KR,issuer
VWCE,2026-05-31,601985,China National Nuclear Power Co Ltd,0.0024,Utilities,CN,issuer
VWCE,2026-05-31,036570,NC Corp,0.0024,Consumer Discretionary,KR,issuer
VWCE,2026-05-31,OPTIMA,Optima bank SA,0.0024,Financials,GR,issuer
VWCE,2026-05-31,5444,Yamato Kogyo Co Ltd,0.0024,Basic Materials,JP,issuer
VWCE,2026-05-31,601880,Liaoning Port Co Ltd,0.0024,Industrials,CN,issuer
VWCE,2026-05-31,BJHI,Bajaj Holdings & Investment Ltd,0.0024,Financials,IN,issuer
VWCE,2026-05-31,ALWN,Allwyn AG,0.0024,Consumer Discretionary,GR,issuer
VWCE,2026-05-31,CVC,CVC Capital Partners PLC,0.0024,Financials,NL,issuer
VWCE,2026-05-31,NYKAA,FSN E-Commerce Ventures Ltd,0.0024,Consumer Discretionary,IN,issuer
VWCE,2026-05-31,1860,Toda Corp,0.0024,Industrials,JP,issuer
VWCE,2026-05-31,1044,Hengan International Group Co Ltd,0.0024,Consumer Staples,HK,issuer
VWCE,2026-05-31,268,Kingdee International Software Group Co Ltd,0.0024,Technology,HK,issuer
VWCE,2026-05-31,600663,Shanghai Lujiazui Finance & Trade Zone Development Co Ltd,0.0023,Real Estate,CN,issuer
VWCE,2026-05-31,6269,Modec Inc,0.0023,Energy,JP,issuer
VWCE,2026-05-31,2333,Great Wall Motor Co Ltd,0.0023,Consumer Discretionary,HK,issuer
VWCE,2026-05-31,STRS,Strauss Group Ltd,0.0023,Consumer Staples,IL,issuer
VWCE,2026-05-31,135,Kunlun Energy Co Ltd,0.0023,Energy,HK,issuer
VWCE,2026-05-31,1504,Teco Electric and Machinery Co Ltd,0.0023,Industrials,TW,issuer
VWCE,2026-05-31,AIRARABI,Air Arabia PJSC,0.0023,Consumer Discretionary,AE,issuer
VWCE,2026-05-31,6302,Sumitomo Heavy Industries Ltd,0.0023,Industrials,JP,issuer
VWCE,2026-05-31,241,Alibaba Health Information Technology Ltd,0.0023,Consumer Staples,HK,issuer
VWCE,2026-05-31,7729,Tokyo Seimitsu Co Ltd,0.0023,Technology,JP,issuer
VWCE,2026-05-31,2371,Kakaku.com Inc,0.0023,Technology,JP,issuer
VWCE,2026-05-31,6990,Sichuan Kelun-Biotech Biopharmaceutical Co Ltd,0.0023,Health Care,HK,issuer
VWCE,2026-05-31,2268,WuXi XDC Cayman Inc,0.0023,Health Care,HK,issuer
VWCE,2026-05-31,5631,Japan Steel Works Ltd/The,0.0023,Industrials,JP,issuer
VWCE,2026-05-31,ISA,Interconexion Electrica SA ESP,0.0023,Utilities,CO,issuer
VWCE,2026-05-31,9507,Shikoku Electric Power Co Inc,0.0023,Utilities,JP,issuer
VWCE,2026-05-31,KIMBERA,Kimberly-Clark de Mexico SAB de CV,0.0023,Consumer Staples,MX,issuer
VWCE,2026-05-31,002460,Ganfeng Lithium Group Co Ltd,0.0023,Basic Materials,CN,issuer
VWCE,2026-05-31,LTF,L&T Finance Ltd,0.0023,Financials,IN,issuer
VWCE,2026-05-31,KMAR,Kongsberg Maritime AS,0.0023,Industrials,NO,issuer
VWCE,2026-05-31,GNP,Glenmark Pharmaceuticals Ltd,0.0023,Health Care,IN,issuer
VWCE,2026-05-31,STM,Seatrium Ltd,0.0023,Industrials,SG,issuer
VWCE,2026-05-31,360ONE,360 ONE WAM Ltd,0.0023,Financials,IN,issuer
VWCE,2026-05-31,1209,China Resources Mixc Lifestyle Services Ltd,0.0023,Real Estate,HK,issuer
VWCE,2026-05-31,KEN,Kenon Holdings Ltd/Singapore,0.0023,Utilities,IL,issuer
VWCE,2026-05-31,HER,Hera SpA,0.0023,Utilities,IT,issuer
VWCE,2026-05-31,4203,Sumitomo Bakelite Co Ltd,0.0023,Industrials,JP,issuer
VWCE,2026-05-31,902,Huaneng Power International Inc,0.0022,Utilities,HK,issuer
VWCE,2026-05-31,6465,Hoshizaki Corp,0.0022,Industrials,JP,issuer
VWCE,2026-05-31,3888,Kingsoft Corp Ltd,0.0022,Technology,HK,issuer
VWCE,2026-05-31,200725,BOE Technology Group Co Ltd,0.0022,Technology,CN,issuer
VWCE,2026-05-31,JSW,JSW Energy Ltd,0.0022,Utilities,IN,issuer
VWCE,2026-05-31,BH/F,Bumrungrad Hospital PCL,0.0022,Health Care,TH,issuer
VWCE,2026-05-31,CSAN3,Cosan SA,0.0022,Energy,BR,issuer
VWCE,2026-05-31,2579,Coca-Cola Bottlers Japan Holdings Inc,0.0022,Consumer Staples,JP,issuer
VWCE,2026-05-31,IOB,Indian Overseas Bank,0.0022,Financials,IN,issuer
VWCE,2026-05-31,600109,Sinolink Securities Co Ltd,0.0022,Financials,CN,issuer
VWCE,2026-05-31,CSG,CSG NV,0.0022,Industrials,NL,issuer
VWCE,2026-05-31,SIEM,Siemens Ltd,0.0022,Industrials,IN,issuer
VWCE,2026-05-31,3249,Industrial & Infrastructure Fund Investment Corp,0.0022,Real Estate,JP,issuer
VWCE,2026-05-31,688008,Montage Technology Co Ltd,0.0022,Technology,CN,issuer
VWCE,2026-05-31,8439,Tokyo Century Corp,0.0022,Consumer Discretionary,JP,issuer
VWCE,2026-05-31,MB,Mediobanca Banca di Credito Finanziario SpA,0.0022,Financials,IT,issuer
VWCE,2026-05-31,ELAL,El Al Israel Airlines,0.0022,Consumer Discretionary,IL,issuer
VWCE,2026-05-31,600196,Shanghai Fosun Pharmaceutical Group Co Ltd,0.0022,Health Care,CN,issuer
VWCE,2026-05-31,CDB,CELCOMDIGI BHD,0.0022,Telecommunications,MY,issuer
VWCE,2026-05-31,5393,Nichias Corp,0.0022,Industrials,JP,issuer
VWCE,2026-05-31,TPW,Torrent Power Ltd,0.0022,Utilities,IN,issuer
VWCE,2026-05-31,600019,Baoshan Iron & Steel Co Ltd,0.0022,Basic Materials,CN,issuer
VWCE,2026-05-31,UGPA3,Ultrapar Participacoes SA,0.0022,Energy,BR,issuer
VWCE,2026-05-31,SALIK,Salik Co PJSC,0.0022,Industrials,AE,issuer
VWCE,2026-05-31,BBNI,Bank Negara Indonesia Persero Tbk PT,0.0022,Financials,ID,issuer
VWCE,2026-05-31,HDBFS,HDB Financial Services Ltd,0.0022,Financials,IN,issuer
VWCE,2026-05-31,000060,Shenzhen Zhongjin Lingnan Nonfemet Co Ltd,0.0022,Basic Materials,CN,issuer
VWCE,2026-05-31,KRDMD,Kardemir Karabuk Demir Celik Sanayi ve Ticaret AS,0.0022,Basic Materials,TR,issuer
VWCE,2026-05-31,UI,Ubiquiti Inc,0.0022,Telecommunications,US,issuer
VWCE,2026-05-31,ENRIN,Siemens Energy India Ltd,0.0022,Industrials,IN,issuer
VWCE,2026-05-31,FDJU,La Francaise des Jeux SAEM,0.0022,Consumer Discretionary,FR,issuer
VWCE,2026-05-31,GEKTERNA,GEK TERNA SA,0.0022,Industrials,GR,issuer
VWCE,2026-05-31,2809,Kewpie Corp,0.0021,Consumer Staples,JP,issuer
VWCE,2026-05-31,603986,GigaDevice Semiconductor Inc,0.0021,Technology,CN,issuer
VWCE,2026-05-31,MARK,Masraf Al Rayan QSC,0.0021,Financials,QA,issuer
VWCE,2026-05-31,KEII,KEI Industries Ltd,0.0021,Industrials,IN,issuer
VWCE,2026-05-31,3288,Open House Group Co Ltd,0.0021,Real Estate,JP,issuer
VWCE,2026-05-31,003490,Korean Air Lines Co Ltd,0.0021,Consumer Discretionary,KR,issuer
VWCE,2026-05-31,HVN,Harvey Norman Holdings Ltd,0.0021,Consumer Discretionary,AU,issuer
VWCE,2026-05-31,006405,Samsung SDI Co Ltd,0.0021,Industrials,KR,issuer
VWCE,2026-05-31,3931,New Issuer: BB Company ID:70038993,0.0021,Consumer Discretionary,HK,issuer
VWCE,2026-05-31,MCY,Mercury NZ Ltd,0.0021,Utilities,NZ,issuer
VWCE,2026-05-31,LODHA,Lodha Developers Ltd,0.0021,Real Estate,IN,issuer
VWCE,2026-05-31,4768,Otsuka Corp,0.0021,Technology,JP,issuer
VWCE,2026-05-31,1802,Taiwan Glass Industry Corp,0.0021,Industrials,TW,issuer
VWCE,2026-05-31,MINT/F,Minor International PCL,0.0021,Consumer Discretionary,TH,issuer
VWCE,2026-05-31,4151,Kyowa Kirin Co Ltd,0.0021,Health Care,JP,issuer
VWCE,2026-05-31,6368,Organo Corp,0.0021,Industrials,JP,issuer
VWCE,2026-05-31,MEGACPO,Megacable Holdings SAB de CV,0.0021,Telecommunications,MX,issuer
VWCE,2026-05-31,CSMG3,Cia de Saneamento de Minas Gerais Copasa MG,0.0021,Utilities,BR,issuer
VWCE,2026-05-31,STR,Strabag SE,0.0021,Industrials,AT,issuer
VWCE,2026-05-31,002049,Unigroup Guoxin Microelectronics Co Ltd,0.0021,Technology,CN,issuer
VWCE,2026-05-31,2347,Synnex Technology International Corp,0.0021,Technology,TW,issuer
VWCE,2026-05-31,5233,Taiheiyo Cement Corp,0.0021,Industrials,JP,issuer
VWCE,2026-05-31,303,VTech Holdings Ltd,0.0021,Telecommunications,HK,issuer
VWCE,2026-05-31,SAIL,Steel Authority of India Ltd,0.0021,Basic Materials,IN,issuer
VWCE,2026-05-31,168,Tsingtao Brewery Co Ltd,0.0021,Consumer Staples,HK,issuer
VWCE,2026-05-31,3969,China Railway Signal & Communication Corp Ltd,0.0021,Industrials,HK,issuer
VWCE,2026-05-31,8233,Takashimaya Co Ltd,0.0021,Consumer Discretionary,JP,issuer
VWCE,2026-05-31,3391,Tsuruha Holdings Inc,0.0021,Consumer Staples,JP,issuer
VWCE,2026-05-31,600309,Wanhua Chemical Group Co Ltd,0.0021,Basic Materials,CN,issuer
VWCE,2026-05-31,A2M,a2 Milk Co Ltd/The,0.0021,Consumer Staples,AU,issuer
VWCE,2026-05-31,300408,Chaozhou Three-Circle Group Co Ltd,0.0021,Technology,CN,issuer
VWCE,2026-05-31,002926,Huaxi Securities Co Ltd,0.0021,Financials,CN,issuer
VWCE,2026-05-31,BIOS,Biocon Ltd,0.0021,Health Care,IN,issuer
VWCE,2026-05-31,AMV0,Aumovio SE,0.0021,Consumer Discretionary,DE,issuer
VWCE,2026-05-31,ALX,Atlas Arteria Ltd,0.0021,Industrials,AU,issuer
VWCE,2026-05-31,8954,Orix JREIT Inc,0.0021,Real Estate,JP,issuer
VWCE,2026-05-31,3086,J Front Retailing Co Ltd,0.0021,Consumer Discretionary,JP,issuer
VWCE,2026-05-31,GOTO,GoTo Gojek Tokopedia Tbk PT,0.002,Technology,ID,issuer
VWCE,2026-05-31,WARBABAN,Warba Bank KSCP,0.002,Financials,KW,issuer
VWCE,2026-05-31,600183,Shengyi Technology Co Ltd,0.002,Technology,CN,issuer
VWCE,2026-05-31,051915,LG Chem Ltd,0.002,Industrials,KR,issuer
VWCE,2026-05-31,ENKAI,Enka Insaat ve Sanayi AS,0.002,Industrials,TR,issuer
VWCE,2026-05-31,066970,L&F Co Ltd,0.002,Basic Materials,KR,issuer
VWCE,2026-05-31,DEMANT,Demant A/S,0.002,Health Care,DK,issuer
VWCE,2026-05-31,ASAI3,Sendas Distribuidora S/A,0.002,Consumer Staples,BR,issuer
VWCE,2026-05-31,2282,NH Foods Ltd,0.002,Consumer Staples,JP,issuer
VWCE,2026-05-31,3132,Macnica Holdings Inc,0.002,Technology,JP,issuer
VWCE,2026-05-31,1721,COMSYS Holdings Corp,0.002,Industrials,JP,issuer
VWCE,2026-05-31,PIRC,Pirelli & C SpA,0.002,Consumer Discretionary,IT,issuer
VWCE,2026-05-31,AMMN,Amman Mineral Internasional PT,0.002,Basic Materials,ID,issuer
VWCE,2026-05-31,HOLMB,Holmen AB,0.002,Basic Materials,SE,issuer
VWCE,2026-05-31,4403,NOF Corp,0.002,Basic Materials,JP,issuer
VWCE,2026-05-31,JD/,JD Sports Fashion PLC,0.002,Consumer Discretionary,GB,issuer
VWCE,2026-05-31,601868,China Energy Engineering Corp Ltd,0.002,Industrials,CN,issuer
VWCE,2026-05-31,600875,Dongfang Electric Corp Ltd,0.002,Energy,CN,issuer
VWCE,2026-05-31,285,BYD Electronic International Co Ltd,0.002,Telecommunications,HK,issuer
VWCE,2026-05-31,5406,Kobe Steel Ltd,0.002,Basic Materials,JP,issuer
VWCE,2026-05-31,2587,Suntory Beverage & Food Ltd,0.002,Consumer Staples,JP,issuer
VWCE,2026-05-31,3064,MonotaRO Co Ltd,0.002,Consumer Discretionary,JP,issuer
VWCE,2026-05-31,KLBN11,Klabin SA,0.002,Basic Materials,BR,issuer
VWCE,2026-05-31,CIT,City Developments Ltd,0.002,Real Estate,SG,issuer
VWCE,2026-05-31,PAG,Page Industries Ltd,0.002,Consumer Discretionary,IN,issuer
VWCE,2026-05-31,161390,Hankook Tire & Technology Co Ltd,0.002,Consumer Discretionary,KR,issuer
VWCE,2026-05-31,SRCM,Shree Cement Ltd,0.002,Industrials,IN,issuer
VWCE,2026-05-31,688012,Advanced Micro-Fabrication Equipment Inc China,0.002,Technology,CN,issuer
VWCE,2026-05-31,7731,Nikon Corp,0.002,Consumer Discretionary,JP,issuer
VWCE,2026-05-31,9412,SKY Perfect JSAT Corp,0.002,Telecommunications,JP,issuer
VWCE,2026-05-31,GENTERA*,Gentera SAB de CV,0.002,Financials,MX,issuer
VWCE,2026-05-31,SCC-R,Siam Cement PCL/The,0.002,Industrials,TH,issuer
VWCE,2026-05-31,REY,Reply SpA,0.002,Technology,IT,issuer
VWCE,2026-05-31,8253,Credit Saison Co Ltd,0.002,Industrials,JP,issuer
VWCE,2026-05-31,EREGL,Eregli Demir ve Celik Fabrikalari TAS,0.002,Basic Materials,TR,issuer
VWCE,2026-05-31,OMAB,Grupo Aeroportuario del Centro Norte SAB de CV,0.002,Industrials,MX,issuer
VWCE,2026-05-31,T,Telekom Malaysia Bhd,0.002,Telecommunications,MY,issuer
VWCE,2026-05-31,MBRF3,MBRF Global Foods Co SA,0.002,Consumer Staples,BR,issuer
VWCE,2026-05-31,443060,HD Hyundai Marine Solution Co Ltd,0.002,Industrials,KR,issuer
VWCE,2026-05-31,6324,Harmonic Drive Systems Inc,0.002,Industrials,JP,issuer
VWCE,2026-05-31,LLOYDSME,Lloyds Metals & Energy Ltd,0.002,Basic Materials,IN,issuer
VWCE,2026-05-31,2912,President Chain Store Corp,0.002,Consumer Staples,TW,issuer
VWCE,2026-05-31,ALARKAN,Dar Al Arkan Real Estate Development Co,0.002,Real Estate,SA,issuer
VWCE,2026-05-31,VMM,Vishal Mega Mart Ltd,0.0019,Consumer Discretionary,IN,issuer
VWCE,2026-05-31,5901,Toyo Seikan Group Holdings Ltd,0.0019,Industrials,JP,issuer
VWCE,2026-05-31,9024,Seibu Holdings Inc,0.0019,Consumer Discretionary,JP,issuer
VWCE,2026-05-31,142,First Pacific Co Ltd,0.0019,Consumer Staples,HK,issuer
VWCE,2026-05-31,BANB,Bachem Holding AG,0.0019,Health Care,CH,issuer
VWCE,2026-05-31,601066,CSC Financial Co Ltd,0.0019,Financials,CN,issuer
VWCE,2026-05-31,EDV,Endeavour Group Ltd/Australia,0.0019,Consumer Staples,AU,issuer
VWCE,2026-05-31,TRUE/F,True Corp PCL,0.0019,Telecommunications,TH,issuer
VWCE,2026-05-31,SCC/F,Siam Cement PCL/The,0.0019,Industrials,TH,issuer
VWCE,2026-05-31,8418,Yamaguchi Financial Group Inc,0.0019,Financials,JP,issuer
VWCE,2026-05-31,7951,Yamaha Corp,0.0019,Consumer Discretionary,JP,issuer
VWCE,2026-05-31,6268,Nabtesco Corp,0.0019,Industrials,JP,issuer
VWCE,2026-05-31,3769,GMO Payment Gateway Inc,0.0019,Industrials,JP,issuer
VWCE,2026-05-31,5991,NHK Spring Co Ltd,0.0019,Consumer Discretionary,JP,issuer
VWCE,2026-05-31,4385,Mercari Inc,0.0019,Technology,JP,issuer
VWCE,2026-05-31,BOQ,Bank of Queensland Ltd,0.0019,Financials,AU,issuer
VWCE,2026-05-31,AXFO,Axfood AB,0.0019,Consumer Staples,SE,issuer
VWCE,2026-05-31,5832,Chugin Financial Group Inc,0.0019,Financials,JP,issuer
VWCE,2026-05-31,7867,Tomy Co Ltd,0.0019,Consumer Discretionary,JP,issuer
VWCE,2026-05-31,MTELEKOM,Magyar Telekom Telecommunications PLC,0.0019,Telecommunications,HU,issuer
VWCE,2026-05-31,2615,Wan Hai Lines Ltd,0.0019,Industrials,TW,issuer
VWCE,2026-05-31,MRF,MRF Ltd,0.0019,Consumer Discretionary,IN,issuer
VWCE,2026-05-31,BBDC3,Banco Bradesco SA,0.0019,Financials,BR,issuer
VWCE,2026-05-31,6818,China Everbright Bank Co Ltd,0.0019,Financials,HK,issuer
VWCE,2026-05-31,034220,LG Display Co Ltd,0.0019,Technology,KR,issuer
VWCE,2026-05-31,PI,PI Industries Ltd,0.0019,Basic Materials,IN,issuer
VWCE,2026-05-31,002202,Goldwind Science & Technology Co Ltd,0.0019,Energy,CN,issuer
VWCE,2026-05-31,8955,Japan Prime Realty Investment Corp,0.0019,Real Estate,JP,issuer
VWCE,2026-05-31,000513,Livzon Pharmaceutical Group Inc,0.0019,Health Care,CN,issuer
VWCE,2026-05-31,ITCHOTEL,New Issuer: BB Company ID:183206,0.0019,Consumer Discretionary,IN,issuer
VWCE,2026-05-31,JDSL,Jindal Stainless Ltd,0.0019,Basic Materials,IN,issuer
VWCE,2026-05-31,000815,Samsung Fire & Marine Insurance Co Ltd,0.0019,Financials,KR,issuer
VWCE,2026-05-31,601336,New China Life Insurance Co Ltd,0.0019,Financials,CN,issuer
VWCE,2026-05-31,600111,China Northern Rare Earth Group High-Tech Co Ltd,0.0019,Basic Materials,CN,issuer
VWCE,2026-05-31,ANN,Ansell Ltd,0.0019,Health Care,AU,issuer
VWCE,2026-05-31,BRAV3,Brava Energia,0.0018,Energy,BR,issuer
VWCE,2026-05-31,1722,Taiwan Fertilizer Co Ltd,0.0018,Basic Materials,TW,issuer
VWCE,2026-05-31,00088K,Hanwha Corp,0.0018,Financials,KR,issuer
VWCE,2026-05-31,1959,Kraftia Corp,0.0018,Industrials,JP,issuer
VWCE,2026-05-31,ECOPETL,Ecopetrol SA,0.0018,Energy,CO,issuer
VWCE,2026-05-31,1913,PRADA SpA,0.0018,Consumer Discretionary,HK,issuer
VWCE,2026-05-31,600406,NARI Technology Co Ltd,0.0018,Industrials,CN,issuer
VWCE,2026-05-31,YKBNK,Yapi ve Kredi Bankasi AS,0.0018,Financials,TR,issuer
VWCE,2026-05-31,FBU,Fletcher Building Ltd,0.0018,Industrials,NZ,issuer
VWCE,2026-05-31,APAT,APL Apollo Tubes Ltd,0.0018,Basic Materials,IN,issuer
VWCE,2026-05-31,TWE,Treasury Wine Estates Ltd,0.0018,Consumer Staples,AU,issuer
VWCE,2026-05-31,CHOLAHLD,Cholamandalam Financial Holdings Ltd,0.0018,Financials,IN,issuer
VWCE,2026-05-31,600362,Jiangxi Copper Co Ltd,0.0018,Basic Materials,CN,issuer
VWCE,2026-05-31,600176,China Jushi Co Ltd,0.0018,Basic Materials,CN,issuer
VWCE,2026-05-31,916,China Longyuan Power Group Corp Ltd,0.0018,Utilities,HK,issuer
VWCE,2026-05-31,8984,Daiwa House REIT Investment Corp,0.0018,Real Estate,JP,issuer
VWCE,2026-05-31,600919,Bank of Jiangsu Co Ltd,0.0018,Financials,CN,issuer
VWCE,2026-05-31,7649,Sugi Holdings Co Ltd,0.0018,Consumer Staples,JP,issuer
VWCE,2026-05-31,1929,Chow Tai Fook Jewellery Group Ltd,0.0018,Consumer Discretionary,HK,issuer
VWCE,2026-05-31,MFT,Mainfreight Ltd,0.0018,Industrials,NZ,issuer
VWCE,2026-05-31,ARION,Arion Banki HF,0.0018,Financials,IS,issuer
VWCE,2026-05-31,JKCE,JK Cement Ltd,0.0018,Industrials,IN,issuer
VWCE,2026-05-31,5838,Rakuten Bank Ltd,0.0018,Financials,JP,issuer
VWCE,2026-05-31,PEPL,Prestige Estates Projects Ltd,0.0018,Real Estate,IN,issuer
VWCE,2026-05-31,270,Guangdong Investment Ltd,0.0018,Utilities,HK,issuer
VWCE,2026-05-31,ENGI11,Energisa S/A,0.0018,Utilities,BR,issuer
VWCE,2026-05-31,PEP,PPB Group Bhd,0.0018,Consumer Staples,MY,issuer
VWCE,2026-05-31,011790,SKC Co Ltd,0.0018,Basic Materials,KR,issuer
VWCE,2026-05-31,000157,Zoomlion Heavy Industry Science and Technology Co Ltd,0.0018,Industrials,CN,issuer
VWCE,2026-05-31,DABUR,Dabur India Ltd,0.0018,Consumer Staples,IN,issuer
VWCE,2026-05-31,5483,Sino-American Silicon Products Inc,0.0018,Technology,TW,issuer
VWCE,2026-05-31,ASTOR,Astor Transformator Enerji Turizm Insaat Ve Petrol Sanayi Ticaret AS,0.0018,Industrials,TR,issuer
VWCE,2026-05-31,1548,Genscript Biotech Corp,0.0018,Health Care,HK,issuer
VWCE,2026-05-31,8304,Aozora Bank Ltd,0.0018,Financials,JP,issuer
VWCE,2026-05-31,6936,SF Holding Co Ltd,0.0018,Industrials,HK,issuer
VWCE,2026-05-31,6923,Stanley Electric Co Ltd,0.0018,Consumer Discretionary,JP,issuer
VWCE,2026-05-31,PARKIN,Parkin Co PJSC,0.0018,Industrials,AE,issuer
VWCE,2026-05-31,600703,Sanan Optoelectronics Co Ltd,0.0018,Technology,CN,issuer
VWCE,2026-05-31,600690,Haier Smart Home Co Ltd,0.0018,Consumer Discretionary,CN,issuer
VWCE,2026-05-31,EXX,Exxaro Resources Ltd,0.0018,Energy,ZA,issuer
VWCE,2026-05-31,9064,Yamato Holdings Co Ltd,0.0018,Industrials,JP,issuer
VWCE,2026-05-31,HAGA,Hagar hf,0.0018,Consumer Discretionary,IS,issuer
VWCE,2026-05-31,DRD,DRDGOLD Ltd,0.0018,Basic Materials,ZA,issuer
VWCE,2026-05-31,2618,JD Logistics Inc,0.0018,Industrials,HK,issuer
VWCE,2026-05-31,6305,Hitachi Construction Machinery Co Ltd,0.0018,Industrials,JP,issuer
VWCE,2026-05-31,ANDINAB,Embotelladora Andina SA,0.0018,Consumer Staples,CL,issuer
VWCE,2026-05-31,688271,Shanghai United Imaging Healthcare Co Ltd,0.0018,Health Care,CN,issuer
VWCE,2026-05-31,1364,Guming Holdings Ltd,0.0018,Consumer Discretionary,HK,issuer
VWCE,2026-05-31,19,Swire Pacific Ltd,0.0017,Consumer Staples,HK,issuer
VWCE,2026-05-31,LEN/B,Lennar Corp,0.0017,Consumer Discretionary,US,issuer
VWCE,2026-05-31,322,Tingyi Cayman Islands Holding Corp,0.0017,Consumer Staples,HK,issuer
VWCE,2026-05-31,6323,Rorze Corp,0.0017,Technology,JP,issuer
VWCE,2026-05-31,YTLP,YTL Power International Bhd,0.0017,Utilities,MY,issuer
VWCE,2026-05-31,BLSTR,Blue Star Ltd,0.0017,Industrials,IN,issuer
VWCE,2026-05-31,HZ,Hindustan Zinc Ltd,0.0017,Basic Materials,IN,issuer
VWCE,2026-05-31,CENOMICE,Arabian Centres Co,0.0017,Real Estate,SA,issuer
VWCE,2026-05-31,BRPT,Barito Pacific Tbk PT,0.0017,Basic Materials,ID,issuer
VWCE,2026-05-31,000001,Ping An Bank Co Ltd,0.0017,Financials,CN,issuer
VWCE,2026-05-31,REH,Reece Ltd,0.0017,Industrials,AU,issuer
VWCE,2026-05-31,600031,Sany Heavy Industry Co Ltd,0.0017,Industrials,CN,issuer
VWCE,2026-05-31,2311004D,Vedanta Aluminium Metal Ltd,0.0017,Basic Materials,IN,issuer
VWCE,2026-05-31,0808421D,Talwandi Sabo Power Ltd,0.0017,Basic Materials,IN,issuer
VWCE,2026-05-31,SNN,Societatea Nationala Nuclearelectrica SA,0.0017,Utilities,RO,issuer
VWCE,2026-05-31,2311203D,Vedanta Iron and Steel Ltd,0.0017,Basic Materials,IN,issuer
VWCE,2026-05-31,7172841Z,Malco Energy Ltd,0.0017,Basic Materials,IN,issuer
VWCE,2026-05-31,3309,Sekisui House Reit Inc,0.0017,Real Estate,JP,issuer
VWCE,2026-05-31,9001,Tobu Railway Co Ltd,0.0017,Industrials,JP,issuer
VWCE,2026-05-31,MPHC,Mesaieed Petrochemical Holding Co,0.0017,Basic Materials,QA,issuer
VWCE,2026-05-31,GPL,Godrej Properties Ltd,0.0017,Real Estate,IN,issuer
VWCE,2026-05-31,ALOS3,Allos SA,0.0017,Real Estate,BR,issuer
VWCE,2026-05-31,600585,Anhui Conch Cement Co Ltd,0.0017,Industrials,CN,issuer
VWCE,2026-05-31,6141,DMG Mori Co Ltd,0.0017,Industrials,JP,issuer
VWCE,2026-05-31,5076,INFRONEER Holdings Inc,0.0017,Industrials,JP,issuer
VWCE,2026-05-31,600872,Jonjee Hi-Tech Industrial And Commercial Holding Co Ltd,0.0017,Consumer Staples,CN,issuer
VWCE,2026-05-31,NAM,Nippon Life India Asset Management Ltd,0.0017,Financials,IN,issuer
VWCE,2026-05-31,SPK,Spark New Zealand Ltd,0.0017,Telecommunications,NZ,issuer
VWCE,2026-05-31,THBEV,Thai Beverage PCL,0.0017,Consumer Staples,SG,issuer
VWCE,2026-05-31,DLEKG,Delek Group Ltd,0.0017,Energy,IL,issuer
VWCE,2026-05-31,3396,Legend Holdings Corp,0.0017,Technology,HK,issuer
VWCE,2026-05-31,ALUP11,Alupar Investimento SA,0.0017,Utilities,BR,issuer
VWCE,2026-05-31,MVNE,Mivne Real Estate KD Ltd,0.0017,Real Estate,IL,issuer
VWCE,2026-05-31,OFSS,Oracle Financial Services Software Ltd,0.0017,Technology,IN,issuer
VWCE,2026-05-31,600989,Ningxia Baofeng Energy Group Co Ltd,0.0017,Basic Materials,CN,issuer
VWCE,2026-05-31,300124,Shenzhen Inovance Technology Co Ltd,0.0017,Industrials,CN,issuer
VWCE,2026-05-31,600150,China CSSC Holdings Ltd,0.0017,Industrials,CN,issuer
VWCE,2026-05-31,ADNOCLS,ADNOC Logistics & Services,0.0017,Industrials,AE,issuer
VWCE,2026-05-31,3226,Mitsui Fudosan Accommodations Fund Inc,0.0017,Real Estate,JP,issuer
VWCE,2026-05-31,9533,Toho Gas Co Ltd,0.0017,Utilities,JP,issuer
VWCE,2026-05-31,ALKEM,Alkem Laboratories Ltd,0.0017,Health Care,IN,issuer
VWCE,2026-05-31,960,Longfor Group Holdings Ltd,0.0017,Real Estate,HK,issuer
VWCE,2026-05-31,PTTGC/F,PTT Global Chemical PCL,0.0016,Basic Materials,TH,issuer
VWCE,2026-05-31,1910,Samsonite International SA,0.0016,Consumer Discretionary,HK,issuer
VWCE,2026-05-31,6728,Ulvac Inc,0.0016,Technology,JP,issuer
VWCE,2026-05-31,763,ZTE Corp,0.0016,Telecommunications,HK,issuer
VWCE,2026-05-31,00680K,Mirae Asset Securities Co Ltd,0.0016,Financials,KR,issuer
VWCE,2026-05-31,3269,Advance Residence Investment Corp,0.0016,Real Estate,JP,issuer
VWCE,2026-05-31,YTL,YTL Corp Bhd,0.0016,Utilities,MY,issuer
VWCE,2026-05-31,SW,Sodexo SA,0.0016,Consumer Discretionary,FR,issuer
VWCE,2026-05-31,002340,GEM Co Ltd,0.0016,Utilities,CN,issuer
VWCE,2026-05-31,1357,Meitu Inc,0.0016,Technology,HK,issuer
VWCE,2026-05-31,HYPE3,Hypera SA,0.0016,Health Care,BR,issuer
VWCE,2026-05-31,7180,Kyushu Financial Group Inc,0.0016,Financials,JP,issuer
VWCE,2026-05-31,FTAL,Fattal Holdings 1998 Ltd,0.0016,Consumer Discretionary,IL,issuer
VWCE,2026-05-31,TAWUNIYA,Co for Cooperative Insurance/The,0.0016,Financials,SA,issuer
VWCE,2026-05-31,ZYDUSLIF,Zydus Lifesciences Ltd,0.0016,Health Care,IN,issuer
VWCE,2026-05-31,ILU,Iluka Resources Ltd,0.0016,Basic Materials,AU,issuer
VWCE,2026-05-31,900948,Inner Mongolia Yitai Coal Co Ltd,0.0016,Energy,CN,issuer
VWCE,2026-05-31,1882,Haitian International Holdings Ltd,0.0016,Industrials,HK,issuer
VWCE,2026-05-31,780,Tongcheng Travel Holdings Ltd,0.0016,Consumer Discretionary,HK,issuer
VWCE,2026-05-31,TAIBA,Taiba Investments Co,0.0016,Real Estate,SA,issuer
VWCE,2026-05-31,TLX,Telix Pharmaceuticals Ltd,0.0016,Health Care,AU,issuer
VWCE,2026-05-31,SIGMAFA,Sigma Foods SAB de CV,0.0016,Consumer Staples,MX,issuer
VWCE,2026-05-31,INW,Infrastrutture Wireless Italiane SpA,0.0016,Telecommunications,IT,issuer
VWCE,2026-05-31,3998,Bosideng International Holdings Ltd,0.0016,Consumer Discretionary,HK,issuer
VWCE,2026-05-31,601225,Shaanxi Coal Industry Co Ltd,0.0016,Energy,CN,issuer
VWCE,2026-05-31,600959,Jiangsu Broadcasting Cable Information Network Corp Ltd,0.0016,Telecommunications,CN,issuer
VWCE,2026-05-31,CBK,Canara Bank,0.0016,Financials,IN,issuer
VWCE,2026-05-31,MOH,Motor Oil Hellas Corinth Refineries SA,0.0016,Energy,GR,issuer
VWCE,2026-05-31,CPF/F,Charoen Pokphand Foods PCL,0.0016,Consumer Staples,TH,issuer
VWCE,2026-05-31,005385,Hyundai Motor Co,0.0016,Consumer Discretionary,KR,issuer
VWCE,2026-05-31,SI,Supreme Industries Ltd,0.0016,Industrials,IN,issuer
VWCE,2026-05-31,MPACT,Mapletree Pan Asia Commercial Trust,0.0016,Real Estate,SG,issuer
VWCE,2026-05-31,323410,KakaoBank Corp,0.0016,Financials,KR,issuer
VWCE,2026-05-31,GRUMAB,Gruma SAB de CV,0.0016,Consumer Staples,MX,issuer
VWCE,2026-05-31,1157,Zoomlion Heavy Industry Science and Technology Co Ltd,0.0016,Industrials,HK,issuer
VWCE,2026-05-31,914,Anhui Conch Cement Co Ltd,0.0016,Industrials,HK,issuer
VWCE,2026-05-31,6862,Haidilao International Holding Ltd,0.0016,Consumer Discretionary,HK,issuer
VWCE,2026-05-31,6969,Smoore International Holdings Ltd,0.0016,Consumer Staples,HK,issuer
VWCE,2026-05-31,2002,Nisshin Seifun Group Inc,0.0016,Consumer Staples,JP,issuer
VWCE,2026-05-31,9076,Seino Holdings Co Ltd,0.0016,Industrials,JP,issuer
VWCE,2026-05-31,SBICARD,SBI Cards & Payment Services Ltd,0.0016,Financials,IN,issuer
VWCE,2026-05-31,6417,Sankyo Co Ltd,0.0015,Consumer Discretionary,JP,issuer
VWCE,2026-05-31,4902,Konica Minolta Inc,0.0015,Technology,JP,issuer
VWCE,2026-05-31,ROCKB,ROCKWOOL A/S,0.0015,Industrials,DK,issuer
VWCE,2026-05-31,7276,Koito Manufacturing Co Ltd,0.0015,Consumer Discretionary,JP,issuer
VWCE,2026-05-31,SGM,Sims Ltd,0.0015,Utilities,AU,issuer
VWCE,2026-05-31,WHL,Woolworths Holdings Ltd/South Africa,0.0015,Consumer Discretionary,ZA,issuer
VWCE,2026-05-31,1099,Sinopharm Group Co Ltd,0.0015,Consumer Staples,HK,issuer
VWCE,2026-05-31,8TRA,Traton SE,0.0015,Industrials,DE,issuer
VWCE,2026-05-31,8252,Marui Group Co Ltd,0.0015,Financials,JP,issuer
VWCE,2026-05-31,PIRAMALF,Piramal Finance Ltd,0.0015,Financials,IN,issuer
VWCE,2026-05-31,OINL,Oil India Ltd,0.0015,Energy,IN,issuer
VWCE,2026-05-31,OTOEL,Autohellas Tourist and Trading SA,0.0015,Consumer Discretionary,GR,issuer
VWCE,2026-05-31,RIYADHCA,Riyadh Cables Group Co,0.0015,Industrials,SA,issuer
VWCE,2026-05-31,NDA,Nordea Bank Abp,0.0015,Financials,SE,issuer
VWCE,2026-05-31,TADAWULG,Saudi Tadawul Group Holding Co,0.0015,Financials,SA,issuer
VWCE,2026-05-31,6005,Miura Co Ltd,0.0015,Industrials,JP,issuer
VWCE,2026-05-31,300433,Lens Technology Co Ltd,0.0015,Technology,CN,issuer
VWCE,2026-05-31,SIE,SIA Engineering Co Ltd,0.0015,Industrials,SG,issuer
VWCE,2026-05-31,MAXIS,Maxis Bhd,0.0015,Telecommunications,MY,issuer
VWCE,2026-05-31,8060,Canon Marketing Japan Inc,0.0015,Technology,JP,issuer
VWCE,2026-05-31,9995,Remegen Co Ltd,0.0015,Health Care,HK,issuer
VWCE,2026-05-31,NMDC,NMDC Ltd,0.0015,Basic Materials,IN,issuer
VWCE,2026-05-31,13,HUTCHMED China Ltd,0.0015,Health Care,HK,issuer
VWCE,2026-05-31,8,PCCW Ltd,0.0015,Telecommunications,HK,issuer
VWCE,2026-05-31,4887,Sawai Group Holdings Co Ltd,0.0015,Health Care,JP,issuer
VWCE,2026-05-31,601668,China State Construction Engineering Corp Ltd,0.0015,Industrials,CN,issuer
VWCE,2026-05-31,3323,China National Building Material Co Ltd,0.0015,Industrials,HK,issuer
VWCE,2026-05-31,2212,Yamazaki Baking Co Ltd,0.0015,Consumer Staples,JP,issuer
VWCE,2026-05-31,3350,Red Planet Japan Inc,0.0015,Financials,JP,issuer
VWCE,2026-05-31,600489,Zhongjin Gold Corp Ltd,0.0015,Basic Materials,CN,issuer
VWCE,2026-05-31,010950,S-Oil Corp,0.0015,Energy,KR,issuer
VWCE,2026-05-31,RRTL,RTL Group SA,0.0015,Consumer Discretionary,DE,issuer
VWCE,2026-05-31,002203,Zhejiang Hailiang Co Ltd,0.0015,Basic Materials,CN,issuer
VWCE,2026-05-31,2609,Yang Ming Marine Transport Corp,0.0015,Industrials,TW,issuer
VWCE,2026-05-31,4613,Kansai Paint Co Ltd,0.0015,Industrials,JP,issuer
VWCE,2026-05-31,CRIN,Coromandel International Ltd,0.0015,Basic Materials,IN,issuer
VWCE,2026-05-31,NEXI,Nexi SpA,0.0015,Industrials,IT,issuer
VWCE,2026-05-31,001040,CJ Corp,0.0015,Industrials,KR,issuer
VWCE,2026-05-31,0126Z0,Samsung Episholdings Co Ltd,0.0015,Health Care,KR,issuer
VWCE,2026-05-31,IJM,IJM Corp Bhd,0.0014,Industrials,MY,issuer
VWCE,2026-05-31,2385,Chicony Electronics Co Ltd,0.0014,Technology,TW,issuer
VWCE,2026-05-31,3898,Zhuzhou CRRC Times Electric Co Ltd,0.0014,Industrials,HK,issuer
VWCE,2026-05-31,TTKOM,Turk Telekomunikasyon AS,0.0014,Telecommunications,TR,issuer
VWCE,2026-05-31,8YZ,Yangzijiang Maritime Development Ltd,0.0014,Financials,SG,issuer
VWCE,2026-05-31,SUNMED,Sunway Healthcare Holdings bhd,0.0014,Health Care,MY,issuer
VWCE,2026-05-31,BBAJIOO,Banco del Bajio SA,0.0014,Financials,MX,issuer
VWCE,2026-05-31,1776,GF Securities Co Ltd,0.0014,Financials,HK,issuer
VWCE,2026-05-31,9831,Yamada Holdings Co Ltd,0.0014,Consumer Discretionary,JP,issuer
VWCE,2026-05-31,PNB,Punjab National Bank,0.0014,Financials,IN,issuer
VWCE,2026-05-31,9917,Taiwan Secom Co Ltd,0.0014,Industrials,TW,issuer
VWCE,2026-05-31,8227,Shimamura Co Ltd,0.0014,Consumer Discretionary,JP,issuer
VWCE,2026-05-31,2871,Nichirei Corp,0.0014,Consumer Staples,JP,issuer
VWCE,2026-05-31,9202,ANA Holdings Inc,0.0014,Consumer Discretionary,JP,issuer
VWCE,2026-05-31,4912,Lion Corp,0.0014,Consumer Staples,JP,issuer
VWCE,2026-05-31,PETKM,Petkim Petrokimya Holding AS,0.0014,Basic Materials,TR,issuer
VWCE,2026-05-31,CXSE3,Caixa Seguridade Participacoes S/A,0.0014,Financials,BR,issuer
VWCE,2026-05-31,NTPCGREE,NTPC Green Energy Ltd,0.0014,Utilities,IN,issuer
VWCE,2026-05-31,VFQS,Vodafone Qatar PQSC,0.0014,Telecommunications,QA,issuer
VWCE,2026-05-31,2367,Giant Biogene Holding Co ltd,0.0014,Consumer Staples,HK,issuer
VWCE,2026-05-31,TCOM,Tata Communications Ltd,0.0014,Telecommunications,IN,issuer
VWCE,2026-05-31,ADES,Ades Holding Co,0.0014,Energy,SA,issuer
VWCE,2026-05-31,601211,Guotai Junan Securities Co Ltd,0.0014,Financials,CN,issuer
VWCE,2026-05-31,9468,Kadokawa Corp,0.0014,Consumer Discretionary,JP,issuer
VWCE,2026-05-31,AJP,Ajanta Pharma Ltd,0.0014,Health Care,IN,issuer
VWCE,2026-05-31,NHPC,NHPC Ltd,0.0014,Utilities,IN,issuer
VWCE,2026-05-31,603893,Rockchip Electronics Co Ltd,0.0014,Technology,CN,issuer
VWCE,2026-05-31,ISCTR,Turkiye Is Bankasi AS,0.0014,Financials,TR,issuer
VWCE,2026-05-31,MABANEE,Mabanee Co KPSC,0.0014,Real Estate,KW,issuer
VWCE,2026-05-31,670,China Eastern Airlines Corp Ltd,0.0014,Consumer Discretionary,HK,issuer
VWCE,2026-05-31,9688,Zai Lab Ltd,0.0014,Health Care,HK,issuer
VWCE,2026-05-31,128940,Hanmi Pharm Co Ltd,0.0014,Health Care,KR,issuer
VWCE,2026-05-31,9142,Kyushu Railway Co,0.0014,Consumer Discretionary,JP,issuer
VWCE,2026-05-31,600026,COSCO SHIPPING Energy Transportation Co Ltd,0.0014,Industrials,CN,issuer
VWCE,2026-05-31,DWS,DWS Group GmbH & Co KGaA,0.0014,Financials,DE,issuer
VWCE,2026-05-31,4506,Sumitomo Pharma Co Ltd,0.0014,Health Care,JP,issuer
VWCE,2026-05-31,241560,Doosan Bobcat Inc,0.0014,Industrials,KR,issuer
VWCE,2026-05-31,6460,Sega Sammy Holdings Inc,0.0014,Consumer Discretionary,JP,issuer
VWCE,2026-05-31,IPCA,Ipca Laboratories Ltd,0.0014,Health Care,IN,issuer
VWCE,2026-05-31,3038,Kobe Bussan Co Ltd,0.0014,Consumer Staples,JP,issuer
VWCE,2026-05-31,300033,Hithink RoyalFlush Information Network Co Ltd,0.0014,Technology,CN,issuer
VWCE,2026-05-31,ATGL,Adani Total Gas Ltd,0.0014,Utilities,IN,issuer
VWCE,2026-05-31,MMFS,Mahindra & Mahindra Financial Services Ltd,0.0014,Financials,IN,issuer
VWCE,2026-05-31,151,Want Want China Holdings Ltd,0.0014,Consumer Staples,HK,issuer
VWCE,2026-05-31,5021,Cosmo Energy Holdings Co Ltd,0.0014,Energy,JP,issuer
VWCE,2026-05-31,NWL,Netwealth Group Ltd,0.0014,Financials,AU,issuer
VWCE,2026-05-31,002714,Muyuan Foods Group Co Ltd,0.0014,Consumer Staples,CN,issuer
VWCE,2026-05-31,MAZDOCKS,Mazagon Dock Shipbuilders Ltd,0.0014,Industrials,IN,issuer
VWCE,2026-05-31,KBANK-R,Kasikornbank PCL,0.0013,Financials,TH,issuer
VWCE,2026-05-31,601228,Guangzhou Port Co Ltd,0.0013,Industrials,CN,issuer
VWCE,2026-05-31,271560,Orion Corp/Republic of Korea,0.0013,Consumer Staples,KR,issuer
VWCE,2026-05-31,7988,Nifco Inc/Japan,0.0013,Consumer Discretionary,JP,issuer
VWCE,2026-05-31,2727,Shanghai Electric Group Co Ltd,0.0013,Industrials,HK,issuer
VWCE,2026-05-31,3048,Bic Camera Inc,0.0013,Consumer Discretionary,JP,issuer
VWCE,2026-05-31,2371,Tatung Co Ltd,0.0013,Industrials,TW,issuer
VWCE,2026-05-31,180640,Hanjin Kal Corp,0.0013,Consumer Discretionary,KR,issuer
VWCE,2026-05-31,138930,BNK Financial Group Inc,0.0013,Financials,KR,issuer
VWCE,2026-05-31,5110,Sumitomo Rubber Industries Ltd,0.0013,Consumer Discretionary,JP,issuer
VWCE,2026-05-31,CEMARGOS,Cementos Argos SA,0.0013,Industrials,CO,issuer
VWCE,2026-05-31,1414,SHO-BOND Holdings Co Ltd,0.0013,Industrials,JP,issuer
VWCE,2026-05-31,6088,FIT Hon Teng Ltd,0.0013,Industrials,HK,issuer
VWCE,2026-05-31,MTS,Metcash Ltd,0.0013,Consumer Staples,AU,issuer
VWCE,2026-05-31,4540,Tsumura & Co,0.0013,Health Care,JP,issuer
VWCE,2026-05-31,601766,CRRC Corp Ltd,0.0013,Industrials,CN,issuer
VWCE,2026-05-31,TRUE-R,True Corp PCL,0.0013,Telecommunications,TH,issuer
VWCE,2026-05-31,9896,MINISO Group Holding Ltd,0.0013,Consumer Discretionary,HK,issuer
VWCE,2026-05-31,TITC,Titan Cement International SA,0.0013,Industrials,GR,issuer
VWCE,2026-05-31,9899,Cloud Music Inc,0.0013,Consumer Discretionary,HK,issuer
VWCE,2026-05-31,MDKA,Merdeka Copper Gold Tbk PT,0.0013,Basic Materials,ID,issuer
VWCE,2026-05-31,301308,Shenzhen Longsys Electronics Co Ltd,0.0013,Technology,CN,issuer
VWCE,2026-05-31,002129,TCL Zhonghuan Renewable Energy Technology Co Ltd,0.0013,Energy,CN,issuer
VWCE,2026-05-31,1138,COSCO SHIPPING Energy Transportation Co Ltd,0.0013,Industrials,HK,issuer
VWCE,2026-05-31,600409,Tangshan Sanyou Chemical Industries Co Ltd,0.0013,Basic Materials,CN,issuer
VWCE,2026-05-31,002493,Rongsheng Petrochemical Co Ltd,0.0013,Basic Materials,CN,issuer
VWCE,2026-05-31,136,China Ruyi Holdings Ltd,0.0013,Consumer Discretionary,HK,issuer
VWCE,2026-05-31,090430,Amorepacific Corp,0.0013,Consumer Discretionary,KR,issuer
VWCE,2026-05-31,384,China Gas Holdings Ltd,0.0013,Utilities,HK,issuer
VWCE,2026-05-31,000100,TCL Technology Group Corp,0.0013,Technology,CN,issuer
VWCE,2026-05-31,8088,Iwatani Corp,0.0013,Utilities,JP,issuer
VWCE,2026-05-31,Q*,Qualitas Controladora SAB de CV,0.0013,Financials,MX,issuer
VWCE,2026-05-31,EGCO/F,Electricity Generating PCL,0.0013,Utilities,TH,issuer
VWCE,2026-05-31,FLT,Frasers Logistics & Commercial Trust,0.0013,Real Estate,SG,issuer
VWCE,2026-05-31,868,Xinyi Glass Holdings Ltd,0.0013,Industrials,HK,issuer
VWCE,2026-05-31,UNOMINDA,UNO Minda Ltd,0.0013,Consumer Discretionary,IN,issuer
VWCE,2026-05-31,SIME,Sime Darby Bhd,0.0013,Consumer Discretionary,MY,issuer
VWCE,2026-05-31,3774,Internet Initiative Japan Inc,0.0013,Telecommunications,JP,issuer
VWCE,2026-05-31,047050,Posco International Corp,0.0013,Industrials,KR,issuer
VWCE,2026-05-31,7984,Kokuyo Co Ltd,0.0013,Industrials,JP,issuer
VWCE,2026-05-31,NHC,New Hope Corp Ltd,0.0013,Energy,AU,issuer
VWCE,2026-05-31,CRC/F,Central Retail Corp PCL,0.0013,Consumer Discretionary,TH,issuer
VWCE,2026-05-31,7459,Medipal Holdings Corp,0.0013,Consumer Staples,JP,issuer
VWCE,2026-05-31,004020,Hyundai Steel Co,0.0013,Basic Materials,KR,issuer
VWCE,2026-05-31,9987,Suzuken Co Ltd/Aichi Japan,0.0013,Consumer Staples,JP,issuer
VWCE,2026-05-31,7564,Workman Co Ltd,0.0013,Consumer Discretionary,JP,issuer
VWCE,2026-05-31,1193,China Resources Gas Group Ltd,0.0012,Utilities,HK,issuer
VWCE,2026-05-31,NATU3,Natura Cosmeticos SA,0.0012,Consumer Discretionary,BR,issuer
VWCE,2026-05-31,605499,Eastroc Beverage Group Co Ltd,0.0012,Consumer Staples,CN,issuer
VWCE,2026-05-31,600219,Shandong Nanshan Aluminum Co Ltd,0.0012,Basic Materials,CN,issuer
VWCE,2026-05-31,INBK,Indian Bank,0.0012,Financials,IN,issuer
VWCE,2026-05-31,1476,Eclat Textile Co Ltd,0.0012,Consumer Discretionary,TW,issuer
VWCE,2026-05-31,ALSEA*,Alsea SAB de CV,0.0012,Consumer Discretionary,MX,issuer
VWCE,2026-05-31,ENELAM,Enel Americas SA,0.0012,Utilities,CL,issuer
VWCE,2026-05-31,3900,Greentown China Holdings Ltd,0.0012,Real Estate,HK,issuer
VWCE,2026-05-31,9201,Japan Airlines Co Ltd,0.0012,Consumer Discretionary,JP,issuer
VWCE,2026-05-31,8410,Seven Bank Ltd,0.0012,Financials,JP,issuer
VWCE,2026-05-31,JCNC,Jardine Cycle & Carriage Ltd,0.0012,Consumer Discretionary,SG,issuer
VWCE,2026-05-31,1503,Shihlin Electric & Engineering Corp,0.0012,Industrials,TW,issuer
VWCE,2026-05-31,177,Jiangsu Expressway Co Ltd,0.0012,Industrials,HK,issuer
VWCE,2026-05-31,ENRG,Energix-Renewable Energies Ltd,0.0012,Utilities,IL,issuer
VWCE,2026-05-31,AXIATA,Axiata Group Bhd,0.0012,Telecommunications,MY,issuer
VWCE,2026-05-31,HLUNB,H Lundbeck A/S,0.0012,Health Care,DK,issuer
VWCE,2026-05-31,2377,Micro-Star International Co Ltd,0.0012,Technology,TW,issuer
VWCE,2026-05-31,ATHM,Autohome Inc,0.0012,Technology,US,issuer
VWCE,2026-05-31,6409,Voltronic Power Technology Corp,0.0012,Industrials,TW,issuer
VWCE,2026-05-31,ASTRA,Astral Ltd,0.0012,Industrials,IN,issuer
VWCE,2026-05-31,601088,China Shenhua Energy Co Ltd,0.0012,Energy,CN,issuer
VWCE,2026-05-31,3311,China State Construction International Holdings Ltd,0.0012,Industrials,HK,issuer
VWCE,2026-05-31,PLNG,Petronet LNG Ltd,0.0012,Energy,IN,issuer
VWCE,2026-05-31,ALI,Ayala Land Inc,0.0012,Real Estate,PH,issuer
VWCE,2026-05-31,688072,Piotech Inc,0.0012,Technology,CN,issuer
VWCE,2026-05-31,867,China Medical System Holdings Ltd,0.0012,Health Care,HK,issuer
VWCE,2026-05-31,GRF/P,Grifols SA,0.0012,Health Care,ES,issuer
VWCE,2026-05-31,600660,Fuyao Glass Industry Group Co Ltd,0.0012,Industrials,CN,issuer
VWCE,2026-05-31,EBO,EBOS Group Ltd,0.0012,Health Care,NZ,issuer
VWCE,2026-05-31,600887,Inner Mongolia Yili Industrial Group Co Ltd,0.0012,Consumer Staples,CN,issuer
VWCE,2026-05-31,2784,Alfresa Holdings Corp,0.0012,Health Care,JP,issuer
VWCE,2026-05-31,1513,Livzon Pharmaceutical Group Inc,0.0012,Health Care,HK,issuer
VWCE,2026-05-31,JOYY,JOYY Inc,0.0012,Technology,US,issuer
VWCE,2026-05-31,4733,OBIC Business Consultants Co Ltd,0.0012,Technology,JP,issuer
VWCE,2026-05-31,000792,Qinghai Salt Lake Industry Co Ltd,0.0012,Basic Materials,CN,issuer
VWCE,2026-05-31,5938,Lixil Corp,0.0012,Industrials,JP,issuer
VWCE,2026-05-31,PGOLD,Puregold Price Club Inc,0.0012,Consumer Staples,PH,issuer
VWCE,2026-05-31,4194,Visional Inc,0.0012,Industrials,JP,issuer
VWCE,2026-05-31,AGILITY,Agility Global PLC,0.0012,Industrials,AE,issuer
VWCE,2026-05-31,179,Johnson Electric Holdings Ltd,0.0012,Industrials,HK,issuer
VWCE,2026-05-31,002010,Transfar Zhilian Co Ltd,0.0012,Industrials,CN,issuer
VWCE,2026-05-31,1585,Yadea Group Holdings Ltd,0.0012,Consumer Discretionary,HK,issuer
VWCE,2026-05-31,QFIN,Qfin Holdings Inc,0.0012,Financials,US,issuer
VWCE,2026-05-31,ABCAP,Aditya Birla Capital Ltd,0.0012,Financials,IN,issuer
VWCE,2026-05-31,MBT,Metropolitan Bank & Trust Co,0.0011,Financials,PH,issuer
VWCE,2026-05-31,4202,Daicel Corp,0.0011,Industrials,JP,issuer
VWCE,2026-05-31,600886,SDIC Power Holdings Co Ltd,0.0011,Utilities,CN,issuer
VWCE,2026-05-31,GBK,Gulf Bank KSCP,0.0011,Financials,KW,issuer
VWCE,2026-05-31,MRDIY,MR DIY Group M Bhd,0.0011,Consumer Discretionary,MY,issuer
VWCE,2026-05-31,9008,Keio Corp,0.0011,Consumer Discretionary,JP,issuer
VWCE,2026-05-31,DLG,Dialog Group Bhd,0.0011,Energy,MY,issuer
VWCE,2026-05-31,968,Xinyi Solar Holdings Ltd,0.0011,Energy,HK,issuer
VWCE,2026-05-31,SISE,Turkiye Sise ve Cam Fabrikalari AS,0.0011,Industrials,TR,issuer
VWCE,2026-05-31,2451,Transcend Information Inc,0.0011,Technology,TW,issuer
VWCE,2026-05-31,OBER,Oberoi Realty Ltd,0.0011,Real Estate,IN,issuer
VWCE,2026-05-31,SMFT3,Smartfit Escola de Ginastica e Danca SA,0.0011,Consumer Discretionary,BR,issuer
VWCE,2026-05-31,688469,United Nova Technology Co Ltd,0.0011,Technology,CN,issuer
VWCE,2026-05-31,051900,LG H&H Co Ltd,0.0011,Consumer Staples,KR,issuer
VWCE,2026-05-31,5947,Rinnai Corp,0.0011,Consumer Discretionary,JP,issuer
VWCE,2026-05-31,PREMIERE,New Issuer: BB Company ID:20732815,0.0011,Energy,IN,issuer
VWCE,2026-05-31,600809,Shanxi Xinghuacun Fen Wine Factory Co Ltd,0.0011,Consumer Staples,CN,issuer
VWCE,2026-05-31,316,Orient Overseas International Ltd,0.0011,Industrials,HK,issuer
VWCE,2026-05-31,605117,Ningbo Deye Technology Corp,0.0011,Industrials,CN,issuer
VWCE,2026-05-31,CTPNV,CTP NV,0.0011,Real Estate,NL,issuer
VWCE,2026-05-31,600415,Zhejiang China Commodities City Group Co Ltd,0.0011,Consumer Discretionary,CN,issuer
VWCE,2026-05-31,2531,Takara Holdings Inc,0.0011,Consumer Staples,JP,issuer
VWCE,2026-05-31,601998,China CITIC Bank Corp Ltd,0.0011,Financials,CN,issuer
VWCE,2026-05-31,CCOLA,Coca-Cola Icecek AS,0.0011,Consumer Staples,TR,issuer
VWCE,2026-05-31,VOLCARB,Volvo Car AB,0.0011,Consumer Discretionary,SE,issuer
VWCE,2026-05-31,ESCORTS,Escorts Kubota Ltd,0.0011,Industrials,IN,issuer
VWCE,2026-05-31,2380,China Power International Development Ltd,0.0011,Utilities,HK,issuer
VWCE,2026-05-31,ALDREES,Aldrees Petroleum and Transport Services Co,0.0011,Energy,SA,issuer
VWCE,2026-05-31,2799,China CITIC Financial Asset Management Co Ltd,0.0011,Financials,HK,issuer
VWCE,2026-05-31,QEWS,Nebras Energy,0.0011,Utilities,QA,issuer
VWCE,2026-05-31,SIIG,Saudi Industrial Investment Group,0.0011,Basic Materials,SA,issuer
VWCE,2026-05-31,TEL,PLDT Inc,0.0011,Telecommunications,PH,issuer
VWCE,2026-05-31,1908,C&D International Investment Group Ltd,0.0011,Real Estate,HK,issuer
VWCE,2026-05-31,4966,Parade Technologies Ltd,0.0011,Technology,TW,issuer
VWCE,2026-05-31,3401,Teijin Ltd,0.0011,Basic Materials,JP,issuer
VWCE,2026-05-31,078930,GS Holdings Corp,0.0011,Industrials,KR,issuer
VWCE,2026-05-31,326030,SK Biopharmaceuticals Co Ltd,0.0011,Health Care,KR,issuer
VWCE,2026-05-31,035250,Kangwon Land Inc,0.0011,Consumer Discretionary,KR,issuer
VWCE,2026-05-31,9504,Chugoku Electric Power Co Inc/The,0.0011,Utilities,JP,issuer
VWCE,2026-05-31,8056,BIPROGY Inc,0.0011,Technology,JP,issuer
VWCE,2026-05-31,HLBK,Hong Leong Bank Bhd,0.0011,Financials,MY,issuer
VWCE,2026-05-31,2327,NS Solutions Corp,0.0011,Technology,JP,issuer
VWCE,2026-05-31,6505,Formosa Petrochemical Corp,0.0011,Energy,TW,issuer
VWCE,2026-05-31,601988,Bank of China Ltd,0.0011,Financials,CN,issuer
VWCE,2026-05-31,CPIN,Charoen Pokphand Indonesia Tbk PT,0.001,Consumer Staples,ID,issuer
VWCE,2026-05-31,BAJAJHFL,New Issuer: BB Company ID:27928662,0.001,Financials,IN,issuer
VWCE,2026-05-31,GICRE,General Insurance Corp of India,0.001,Financials,IN,issuer
VWCE,2026-05-31,005940,NH Investment & Securities Co Ltd,0.001,Financials,KR,issuer
VWCE,2026-05-31,BBL/F,Bangkok Bank PCL,0.001,Financials,TH,issuer
VWCE,2026-05-31,601816,Beijing-Shanghai High Speed Railway Co Ltd,0.001,Industrials,CN,issuer
VWCE,2026-05-31,586,China Conch Venture Holdings Ltd,0.001,Utilities,HK,issuer
VWCE,2026-05-31,IRFC,Indian Railway Finance Corp Ltd,0.001,Industrials,IN,issuer
VWCE,2026-05-31,6436,Amano Corp,0.001,Industrials,JP,issuer
VWCE,2026-05-31,INDF,Indofood Sukses Makmur Tbk PT,0.001,Consumer Staples,ID,issuer
VWCE,2026-05-31,DIF/F,Digital Telecommunications Infrastructure Fund,0.001,Telecommunications,TH,issuer
VWCE,2026-05-31,JUBI,Jubilant Foodworks Ltd,0.001,Consumer Discretionary,IN,issuer
VWCE,2026-05-31,ZAINKSA,Mobile Telecommunications Co Saudi Arabia,0.001,Telecommunications,SA,issuer
VWCE,2026-05-31,4680,Round One Corp,0.001,Consumer Discretionary,JP,issuer
VWCE,2026-05-31,417A,Blue Zones Holdings Co Ltd,0.001,Consumer Staples,JP,issuer
VWCE,2026-05-31,200581,Weifu High-Technology Group Co Ltd,0.001,Consumer Discretionary,CN,issuer
VWCE,2026-05-31,CMIG3,Cia Energetica de Minas Gerais,0.001,Utilities,BR,issuer
VWCE,2026-05-31,011780,Kumho Petrochemical Co Ltd,0.001,Basic Materials,KR,issuer
VWCE,2026-05-31,000039,China International Marine Containers Group Co Ltd,0.001,Industrials,CN,issuer
VWCE,2026-05-31,GARAN,Turkiye Garanti Bankasi AS,0.001,Financials,TR,issuer
VWCE,2026-05-31,7211,Mitsubishi Motors Corp,0.001,Consumer Discretionary,JP,issuer
VWCE,2026-05-31,RLX,RLX Technology Inc,0.001,Consumer Staples,US,issuer
VWCE,2026-05-31,AMRT,Sumber Alfaria Trijaya Tbk PT,0.001,Consumer Staples,ID,issuer
VWCE,2026-05-31,9045,Keihan Holdings Co Ltd,0.001,Industrials,JP,issuer
VWCE,2026-05-31,FLT,Flight Centre Travel Group Ltd,0.001,Consumer Discretionary,AU,issuer
VWCE,2026-05-31,5463,Maruichi Steel Tube Ltd,0.001,Basic Materials,JP,issuer
VWCE,2026-05-31,600195,China Animal Husbandry Industry Co Ltd,0.001,Health Care,CN,issuer
VWCE,2026-05-31,BRGR,Berger Paints India Ltd,0.001,Industrials,IN,issuer
VWCE,2026-05-31,PATANJAL,Patanjali Foods Ltd,0.001,Consumer Staples,IN,issuer
VWCE,2026-05-31,600320,Shanghai Zhenhua Heavy Industries Co Ltd,0.001,Industrials,CN,issuer
VWCE,2026-05-31,2433,Hakuhodo DY Holdings Inc,0.001,Consumer Discretionary,JP,issuer
VWCE,2026-05-31,EXID,Exide Industries Ltd,0.001,Industrials,IN,issuer
VWCE,2026-05-31,BIL,Balkrishna Industries Ltd,0.001,Consumer Discretionary,IN,issuer
VWCE,2026-05-31,9364,Kamigumi Co Ltd,0.001,Industrials,JP,issuer
VWCE,2026-05-31,002027,Focus Media Information Technology Co Ltd,0.001,Consumer Discretionary,CN,issuer
VWCE,2026-05-31,000568,Luzhou Laojiao Co Ltd,0.001,Consumer Staples,CN,issuer
VWCE,2026-05-31,6186,China Feihe Ltd,0.001,Consumer Staples,HK,issuer
VWCE,2026-05-31,KALYANKJ,Kalyan Jewellers India Ltd,0.001,Consumer Discretionary,IN,issuer
VWCE,2026-05-31,600028,China Petroleum & Chemical Corp,0.001,Energy,CN,issuer
VWCE,2026-05-31,FNH,Fraser & Neave Holdings Bhd,0.001,Consumer Staples,MY,issuer
VWCE,2026-05-31,DALBHARA,Dalmia Bharat Ltd,0.001,Industrials,IN,issuer
VWCE,2026-05-31,600547,Shandong Gold Mining Co Ltd,0.001,Basic Materials,CN,issuer
VWCE,2026-05-31,BHARTIHE,New Issuer: BB Company ID:21672911,0.001,Telecommunications,IN,issuer
VWCE,2026-05-31,CRISIL,CRISIL Ltd,0.001,Financials,IN,issuer
VWCE,2026-05-31,5269,ASMedia Technology Inc,0.001,Technology,TW,issuer
VWCE,2026-05-31,9006,Keikyu Corp,0.001,Industrials,JP,issuer
VWCE,2026-05-31,AMR,Americana Restaurants International PLC - Foreign Co,0.001,Consumer Discretionary,AE,issuer
VWCE,2026-05-31,4666,Park24 Co Ltd,0.001,Industrials,JP,issuer
VWCE,2026-05-31,600418,Anhui Jianghuai Automobile Group Corp Ltd,0.001,Consumer Discretionary,CN,issuer
VWCE,2026-05-31,UNTR,United Tractors Tbk PT,0.001,Basic Materials,ID,issuer
VWCE,2026-05-31,1359,China Cinda Asset Management Co Ltd,0.001,Financials,HK,issuer
VWCE,2026-05-31,GP,Godfrey Phillips India Ltd,0.001,Consumer Staples,IN,issuer
VWCE,2026-05-31,2009,BBMG Corp,0.001,Industrials,HK,issuer
VWCE,2026-05-31,603288,Foshan Haitian Flavouring & Food Co Ltd,0.0009,Consumer Staples,CN,issuer
VWCE,2026-05-31,YAL,Yancoal Australia Ltd,0.0009,Energy,AU,issuer
VWCE,2026-05-31,CDSL,Central Depository Services India Ltd,0.0009,Financials,IN,issuer
VWCE,2026-05-31,BANDHAN,Bandhan Bank Ltd,0.0009,Financials,IN,issuer
VWCE,2026-05-31,601100,Jiangsu Hengli Hydraulic Co Ltd,0.0009,Industrials,CN,issuer
VWCE,2026-05-31,8464,Nien Made Enterprise Co Ltd,0.0009,Consumer Discretionary,TW,issuer
VWCE,2026-05-31,002281,Accelink Technologies Co Ltd,0.0009,Telecommunications,CN,issuer
VWCE,2026-05-31,FROTO,Ford Otomotiv Sanayi AS,0.0009,Consumer Discretionary,TR,issuer
VWCE,2026-05-31,TELX,Tata Elxsi Ltd,0.0009,Technology,IN,issuer
VWCE,2026-05-31,551,Yue Yuen Industrial Holdings Ltd,0.0009,Consumer Discretionary,HK,issuer
VWCE,2026-05-31,300296,Leyard Optoelectronic Co Ltd,0.0009,Technology,CN,issuer
VWCE,2026-05-31,688521,Verisilicon Microelectronics Shanghai Co Ltd,0.0009,Technology,CN,issuer
VWCE,2026-05-31,SIBC,Saudi Investment Bank/The,0.0009,Financials,SA,issuer
VWCE,2026-05-31,4516,Nippon Shinyaku Co Ltd,0.0009,Health Care,JP,issuer
VWCE,2026-05-31,TALABAT,New Issuer: BB Company ID:72035566,0.0009,Consumer Discretionary,AE,issuer
VWCE,2026-05-31,4716,Oracle Corp Japan,0.0009,Technology,JP,issuer
VWCE,2026-05-31,6066,CSC Financial Co Ltd,0.0009,Financials,HK,issuer
VWCE,2026-05-31,AKSEN,Aksa Enerji Uretim AS,0.0009,Utilities,TR,issuer
VWCE,2026-05-31,COCHIN,Cochin Shipyard Ltd,0.0009,Industrials,IN,issuer
VWCE,2026-05-31,KAYNES,Kaynes Technology India Ltd,0.0009,Technology,IN,issuer
VWCE,2026-05-31,RVNL,Rail Vikas Nigam Ltd,0.0009,Industrials,IN,issuer
VWCE,2026-05-31,9910,Feng TAY Enterprise Co Ltd,0.0009,Consumer Discretionary,TW,issuer
VWCE,2026-05-31,601991,Datang International Power Generation Co Ltd,0.0009,Utilities,CN,issuer
VWCE,2026-05-31,MOFS,Motilal Oswal Financial Services Ltd,0.0009,Financials,IN,issuer
VWCE,2026-05-31,3635,Koei Tecmo Holdings Co Ltd,0.0009,Consumer Discretionary,JP,issuer
VWCE,2026-05-31,600674,Sichuan Chuantou Energy Co Ltd,0.0009,Utilities,CN,issuer
VWCE,2026-05-31,6060,ZhongAn Online P&C Insurance Co Ltd,0.0009,Financials,HK,issuer
VWCE,2026-05-31,TAVHL,TAV Havalimanlari Holding AS,0.0009,Industrials,TR,issuer
VWCE,2026-05-31,601222,Jiangsu Linyang Energy Co Ltd,0.0009,Industrials,CN,issuer
VWCE,2026-05-31,023530,Lotte Shopping Co Ltd,0.0009,Consumer Discretionary,KR,issuer
VWCE,2026-05-31,1114,Brilliance China Automotive Holdings Ltd,0.0009,Consumer Discretionary,HK,issuer
VWCE,2026-05-31,9065,Sankyu Inc,0.0009,Industrials,JP,issuer
VWCE,2026-05-31,CMPC,Empresas CMPC SA,0.0009,Basic Materials,CL,issuer
VWCE,2026-05-31,SAL,SAL Saudi Logistics Services,0.0009,Industrials,SA,issuer
VWCE,2026-05-31,300001,Qingdao TGOOD Electric Co Ltd,0.0009,Technology,CN,issuer
VWCE,2026-05-31,300757,RoboTechnik Intelligent Technology Co Ltd,0.0009,Industrials,CN,issuer
VWCE,2026-05-31,ELPE,HELLENiQ ENERGY Holdings S.A.,0.0009,Energy,GR,issuer
VWCE,2026-05-31,601865,Flat Glass Group Co Ltd,0.0009,Industrials,CN,issuer
VWCE,2026-05-31,900912,Shanghai Waigaoqiao Free Trade Zone Group Co Ltd,0.0009,Real Estate,CN,issuer
VWCE,2026-05-31,MONET,Moneta Money Bank AS,0.0009,Financials,CZ,issuer
VWCE,2026-05-31,293,Cathay Pacific Airways Ltd,0.0009,Consumer Discretionary,HK,issuer
VWCE,2026-05-31,6098,Country Garden Services Holdings Co Ltd,0.0009,Real Estate,HK,issuer
VWCE,2026-05-31,87,Swire Pacific Ltd,0.0009,Consumer Staples,HK,issuer
VWCE,2026-05-31,2498,HTC Corp,0.0009,Telecommunications,TW,issuer
VWCE,2026-05-31,9989,Sundrug Co Ltd,0.0009,Consumer Staples,JP,issuer
VWCE,2026-05-31,600011,Huaneng Power International Inc,0.0009,Utilities,CN,issuer
VWCE,2026-05-31,CCRI,Container Corp Of India Ltd,0.0009,Industrials,IN,issuer
VWCE,2026-05-31,300014,Eve Energy Co Ltd,0.0009,Industrials,CN,issuer
VWCE,2026-05-31,8986,Daiwa Securities Living Investments Corp,0.0009,Real Estate,JP,issuer
VWCE,2026-05-31,600350,Shandong Hi-speed Co Ltd,0.0009,Industrials,CN,issuer
VWCE,2026-05-31,688385,Shanghai Fudan Microelectronics Group Co Ltd,0.0009,Technology,CN,issuer
VWCE,2026-05-31,601577,Bank of Changsha Co Ltd,0.0009,Financials,CN,issuer
VWCE,2026-05-31,688126,National Silicon Industry Group Co Ltd,0.0009,Technology,CN,issuer
VWCE,2026-05-31,2883,China Oilfield Services Ltd,0.0009,Energy,HK,issuer
VWCE,2026-05-31,DUBK,Dukhan Bank,0.0009,Financials,QA,issuer
VWCE,2026-05-31,ACC,ACC Ltd,0.0009,Industrials,IN,issuer
VWCE,2026-05-31,6951,Jeol Ltd,0.0009,Industrials,JP,issuer
VWCE,2026-05-31,IRCTC,Indian Railway Catering & Tourism Corp Ltd,0.0009,Consumer Discretionary,IN,issuer
VWCE,2026-05-31,9706,Japan Airport Terminal Co Ltd,0.0009,Industrials,JP,issuer
VWCE,2026-05-31,300442,Range Intelligent Computing Technology Group Co Ltd,0.0009,Industrials,CN,issuer
VWCE,2026-05-31,3397,Toridoll Holdings Corp,0.0009,Consumer Discretionary,JP,issuer
VWCE,2026-05-31,17,New World Development Co Ltd,0.0009,Real Estate,HK,issuer
VWCE,2026-05-31,INL,Investec Ltd,0.0009,Financials,ZA,issuer
VWCE,2026-05-31,FLUOROCH,Gujarat Fluorochemicals Ltd,0.0009,Basic Materials,IN,issuer
VWCE,2026-05-31,RA,Regional SAB de CV,0.0008,Financials,MX,issuer
VWCE,2026-05-31,8964,Frontier Real Estate Investment Corp,0.0008,Real Estate,JP,issuer
VWCE,2026-05-31,600352,Zhejiang Longsheng Group Co Ltd,0.0008,Basic Materials,CN,issuer
VWCE,2026-05-31,,Sodexo SA,0.0008,,FR,issuer
VWCE,2026-05-31,LUBEREF,Saudi Aramco Base Oil Co,0.0008,Energy,SA,issuer
VWCE,2026-05-31,002080,Sinoma Science & Technology Co Ltd,0.0008,Basic Materials,CN,issuer
VWCE,2026-05-31,1797,East Buy Holding Ltd,0.0008,Consumer Discretionary,HK,issuer
VWCE,2026-05-31,300015,Aier Eye Hospital Group Co Ltd,0.0008,Health Care,CN,issuer
VWCE,2026-05-31,002380,KCC Corp,0.0008,Industrials,KR,issuer
VWCE,2026-05-31,ORBIA*,Orbia Advance Corp SAB de CV,0.0008,Industrials,MX,issuer
VWCE,2026-05-31,KREIT,Keppel REIT,0.0008,Utilities,SG,issuer
VWCE,2026-05-31,338,Sinopec Shanghai Petrochemical Co Ltd,0.0008,Energy,HK,issuer
VWCE,2026-05-31,4967,Kobayashi Pharmaceutical Co Ltd,0.0008,Consumer Staples,JP,issuer
VWCE,2026-05-31,392,Beijing Enterprises Holdings Ltd,0.0008,Utilities,HK,issuer
VWCE,2026-05-31,2196,Shanghai Fosun Pharmaceutical Group Co Ltd,0.0008,Health Care,HK,issuer
VWCE,2026-05-31,6849,Nihon Kohden Corp,0.0008,Health Care,JP,issuer
VWCE,2026-05-31,600516,Fangda Carbon New Material Co Ltd,0.0008,Basic Materials,CN,issuer
VWCE,2026-05-31,601788,Everbright Securities Co Ltd,0.0008,Financials,CN,issuer
VWCE,2026-05-31,JAMJOOMP,Jamjoom Pharmaceuticals Factory Co,0.0008,Health Care,SA,issuer
VWCE,2026-05-31,BEM/F,Bangkok Expressway & Metro PCL,0.0008,Industrials,TH,issuer
VWCE,2026-05-31,KRDMA,Kardemir Karabuk Demir Celik Sanayi ve Ticaret AS,0.0008,Basic Materials,TR,issuer
VWCE,2026-05-31,000685,Zhongshan Public Utilities Group Co Ltd,0.0008,Utilities,CN,issuer
VWCE,2026-05-31,081660,Fila Holdings Corp,0.0008,Consumer Discretionary,KR,issuer
VWCE,2026-05-31,601127,Seres Group Co Ltd,0.0008,Consumer Discretionary,CN,issuer
VWCE,2026-05-31,QFLS,Qatar Fuel QSC,0.0008,Energy,QA,issuer
VWCE,2026-05-31,3994,Money Forward Inc,0.0008,Technology,JP,issuer
VWCE,2026-05-31,POONAWAL,Poonawalla Fincorp Ltd,0.0008,Financials,IN,issuer
VWCE,2026-05-31,600016,China Minsheng Banking Corp Ltd,0.0008,Financials,CN,issuer
VWCE,2026-05-31,ASTRA,Astra Industrial Group,0.0008,Financials,SA,issuer
VWCE,2026-05-31,23,Bank of East Asia Ltd/The,0.0008,Financials,HK,issuer
VWCE,2026-05-31,1071,Huadian Power International Corp Ltd,0.0008,Utilities,HK,issuer
VWCE,2026-05-31,3349,Cosmos Pharmaceutical Corp,0.0008,Consumer Staples,JP,issuer
VWCE,2026-05-31,MOUWASAT,Mouwasat Medical Services Co,0.0008,Health Care,SA,issuer
VWCE,2026-05-31,RGN,Region RE Ltd,0.0008,Real Estate,AU,issuer
VWCE,2026-05-31,AGUAS/A,Aguas Andinas SA,0.0008,Utilities,CL,issuer
VWCE,2026-05-31,600648,Shanghai Waigaoqiao Free Trade Zone Group Co Ltd,0.0008,Real Estate,CN,issuer
VWCE,2026-05-31,8282,K's Holdings Corp,0.0008,Consumer Discretionary,JP,issuer
VWCE,2026-05-31,600025,Huaneng Lancang River Hydropower Inc,0.0008,Utilities,CN,issuer
VWCE,2026-05-31,817,China Jinmao Holdings Group Ltd,0.0008,Real Estate,HK,issuer
VWCE,2026-05-31,601881,China Galaxy Securities Co Ltd,0.0008,Financials,CN,issuer
VWCE,2026-05-31,8967,Japan Logistics Fund Inc,0.0008,Real Estate,JP,issuer
VWCE,2026-05-31,NETLINK,NETLINK NBN TRUST,0.0008,Telecommunications,SG,issuer
VWCE,2026-05-31,300604,Hangzhou Chang Chuan Technology Co Ltd,0.0008,Technology,CN,issuer
VWCE,2026-05-31,9048,Nagoya Railroad Co Ltd,0.0008,Industrials,JP,issuer
VWCE,2026-05-31,SCHFL,Schaeffler India Ltd,0.0008,Consumer Discretionary,IN,issuer
VWCE,2026-05-31,601111,Air China Ltd,0.0008,Consumer Discretionary,CN,issuer
VWCE,2026-05-31,BDL,Bharat Dynamics Ltd,0.0008,Industrials,IN,issuer
VWCE,2026-05-31,3618,Chongqing Rural Commercial Bank Co Ltd,0.0008,Financials,HK,issuer
VWCE,2026-05-31,6655,Huaxin Building Materials Group Co Ltd,0.0008,Industrials,HK,issuer
VWCE,2026-05-31,2050,Zhejiang Sanhua Intelligent Controls Co Ltd,0.0008,Industrials,HK,issuer
VWCE,2026-05-31,3291,Iida Group Holdings Co Ltd,0.0008,Consumer Discretionary,JP,issuer
VWCE,2026-05-31,KPITTECH,KPIT Technologies Ltd,0.0008,Technology,IN,issuer
VWCE,2026-05-31,631,Sany Heavy Equipment International Holdings Co Ltd,0.0008,Industrials,HK,issuer
VWCE,2026-05-31,489790,Hanwha Industrial Solutions Co Ltd/ New,0.0008,Industrials,KR,issuer
VWCE,2026-05-31,SIPCHEM,Sahara International Petrochemical Co,0.0008,Basic Materials,SA,issuer
VWCE,2026-05-31,EMPOWER,Emirates Central Cooling Systems Corp,0.0008,Industrials,AE,issuer
VWCE,2026-05-31,688111,Beijing Kingsoft Office Software Inc,0.0008,Technology,CN,issuer
VWCE,2026-05-31,BJAZ,Bank Al-Jazira,0.0008,Financials,SA,issuer
VWCE,2026-05-31,AIAE,AIA Engineering Ltd,0.0008,Industrials,IN,issuer
VWCE,2026-05-31,000651,Gree Electric Appliances Inc of Zhuhai,0.0008,Consumer Discretionary,CN,issuer
VWCE,2026-05-31,GOAU4,Metalurgica Gerdau SA,0.0008,Basic Materials,BR,issuer
VWCE,2026-05-31,2811,Kagome Co Ltd,0.0008,Consumer Staples,JP,issuer
VWCE,2026-05-31,CCU,Cia Cervecerias Unidas SA,0.0008,Consumer Staples,CL,issuer
VWCE,2026-05-31,8111,Goldwin Inc,0.0008,Consumer Discretionary,JP,issuer
VWCE,2026-05-31,204320,HL Mando Co Ltd,0.0008,Consumer Discretionary,KR,issuer
VWCE,2026-05-31,600436,Zhangzhou Pientzehuang Pharmaceutical Co Ltd,0.0008,Health Care,CN,issuer
VWCE,2026-05-31,NARH,Narayana Hrudayalaya Ltd,0.0008,Health Care,IN,issuer
VWCE,2026-05-31,3471,Mitsui Fudosan Logistics Park Inc,0.0008,Real Estate,JP,issuer
VWCE,2026-05-31,601298,Qingdao Port International Co Ltd,0.0008,Industrials,CN,issuer
VWCE,2026-05-31,002466,Tianqi Lithium Corp,0.0008,Basic Materials,CN,issuer
VWCE,2026-05-31,NESZ,Nestle Malaysia Bhd,0.0008,Consumer Staples,MY,issuer
VWCE,2026-05-31,GLO,Globe Telecom Inc,0.0008,Telecommunications,PH,issuer
VWCE,2026-05-31,601808,China Oilfield Services Ltd,0.0008,Energy,CN,issuer
VWCE,2026-05-31,371,Beijing Enterprises Water Group Ltd,0.0008,Utilities,HK,issuer
VWCE,2026-05-31,601238,Guangzhou Automobile Group Co Ltd,0.0008,Consumer Discretionary,CN,issuer
VWCE,2026-05-31,BPT,Beach Energy Ltd,0.0008,Energy,AU,issuer
VWCE,2026-05-31,006280,GC Biopharma Corp,0.0008,Health Care,KR,issuer
VWCE,2026-05-31,1072,Dongfang Electric Corp Ltd,0.0008,Energy,HK,issuer
VWCE,2026-05-31,002050,Zhejiang Sanhua Intelligent Controls Co Ltd,0.0008,Industrials,CN,issuer
VWCE,2026-05-31,772,China Literature Ltd,0.0008,Technology,HK,issuer
VWCE,2026-05-31,EYDAP,Athens Water Supply & Sewage Co SA,0.0008,Utilities,GR,issuer
VWCE,2026-05-31,ORA,Orora Ltd,0.0008,Industrials,AU,issuer
VWCE,2026-05-31,9301,Mitsubishi Logistics Corp,0.0008,Industrials,JP,issuer
VWCE,2026-05-31,1833,Ping An Healthcare and Technology Co Ltd,0.0008,Health Care,HK,issuer
VWCE,2026-05-31,DSSA,Dian Swastatika Sentosa Tbk PT,0.0007,Energy,ID,issuer
VWCE,2026-05-31,BOROUGE,Borouge PLC,0.0007,Basic Materials,AE,issuer
VWCE,2026-05-31,ARCCI,Al Rajhi Co for Co-operative Insurance,0.0007,Financials,SA,issuer
VWCE,2026-05-31,601021,Spring Airlines Co Ltd,0.0007,Consumer Discretionary,CN,issuer
VWCE,2026-05-31,3M,3M India Ltd,0.0007,Industrials,IN,issuer
VWCE,2026-05-31,601006,Daqin Railway Co Ltd,0.0007,Industrials,CN,issuer
VWCE,2026-05-31,TFG,Foschini Group Ltd,0.0007,Consumer Discretionary,ZA,issuer
VWCE,2026-05-31,TMX,Thermax Ltd,0.0007,Industrials,IN,issuer
VWCE,2026-05-31,1COV,Covestro AG,0.0007,Basic Materials,DE,issuer
VWCE,2026-05-31,1385,Shanghai Fudan Microelectronics Group Co Ltd,0.0007,Technology,HK,issuer
VWCE,2026-05-31,9696,Tianqi Lithium Corp,0.0007,Basic Materials,HK,issuer
VWCE,2026-05-31,921,Hisense Home Appliances Group Co Ltd,0.0007,Consumer Discretionary,HK,issuer
VWCE,2026-05-31,4922,Kose Holdings Corp,0.0007,Consumer Discretionary,JP,issuer
VWCE,2026-05-31,GCC*,GCC SAB de CV,0.0007,Industrials,MX,issuer
VWCE,2026-05-31,300498,Wens Foodstuff Group Co Ltd,0.0007,Consumer Staples,CN,issuer
VWCE,2026-05-31,ARI,African Rainbow Minerals Ltd,0.0007,Basic Materials,ZA,issuer
VWCE,2026-05-31,853,Microport Scientific Corp,0.0007,Health Care,HK,issuer
VWCE,2026-05-31,600089,TBEA Co Ltd,0.0007,Industrials,CN,issuer
VWCE,2026-05-31,LLC,Lendlease Corp Ltd,0.0007,Industrials,AU,issuer
VWCE,2026-05-31,002004,Huapont Life Sciences Co Ltd,0.0007,Health Care,CN,issuer
VWCE,2026-05-31,000988,Hgtech Co Ltd,0.0007,Technology,CN,issuer
VWCE,2026-05-31,450080,Ecopro Materials Co Ltd,0.0007,Basic Materials,KR,issuer
VWCE,2026-05-31,GGPS3,GPS Participacoes e Empreendimentos SA,0.0007,Industrials,BR,issuer
VWCE,2026-05-31,656,Fosun International Ltd,0.0007,Industrials,HK,issuer
VWCE,2026-05-31,TOP/F,Thai Oil PCL,0.0007,Energy,TH,issuer
VWCE,2026-05-31,600905,China Three Gorges Renewables Group Co Ltd,0.0007,Utilities,CN,issuer
VWCE,2026-05-31,600295,Inner Mongolia ERDOS Resources Co Ltd,0.0007,Basic Materials,CN,issuer
VWCE,2026-05-31,002142,Bank of Ningbo Co Ltd,0.0007,Financials,CN,issuer
VWCE,2026-05-31,1066,Shandong Weigao Group Medical Polymer Co Ltd,0.0007,Health Care,HK,issuer
VWCE,2026-05-31,6781,Advanced Energy Solution Holding Co Ltd,0.0007,Industrials,TW,issuer
VWCE,2026-05-31,RYM,Ryman Healthcare Ltd,0.0007,Health Care,NZ,issuer
VWCE,2026-05-31,IGL,Indraprastha Gas Ltd,0.0007,Utilities,IN,issuer
VWCE,2026-05-31,601608,CITIC Heavy Industries Co Ltd,0.0007,Industrials,CN,issuer
VWCE,2026-05-31,000012,CSG Holding Co Ltd,0.0007,Industrials,CN,issuer
VWCE,2026-05-31,600673,Guangdong HEC Technology Holding Co Ltd,0.0007,Basic Materials,CN,issuer
VWCE,2026-05-31,LIIL,Linde India Ltd,0.0007,Basic Materials,IN,issuer
VWCE,2026-05-31,CHDRAUIB,Grupo Comercial Chedraui SA de CV,0.0007,Consumer Discretionary,MX,issuer
VWCE,2026-05-31,NLC,NLC India Ltd,0.0007,Utilities,IN,issuer
VWCE,2026-05-31,300458,All Winner Technology Co Ltd,0.0007,Technology,CN,issuer
VWCE,2026-05-31,002966,Bank of Suzhou Co Ltd,0.0007,Financials,CN,issuer
VWCE,2026-05-31,ARTO,Aarti Industries Ltd,0.0007,Basic Materials,IN,issuer
VWCE,2026-05-31,DMP,Domino's Pizza Enterprises Ltd,0.0007,Consumer Discretionary,AU,issuer
VWCE,2026-05-31,601689,Ningbo Tuopu Group Co Ltd,0.0007,Consumer Discretionary,CN,issuer
VWCE,2026-05-31,CATERING,Catrion Catering Holding Co,0.0007,Consumer Discretionary,SA,issuer
VWCE,2026-05-31,IVL/F,Indorama Ventures PCL,0.0007,Basic Materials,TH,issuer
VWCE,2026-05-31,ICBP,Indofood CBP Sukses Makmur Tbk PT,0.0007,Consumer Staples,ID,issuer
VWCE,2026-05-31,000408,Zangge Mining Co Ltd,0.0007,Basic Materials,CN,issuer
VWCE,2026-05-31,601012,LONGi Green Energy Technology Co Ltd,0.0007,Energy,CN,issuer
VWCE,2026-05-31,RYSAS,Reysas Tasimacilik ve Lojistik Ticaret AS,0.0007,Industrials,TR,issuer
VWCE,2026-05-31,600893,AECC Aviation Power Co Ltd,0.0007,Industrials,CN,issuer
VWCE,2026-05-31,DALLAH,Dallah Healthcare Co,0.0007,Health Care,SA,issuer
VWCE,2026-05-31,BOI,Bank of India,0.0007,Financials,IN,issuer
VWCE,2026-05-31,603290,StarPower Semiconductor Ltd,0.0007,Technology,CN,issuer
VWCE,2026-05-31,ARCLK,Arcelik AS,0.0007,Consumer Discretionary,TR,issuer
VWCE,2026-05-31,1318,Mao Geping Cosmetics Co LTD,0.0007,Consumer Discretionary,HK,issuer
VWCE,2026-05-31,002304,Jiangsu Yanghe Distillery Co Ltd,0.0007,Consumer Staples,CN,issuer
VWCE,2026-05-31,600038,AVICOPTER PLC,0.0007,Industrials,CN,issuer
VWCE,2026-05-31,600820,Shanghai Tunnel Engineering Co Ltd,0.0007,Industrials,CN,issuer
VWCE,2026-05-31,SOLUTION,Arabian Internet & Communications Services Co,0.0007,Technology,SA,issuer
VWCE,2026-05-31,002600,Lingyi iTech Guangdong Co,0.0007,Technology,CN,issuer
VWCE,2026-05-31,RBK,RBL Bank Ltd,0.0007,Financials,IN,issuer
VWCE,2026-05-31,MGROS,Migros Ticaret AS,0.0007,Consumer Staples,TR,issuer
VWCE,2026-05-31,2357,AviChina Industry & Technology Co Ltd,0.0007,Industrials,HK,issuer
VWCE,2026-05-31,BDMS-R,Bangkok Dusit Medical Services PCL,0.0007,Health Care,TH,issuer
VWCE,2026-05-31,HUDCO,Housing & Urban Development Corp Ltd,0.0007,Financials,IN,issuer
VWCE,2026-05-31,030000,Cheil Worldwide Inc,0.0007,Consumer Discretionary,KR,issuer
VWCE,2026-05-31,BBL-R,Bangkok Bank PCL,0.0007,Financials,TH,issuer
VWCE,2026-05-31,601360,360 Security Technology Inc,0.0007,Technology,CN,issuer
VWCE,2026-05-31,IRB,IRB Infrastructure Developers Ltd,0.0007,Industrials,IN,issuer
VWCE,2026-05-31,000425,XCMG Construction Machinery Co Ltd,0.0007,Industrials,CN,issuer
VWCE,2026-05-31,QUINENC,Quinenco SA,0.0007,Financials,CL,issuer
VWCE,2026-05-31,ADPORTS,Abu Dhabi Ports Co PJSC,0.0007,Industrials,AE,issuer
VWCE,2026-05-31,PETD,Petronas Dagangan Bhd,0.0007,Energy,MY,issuer
VWCE,2026-05-31,002709,Guangzhou Tinci Materials Technology Co Ltd,0.0007,Basic Materials,CN,issuer
VWCE,2026-05-31,SUN,Suntec Real Estate Investment Trust,0.0006,Real Estate,SG,issuer
VWCE,2026-05-31,220,Uni-President China Holdings Ltd,0.0006,Consumer Staples,HK,issuer
VWCE,2026-05-31,SAVOLA,Savola Group/The,0.0006,Consumer Staples,SA,issuer
VWCE,2026-05-31,300751,Suzhou Maxwell Technologies Co Ltd,0.0006,Industrials,CN,issuer
VWCE,2026-05-31,DFI,DFI Retail Group Holdings Ltd,0.0006,Consumer Staples,SG,issuer
VWCE,2026-05-31,DIC,Dubai Investments PJSC,0.0006,Industrials,AE,issuer
VWCE,2026-05-31,2689,Nine Dragons Paper Holdings Ltd,0.0006,Basic Materials,HK,issuer
VWCE,2026-05-31,AEFES,Anadolu Efes Biracilik Ve Malt Sanayii AS,0.0006,Consumer Staples,TR,issuer
VWCE,2026-05-31,548,Shenzhen Expressway Corp Ltd,0.0006,Industrials,HK,issuer
VWCE,2026-05-31,002625,Kuang-Chi Technologies Co Ltd,0.0006,Consumer Discretionary,CN,issuer
VWCE,2026-05-31,601969,Hainan Mining Co Ltd,0.0006,Basic Materials,CN,issuer
VWCE,2026-05-31,000089,Shenzhen Airport Co Ltd,0.0006,Industrials,CN,issuer
VWCE,2026-05-31,1276,Jiangsu Hengrui Pharmaceuticals Co Ltd,0.0006,Health Care,HK,issuer
VWCE,2026-05-31,600012,Anhui Expressway Co Ltd,0.0006,Industrials,CN,issuer
VWCE,2026-05-31,TOPG,Top Glove Corp Bhd,0.0006,Health Care,MY,issuer
VWCE,2026-05-31,SYNG,Syngene International Ltd,0.0006,Health Care,IN,issuer
VWCE,2026-05-31,ISAT,Indosat Tbk PT,0.0006,Telecommunications,ID,issuer
VWCE,2026-05-31,PPT,Perpetual Ltd,0.0006,Financials,AU,issuer
VWCE,2026-05-31,688331,Remegen Co Ltd,0.0006,Health Care,CN,issuer
VWCE,2026-05-31,002353,Yantai Jereh Oilfield Services Group Co Ltd,0.0006,Energy,CN,issuer
VWCE,2026-05-31,139480,E-MART Inc,0.0006,Consumer Discretionary,KR,issuer
VWCE,2026-05-31,688235,BeOne Medicines Ltd,0.0006,Health Care,CN,issuer
VWCE,2026-05-31,JGS,JG Summit Holdings Inc,0.0006,Industrials,PH,issuer
VWCE,2026-05-31,CBG/F,Carabao Group PCL,0.0006,Consumer Staples,TH,issuer
VWCE,2026-05-31,MAGEN,Margun Enerji Uretim Sanayi VE Ticaret AS,0.0006,Utilities,TR,issuer
VWCE,2026-05-31,688183,Shengyi Electronics Co Ltd,0.0006,Technology,CN,issuer
VWCE,2026-05-31,1055,China Southern Airlines Co Ltd,0.0006,Consumer Discretionary,HK,issuer
VWCE,2026-05-31,600010,Inner Mongolia BaoTou Steel Union Co Ltd,0.0006,Basic Materials,CN,issuer
VWCE,2026-05-31,1876,Budweiser Brewing Co APAC Ltd,0.0006,Consumer Staples,HK,issuer
VWCE,2026-05-31,688702,New Issuer: BB Company ID:37276143,0.0006,Technology,CN,issuer
VWCE,2026-05-31,GUBRF,Gubre Fabrikalari TAS,0.0006,Basic Materials,TR,issuer
VWCE,2026-05-31,263750,Pearl Abyss Corp,0.0006,Consumer Discretionary,KR,issuer
VWCE,2026-05-31,ADRO,Adaro Energy Indonesia Tbk PT,0.0006,Energy,ID,issuer
VWCE,2026-05-31,PGSUS,Pegasus Hava Tasimaciligi AS,0.0006,Consumer Discretionary,TR,issuer
VWCE,2026-05-31,BRES,Barwa Real Estate Co,0.0006,Real Estate,QA,issuer
VWCE,2026-05-31,600037,Beijing Gehua CATV Network Co Ltd,0.0006,Consumer Discretionary,CN,issuer
VWCE,2026-05-31,2264,Morinaga Milk Industry Co Ltd,0.0006,Consumer Staples,JP,issuer
VWCE,2026-05-31,600104,SAIC Motor Corp Ltd,0.0006,Consumer Discretionary,CN,issuer
VWCE,2026-05-31,001450,Hyundai Marine & Fire Insurance Co Ltd,0.0006,Financials,KR,issuer
VWCE,2026-05-31,GENT,Genting Bhd,0.0006,Consumer Discretionary,MY,issuer
VWCE,2026-05-31,001965,China Merchants Expressway Network & Technology Holdings Co Ltd,0.0006,Industrials,CN,issuer
VWCE,2026-05-31,2282,MGM China Holdings Ltd,0.0006,Consumer Discretionary,HK,issuer
VWCE,2026-05-31,601009,Bank of Nanjing Co Ltd,0.0006,Financials,CN,issuer
VWCE,2026-05-31,600029,China Southern Airlines Co Ltd,0.0006,Consumer Discretionary,CN,issuer
VWCE,2026-05-31,011170,Lotte Chemical Corp,0.0006,Industrials,KR,issuer
VWCE,2026-05-31,9044,NANKAI Co Ltd,0.0006,Industrials,JP,issuer
VWCE,2026-05-31,688249,Nexchip Semiconductor Corp,0.0006,Technology,CN,issuer
VWCE,2026-05-31,DLPL,Dr Lal PathLabs Ltd,0.0006,Health Care,IN,issuer
VWCE,2026-05-31,3759,Pharmaron Beijing Co Ltd,0.0006,Health Care,HK,issuer
VWCE,2026-05-31,KAYAN,Saudi Kayan Petrochemical Co,0.0006,Basic Materials,SA,issuer
VWCE,2026-05-31,6952,Casio Computer Co Ltd,0.0006,Consumer Discretionary,JP,issuer
VWCE,2026-05-31,PASEU,New Issuer: BB Company ID:67720311,0.0006,Industrials,TR,issuer
VWCE,2026-05-31,BANPU/F,Banpu PCL,0.0006,Energy,TH,issuer
VWCE,2026-05-31,URC,Universal Robina Corp,0.0006,Consumer Staples,PH,issuer
VWCE,2026-05-31,000625,Chongqing Changan Automobile Co Ltd,0.0006,Consumer Discretionary,CN,issuer
VWCE,2026-05-31,ISAE4,CTEEP-Cia de Transmissao de Energia Eletrica Paulista,0.0006,Utilities,BR,issuer
VWCE,2026-05-31,101,Hang Lung Properties Ltd,0.0006,Real Estate,HK,issuer
VWCE,2026-05-31,000066,China Greatwall Technology Group Co Ltd,0.0006,Technology,CN,issuer
VWCE,2026-05-31,STARHEAL,Star Health & Allied Insurance Co Ltd,0.0006,Financials,IN,issuer
VWCE,2026-05-31,4816,Toei Animation Co Ltd,0.0006,Consumer Discretionary,JP,issuer
VWCE,2026-05-31,2222,Kotobuki Spirits Co Ltd,0.0006,Consumer Staples,JP,issuer
VWCE,2026-05-31,EKGYO,Emlak Konut Gayrimenkul Yatirim Ortakligi AS,0.0006,Real Estate,TR,issuer
VWCE,2026-05-31,022100,Posco DX Co Ltd,0.0006,Technology,KR,issuer
VWCE,2026-05-31,600050,China United Network Communications Ltd,0.0006,Telecommunications,CN,issuer
VWCE,2026-05-31,4114,Nippon Shokubai Co Ltd,0.0006,Basic Materials,JP,issuer
VWCE,2026-05-31,ERICA,Telefonaktiebolaget LM Ericsson,0.0006,Telecommunications,SE,issuer
VWCE,2026-05-31,LH/F,Land & Houses PCL,0.0006,Real Estate,TH,issuer
VWCE,2026-05-31,200596,Anhui Gujing Distillery Co Ltd,0.0006,Consumer Staples,CN,issuer
VWCE,2026-05-31,1958,BAIC Motor Corp Ltd,0.0006,Consumer Discretionary,HK,issuer
VWCE,2026-05-31,002230,Iflytek Co Ltd,0.0006,Technology,CN,issuer
VWCE,2026-05-31,SASA,Sasa Polyester Sanayi AS,0.0006,Basic Materials,TR,issuer
VWCE,2026-05-31,6963,Sunshine Insurance Group Co Ltd,0.0006,Financials,HK,issuer
VWCE,2026-05-31,OR/F,PTT Oil & Retail Business PCL,0.0006,Energy,TH,issuer
VWCE,2026-05-31,KTC/F,Krungthai Card PCL,0.0006,Financials,TH,issuer
VWCE,2026-05-31,600177,Youngor Fashion Co Ltd,0.0006,Consumer Discretionary,CN,issuer
VWCE,2026-05-31,601898,China Coal Energy Co Ltd,0.0006,Energy,CN,issuer
VWCE,2026-05-31,DN,Deepak Nitrite Ltd,0.0006,Basic Materials,IN,issuer
VWCE,2026-05-31,COLT,Colt CZ Group SE,0.0006,Industrials,CZ,issuer
VWCE,2026-05-31,2606,U-Ming Marine Transport Corp,0.0006,Industrials,TW,issuer
VWCE,2026-05-31,YZJFH,Yangzijiang Financial Holding Ltd,0.0006,Financials,SG,issuer
VWCE,2026-05-31,ALPEKA,Alpek SAB de CV,0.0006,Basic Materials,MX,issuer
VWCE,2026-05-31,603799,Zhejiang Huayou Cobalt Co Ltd,0.0006,Basic Materials,CN,issuer
VWCE,2026-05-31,377300,Kakaopay Corp,0.0006,Industrials,KR,issuer
VWCE,2026-05-31,1060,Damai Entertainment Holdings Ltd,0.0006,Consumer Discretionary,HK,issuer
VWCE,2026-05-31,1128,Wynn Macau Ltd,0.0006,Consumer Discretionary,HK,issuer
VWCE,2026-05-31,601229,Bank of Shanghai Co Ltd,0.0006,Financials,CN,issuer
VWCE,2026-05-31,600085,Beijing Tong Ren Tang Co Ltd,0.0006,Health Care,CN,issuer
VWCE,2026-05-31,603296,Huaqin Co Ltd,0.0006,Technology,CN,issuer
VWCE,2026-05-31,HMN,Emami Ltd,0.0006,Consumer Staples,IN,issuer
VWCE,2026-05-31,002241,GoerTek Inc,0.0005,Industrials,CN,issuer
VWCE,2026-05-31,CPAXT/F,CP AXTRA PCL,0.0005,Consumer Discretionary,TH,issuer
VWCE,2026-05-31,601607,Shanghai Pharmaceuticals Holding Co Ltd,0.0005,Health Care,CN,issuer
VWCE,2026-05-31,INKP,Indah Kiat Pulp & Paper Tbk PT,0.0005,Basic Materials,ID,issuer
VWCE,2026-05-31,5471,Daido Steel Co Ltd,0.0005,Basic Materials,JP,issuer
VWCE,2026-05-31,TU/F,Thai Union Group PCL,0.0005,Consumer Staples,TH,issuer
VWCE,2026-05-31,6110,Topsports International Holdings Ltd,0.0005,Consumer Discretionary,HK,issuer
VWCE,2026-05-31,000538,Yunnan Baiyao Group Co Ltd,0.0005,Health Care,CN,issuer
VWCE,2026-05-31,601872,China Merchants Energy Shipping Co Ltd,0.0005,Industrials,CN,issuer
VWCE,2026-05-31,200012,CSG Holding Co Ltd,0.0005,Industrials,CN,issuer
VWCE,2026-05-31,SGS,Saudi Ground Services Co,0.0005,Industrials,SA,issuer
VWCE,2026-05-31,600584,JCET Group Co Ltd,0.0005,Technology,CN,issuer
VWCE,2026-05-31,000807,Yunnan Aluminium Co Ltd,0.0005,Basic Materials,CN,issuer
VWCE,2026-05-31,000728,Guoyuan Securities Co Ltd,0.0005,Financials,CN,issuer
VWCE,2026-05-31,002156,TongFu Microelectronics Co Ltd,0.0005,Technology,CN,issuer
VWCE,2026-05-31,GLXO,GlaxoSmithKline Pharmaceuticals Ltd,0.0005,Health Care,IN,issuer
VWCE,2026-05-31,GQG,GQG Partners Inc,0.0005,Financials,AU,issuer
VWCE,2026-05-31,4205,Zeon Corp,0.0005,Basic Materials,JP,issuer
VWCE,2026-05-31,600132,Chongqing Brewery Co Ltd,0.0005,Consumer Staples,CN,issuer
VWCE,2026-05-31,SADAFCO,Saudia Dairy & Foodstuff Co,0.0005,Consumer Staples,SA,issuer
VWCE,2026-05-31,ANE,Corp ACCIONA Energias Renovables SA,0.0005,Utilities,ES,issuer
VWCE,2026-05-31,991,Datang International Power Generation Co Ltd,0.0005,Utilities,HK,issuer
VWCE,2026-05-31,688220,ASR Microelectronics Co Ltd,0.0005,Technology,CN,issuer
VWCE,2026-05-31,NMDC,NMDC Group PJSC,0.0005,Industrials,AE,issuer
VWCE,2026-05-31,IREDA,Indian Renewable Energy Development Agency Ltd,0.0005,Financials,IN,issuer
VWCE,2026-05-31,000547,Addsino Co Ltd,0.0005,Industrials,CN,issuer
VWCE,2026-05-31,600160,Zhejiang Juhua Co Ltd,0.0005,Basic Materials,CN,issuer
VWCE,2026-05-31,601077,Chongqing Rural Commercial Bank Co Ltd,0.0005,Financials,CN,issuer
VWCE,2026-05-31,1579,Yihai International Holding Ltd,0.0005,Consumer Staples,HK,issuer
VWCE,2026-05-31,HMPRO/F,Home Product Center PCL,0.0005,Consumer Discretionary,TH,issuer
VWCE,2026-05-31,LICHF,LIC Housing Finance Ltd,0.0005,Financials,IN,issuer
VWCE,2026-05-31,2202,China Vanke Co Ltd,0.0005,Real Estate,HK,issuer
VWCE,2026-05-31,DWNI,Deutsche Wohnen SE,0.0005,Real Estate,DE,issuer
VWCE,2026-05-31,753,Air China Ltd,0.0005,Consumer Discretionary,HK,issuer
VWCE,2026-05-31,DQ,Daqo New Energy Corp,0.0005,Basic Materials,US,issuer
VWCE,2026-05-31,300390,Canmax Technologies Co Ltd,0.0005,Basic Materials,CN,issuer
VWCE,2026-05-31,PGAS,Perusahaan Gas Negara Persero Tbk PT,0.0005,Utilities,ID,issuer
VWCE,2026-05-31,HEXT,Hexaware Technologies Ltd,0.0005,Technology,IN,issuer
VWCE,2026-05-31,NAHDI,Nahdi Medical Co,0.0005,Consumer Staples,SA,issuer
VWCE,2026-05-31,601179,China XD Electric Co Ltd,0.0005,Technology,CN,issuer
VWCE,2026-05-31,4272,Nippon Kayaku Co Ltd,0.0005,Basic Materials,JP,issuer
VWCE,2026-05-31,6806,Shenwan Hongyuan Group Co Ltd,0.0005,Financials,HK,issuer
VWCE,2026-05-31,600808,Maanshan Iron & Steel Co Ltd,0.0005,Basic Materials,CN,issuer
VWCE,2026-05-31,AWL,Adani Wilmar Ltd,0.0005,Consumer Staples,IN,issuer
VWCE,2026-05-31,688120,Hwatsing Technology Co Ltd,0.0005,Technology,CN,issuer
VWCE,2026-05-31,2386,Sinopec Engineering Group Co Ltd,0.0005,Industrials,HK,issuer
VWCE,2026-05-31,EL,Societatea Energetica Electrica SA,0.0005,Utilities,RO,issuer
VWCE,2026-05-31,002958,Qingdao Rural Commercial Bank Corp,0.0005,Financials,CN,issuer
VWCE,2026-05-31,000977,IEIT Systems Co Ltd,0.0005,Technology,CN,issuer
VWCE,2026-05-31,6693,Chifeng Jilong Gold Mining Group Ltd,0.0005,Basic Materials,HK,issuer
VWCE,2026-05-31,CENER,Cenergy Holdings SA,0.0005,Industrials,GR,issuer
VWCE,2026-05-31,MFG,Magellan Financial Group Ltd,0.0005,Financials,AU,issuer
VWCE,2026-05-31,002429,Shenzhen MTC Co Ltd,0.0005,Consumer Discretionary,CN,issuer
VWCE,2026-05-31,688234,SICC Co Ltd,0.0005,Technology,CN,issuer
VWCE,2026-05-31,6178,Everbright Securities Co Ltd,0.0005,Financials,HK,issuer
VWCE,2026-05-31,603228,Shenzhen Kinwong Electronic Co Ltd,0.0005,Technology,CN,issuer
VWCE,2026-05-31,688002,Raytron Technology Co Ltd,0.0005,Technology,CN,issuer
VWCE,2026-05-31,RESEARCH,Saudi Research & Media Group,0.0005,Consumer Discretionary,SA,issuer
VWCE,2026-05-31,TATATECH,Tata Technologies Ltd,0.0005,Technology,IN,issuer
VWCE,2026-05-31,603156,Hebei Yangyuan Zhihui Beverage Co Ltd,0.0005,Consumer Staples,CN,issuer
VWCE,2026-05-31,1508,China Reinsurance Group Corp,0.0005,Financials,HK,issuer
VWCE,2026-05-31,3466,LaSalle Logiport REIT,0.0005,Real Estate,JP,issuer
VWCE,2026-05-31,GPSC/F,Global Power Synergy PCL,0.0005,Utilities,TH,issuer
VWCE,2026-05-31,OCTVSDB,Octave Intelligence PLC,0.0005,Technology,SE,issuer
VWCE,2026-05-31,MTEL,Dayamitra Telekomunikasi PT,0.0005,Telecommunications,ID,issuer
VWCE,2026-05-31,AURE3,Auren Energia SA,0.0005,Utilities,BR,issuer
VWCE,2026-05-31,3279,Activia Properties Inc,0.0005,Real Estate,JP,issuer
VWCE,2026-05-31,688036,Shenzhen Transsion Holdings Co Ltd,0.0005,Telecommunications,CN,issuer
VWCE,2026-05-31,KLBF,Kalbe Farma Tbk PT,0.0005,Health Care,ID,issuer
VWCE,2026-05-31,603369,Jiangsu King's Luck Brewery JSC Ltd,0.0005,Consumer Staples,CN,issuer
VWCE,2026-05-31,600021,Shanghai Electric Power Co Ltd,0.0005,Utilities,CN,issuer
VWCE,2026-05-31,FAKEEHCA,New Issuer: BB Company ID:71589552,0.0005,Health Care,SA,issuer
VWCE,2026-05-31,282330,BGF retail Co Ltd,0.0005,Consumer Staples,KR,issuer
VWCE,2026-05-31,874,Guangzhou Baiyunshan Pharmaceutical Holdings Co Ltd,0.0005,Health Care,HK,issuer
VWCE,2026-05-31,956,China Suntien Green Energy Corp Ltd,0.0005,Utilities,HK,issuer
VWCE,2026-05-31,002311,Guangdong Haid Group Co Ltd,0.0005,Consumer Staples,CN,issuer
VWCE,2026-05-31,600795,GD Power Development Co Ltd,0.0005,Utilities,CN,issuer
VWCE,2026-05-31,601669,Power Construction Corp of China Ltd,0.0005,Industrials,CN,issuer
VWCE,2026-05-31,TLI/F,Thai Life Insurance PCL,0.0005,Financials,TH,issuer
VWCE,2026-05-31,598,Sinotrans Ltd,0.0005,Industrials,HK,issuer
VWCE,2026-05-31,7489,VOYAH Automobile Technology Co Ltd,0.0005,Consumer Discretionary,HK,issuer
VWCE,2026-05-31,LTTS,L&T Technology Services Ltd,0.0005,Industrials,IN,issuer
VWCE,2026-05-31,APPC,Advanced Petrochemical Co,0.0005,Basic Materials,SA,issuer
VWCE,2026-05-31,000880,Hanwha Corp,0.0005,Financials,KR,issuer
VWCE,2026-05-31,EMTK,Elang Mahkota Teknologi Tbk PT,0.0005,Consumer Discretionary,ID,issuer
VWCE,2026-05-31,600438,Tongwei Co Ltd,0.0005,Energy,CN,issuer
VWCE,2026-05-31,RALYH,Ral Yatirim Holding AS,0.0005,Basic Materials,TR,issuer
VWCE,2026-05-31,CSTRL,Castrol India Ltd,0.0004,Energy,IN,issuer
VWCE,2026-05-31,9921,Giant Manufacturing Co Ltd,0.0004,Consumer Discretionary,TW,issuer
VWCE,2026-05-31,004370,NongShim Co Ltd,0.0004,Consumer Staples,KR,issuer
VWCE,2026-05-31,2607,Fuji Oil Holdings Inc,0.0004,Consumer Staples,JP,issuer
VWCE,2026-05-31,6753,Sharp Corp/Japan,0.0004,Technology,JP,issuer
VWCE,2026-05-31,MARAFIQ,Power & Water Utility Co for Jubail & Yanbu,0.0004,Utilities,SA,issuer
VWCE,2026-05-31,GENM,Genting Malaysia Bhd,0.0004,Consumer Discretionary,MY,issuer
VWCE,2026-05-31,301269,Empyrean Technology Co Ltd,0.0004,Technology,CN,issuer
VWCE,2026-05-31,8086,Nipro Corp,0.0004,Health Care,JP,issuer
VWCE,2026-05-31,CUAN,Petrindo Jaya Kreasi Tbk PT,0.0004,Energy,ID,issuer
VWCE,2026-05-31,251270,Netmarble Corp,0.0004,Consumer Discretionary,KR,issuer
VWCE,2026-05-31,008770,Hotel Shilla Co Ltd,0.0004,Consumer Discretionary,KR,issuer
VWCE,2026-05-31,MAVI,Mavi Giyim Sanayi Ve Ticaret AS,0.0004,Consumer Discretionary,TR,issuer
VWCE,2026-05-31,AGHOL,AG Anadolu Grubu Holding AS,0.0004,Industrials,TR,issuer
VWCE,2026-05-31,EXTRA,United Electronics Co,0.0004,Consumer Discretionary,SA,issuer
VWCE,2026-05-31,7164,Zenkoku Hosho Co Ltd,0.0004,Financials,JP,issuer
VWCE,2026-05-31,4118,Kaneka Corp,0.0004,Basic Materials,JP,issuer
VWCE,2026-05-31,467,United Energy Group Ltd,0.0004,Energy,HK,issuer
VWCE,2026-05-31,900947,Shanghai Zhenhua Heavy Industries Co Ltd,0.0004,Industrials,CN,issuer
VWCE,2026-05-31,PETROR,Rabigh Refining & Petrochemical Co,0.0004,Energy,SA,issuer
VWCE,2026-05-31,600623,Shanghai Huayi Group Co Ltd,0.0004,Consumer Discretionary,CN,issuer
VWCE,2026-05-31,600848,Shanghai Lingang Holdings Corp Ltd,0.0004,Real Estate,CN,issuer
VWCE,2026-05-31,GDSP,Godrej Industries Ltd,0.0004,Industrials,IN,issuer
VWCE,2026-05-31,ENDU,Endurance Technologies Ltd,0.0004,Consumer Discretionary,IN,issuer
VWCE,2026-05-31,4208,UBE Corp,0.0004,Basic Materials,JP,issuer
VWCE,2026-05-31,JFC,Jollibee Foods Corp,0.0004,Consumer Discretionary,PH,issuer
VWCE,2026-05-31,301358,Hunan Yuneng New Energy Battery Material Co Ltd,0.0004,Basic Materials,CN,issuer
VWCE,2026-05-31,123,Yuexiu Property Co Ltd,0.0004,Real Estate,HK,issuer
VWCE,2026-05-31,COLBUN,Colbun SA,0.0004,Utilities,CL,issuer
VWCE,2026-05-31,002036,LianChuang Electronic Technology Co Ltd,0.0004,Industrials,CN,issuer
VWCE,2026-05-31,EXCL,XL Axiata Tbk PT,0.0004,Telecommunications,ID,issuer
VWCE,2026-05-31,600737,COFCO Sugar Holding Co Ltd,0.0004,Consumer Staples,CN,issuer
VWCE,2026-05-31,002385,Beijing Dabeinong Technology Group Co Ltd,0.0004,Consumer Staples,CN,issuer
VWCE,2026-05-31,576,Zhejiang Expressway Co Ltd,0.0004,Industrials,HK,issuer
VWCE,2026-05-31,FERTIGLB,Fertiglobe plc,0.0004,Basic Materials,AE,issuer
VWCE,2026-05-31,601696,BOC International China Co Ltd,0.0004,Financials,CN,issuer
VWCE,2026-05-31,PSSA3,Porto Seguro SA,0.0004,Financials,BR,issuer
VWCE,2026-05-31,RATCH/F,Ratch Group PCL,0.0004,Utilities,TH,issuer
VWCE,2026-05-31,,Sodexo SA,0.0004,Consumer Discretionary,FR,issuer
VWCE,2026-05-31,TAEE11,Transmissora Alianca de Energia Eletrica S/A,0.0004,Utilities,BR,issuer
VWCE,2026-05-31,WHIRL,Whirlpool of India Ltd,0.0004,Consumer Discretionary,IN,issuer
VWCE,2026-05-31,MPARK,MLP Saglik Hizmetleri AS,0.0004,Health Care,TR,issuer
VWCE,2026-05-31,300251,Beijing Enlight Media Co Ltd,0.0004,Consumer Discretionary,CN,issuer
VWCE,2026-05-31,601212,Baiyin Nonferrous Group Co Ltd,0.0004,Basic Materials,CN,issuer
VWCE,2026-05-31,1999,Man Wah Holdings Ltd,0.0004,Consumer Discretionary,HK,issuer
VWCE,2026-05-31,UBBL,United Breweries Ltd,0.0004,Consumer Staples,IN,issuer
VWCE,2026-05-31,AWC/F,Asset World Corp PCL,0.0004,Real Estate,TH,issuer
VWCE,2026-05-31,688082,ACM Research Shanghai Inc,0.0004,Technology,CN,issuer
VWCE,2026-05-31,SRE*,Sempra,0.0004,Utilities,MX,issuer
VWCE,2026-05-31,3697,SHIFT Inc,0.0004,Technology,JP,issuer
VWCE,2026-05-31,002001,Zhejiang NHU Co Ltd,0.0004,Consumer Staples,CN,issuer
VWCE,2026-05-31,1618,Metallurgical Corp of China Ltd,0.0004,Industrials,HK,issuer
VWCE,2026-05-31,600346,Hengli Petrochemical Co Ltd,0.0004,Basic Materials,CN,issuer
VWCE,2026-05-31,RYGYO,Reysas Gayrimenkul Yatirim Ortakligi AS,0.0004,Real Estate,TR,issuer
VWCE,2026-05-31,SJVN,SJVN Ltd,0.0004,Utilities,IN,issuer
VWCE,2026-05-31,090435,Amorepacific Corp,0.0004,Consumer Discretionary,KR,issuer
VWCE,2026-05-31,3406,Genius Electronic Optical Co Ltd,0.0004,Technology,TW,issuer
VWCE,2026-05-31,688396,China Resources Microelectronics Ltd,0.0004,Technology,CN,issuer
VWCE,2026-05-31,165,China Everbright Ltd,0.0004,Financials,HK,issuer
VWCE,2026-05-31,000559,Wanxiang Qianchao Co Ltd,0.0004,Consumer Discretionary,CN,issuer
VWCE,2026-05-31,601377,Industrial Securities Co Ltd,0.0004,Financials,CN,issuer
VWCE,2026-05-31,IQ,iQIYI Inc,0.0004,Consumer Discretionary,US,issuer
VWCE,2026-05-31,PFGRUPSU,Grupo de Inversiones Suramericana SA,0.0004,Financials,CO,issuer
VWCE,2026-05-31,OSP/F,Osotspa PCL,0.0004,Consumer Staples,TH,issuer
VWCE,2026-05-31,688047,Loongson Technology Corp Ltd,0.0004,Technology,CN,issuer
VWCE,2026-05-31,ALARABIA,Arabian Contracting Services Co,0.0004,Consumer Discretionary,SA,issuer
VWCE,2026-05-31,FPE,FUCHS SE,0.0004,Basic Materials,DE,issuer
VWCE,2026-05-31,3234,Mori Hills REIT Investment Corp,0.0004,Real Estate,JP,issuer
VWCE,2026-05-31,UNVR,Unilever Indonesia Tbk PT,0.0004,Consumer Staples,ID,issuer
VWCE,2026-05-31,600835,Shanghai Mechanical and Electrical Industry Co Ltd,0.0004,Industrials,CN,issuer
VWCE,2026-05-31,300223,Ingenic Semiconductor Co Ltd,0.0004,Technology,CN,issuer
VWCE,2026-05-31,FLYNAS,flynas Co SJSC,0.0004,Consumer Discretionary,SA,issuer
VWCE,2026-05-31,036460,Korea Gas Corp,0.0004,Utilities,KR,issuer
VWCE,2026-05-31,7240,NOK Corp,0.0004,Consumer Discretionary,JP,issuer
VWCE,2026-05-31,PRESIGHT,Presight AI Holding PLC,0.0004,Technology,AE,issuer
VWCE,2026-05-31,601727,Shanghai Electric Group Co Ltd,0.0004,Industrials,CN,issuer
VWCE,2026-05-31,SPEN,Shapir Engineering and Industry Ltd,0.0004,Industrials,IL,issuer
VWCE,2026-05-31,FESTI,Festi hf,0.0004,Consumer Discretionary,IS,issuer
VWCE,2026-05-31,002044,Meinian Onehealth Healthcare Holdings Co Ltd,0.0004,Health Care,CN,issuer
VWCE,2026-05-31,ALVO,Alvotech SA,0.0004,Health Care,IS,issuer
VWCE,2026-05-31,4676,Fuji Media Holdings Inc,0.0004,Consumer Discretionary,JP,issuer
VWCE,2026-05-31,3347,Hangzhou Tigermed Consulting Co Ltd,0.0004,Health Care,HK,issuer
VWCE,2026-05-31,600233,YTO Express Group Co Ltd,0.0004,Industrials,CN,issuer
VWCE,2026-05-31,688099,Amlogic Shanghai Co Ltd,0.0004,Technology,CN,issuer
VWCE,2026-05-31,302440,SK Bioscience Co Ltd,0.0004,Health Care,KR,issuer
VWCE,2026-05-31,CENCOMAL,Cencosud Shopping SA,0.0004,Real Estate,CL,issuer
VWCE,2026-05-31,139130,DGB Financial Group Inc,0.0004,Financials,KR,issuer
VWCE,2026-05-31,VAPORES,Cia Sud Americana de Vapores SA,0.0004,Industrials,CL,issuer
VWCE,2026-05-31,688506,Sichuan Biokin Pharmaceutical Co Ltd,0.0004,Health Care,CN,issuer
VWCE,2026-05-31,AHGAZ,Ahlatci Dogal Gaz Dagitim Enerji VE Yatirim AS,0.0004,Utilities,TR,issuer
VWCE,2026-05-31,600926,Bank of Hangzhou Co Ltd,0.0004,Financials,CN,issuer
VWCE,2026-05-31,2206,Ezaki Glico Co Ltd,0.0004,Consumer Staples,JP,issuer
VWCE,2026-05-31,600039,Sichuan Road and Bridge Group Co Ltd,0.0004,Industrials,CN,issuer
VWCE,2026-05-31,000596,Anhui Gujing Distillery Co Ltd,0.0004,Consumer Staples,CN,issuer
VWCE,2026-05-31,,Sodexo SA,0.0004,Consumer Discretionary,FR,issuer
VWCE,2026-05-31,600066,Yutong Bus Co Ltd,0.0004,Industrials,CN,issuer
VWCE,2026-05-31,6613,Lens Technology Co Ltd,0.0003,Technology,HK,issuer
VWCE,2026-05-31,000617,CNPC Capital Co Ltd,0.0003,Financials,CN,issuer
VWCE,2026-05-31,2810,House Foods Group Inc,0.0003,Consumer Staples,JP,issuer
VWCE,2026-05-31,002195,Shanghai Stonehill Technology Co Ltd,0.0003,Technology,CN,issuer
VWCE,2026-05-31,300803,Beijing Compass Technology Development Co Ltd,0.0003,Financials,CN,issuer
VWCE,2026-05-31,000009,China Baoan Group Co Ltd,0.0003,Industrials,CN,issuer
VWCE,2026-05-31,002422,Sichuan Kelun Pharmaceutical Co Ltd,0.0003,Health Care,CN,issuer
VWCE,2026-05-31,2186,Luye Pharma Group Ltd,0.0003,Health Care,HK,issuer
VWCE,2026-05-31,601992,BBMG Corp,0.0003,Industrials,CN,issuer
VWCE,2026-05-31,600580,Wolong Electric Group Co Ltd,0.0003,Industrials,CN,issuer
VWCE,2026-05-31,1316,Nexteer Automotive Group Ltd,0.0003,Consumer Discretionary,HK,issuer
VWCE,2026-05-31,KUYAS,Kuyumcukent Gayrimenkul Yatirimlari AS,0.0003,Real Estate,TR,issuer
VWCE,2026-05-31,002074,Gotion High-tech Co Ltd,0.0003,Industrials,CN,issuer
VWCE,2026-05-31,KLRHO,Kiler Holding AS,0.0003,Real Estate,TR,issuer
VWCE,2026-05-31,MIATK,MIA Teknoloji AS,0.0003,Technology,TR,issuer
VWCE,2026-05-31,APEX,Apex Investment Co PSC,0.0003,Industrials,AE,issuer
VWCE,2026-05-31,STLA,Stellantis NV,0.0003,Consumer Discretionary,US,issuer
VWCE,2026-05-31,552,China Communications Services Corp Ltd,0.0003,Telecommunications,HK,issuer
VWCE,2026-05-31,688472,CSI Solar Co Ltd,0.0003,Energy,CN,issuer
VWCE,2026-05-31,881,Zhongsheng Group Holdings Ltd,0.0003,Consumer Discretionary,HK,issuer
VWCE,2026-05-31,300866,Anker Innovations Technology Co Ltd,0.0003,Consumer Discretionary,CN,issuer
VWCE,2026-05-31,2039,China International Marine Containers Group Co Ltd,0.0003,Industrials,HK,issuer
VWCE,2026-05-31,301165,Ruijie Networks Co Ltd,0.0003,Telecommunications,CN,issuer
VWCE,2026-05-31,600845,Shanghai Baosight Software Co Ltd,0.0003,Technology,CN,issuer
VWCE,2026-05-31,AP,Aboitiz Power Corp,0.0003,Utilities,PH,issuer
VWCE,2026-05-31,688223,Jinko Solar Co Ltd,0.0003,Energy,CN,issuer
VWCE,2026-05-31,QAMC,Qatar Aluminum Manufacturing Co,0.0003,Basic Materials,QA,issuer
VWCE,2026-05-31,SAGAD,Sagax AB,0.0003,Real Estate,SE,issuer
VWCE,2026-05-31,RLXF,Relaxo Footwears Ltd,0.0003,Consumer Discretionary,IN,issuer
VWCE,2026-05-31,BYLOT,Ballys Intralot SA,0.0003,Consumer Discretionary,GR,issuer
VWCE,2026-05-31,9898,Weibo Corp,0.0003,Technology,HK,issuer
VWCE,2026-05-31,DRR,Deterra Royalties Ltd,0.0003,Basic Materials,AU,issuer
VWCE,2026-05-31,000921,Hisense Home Appliances Group Co Ltd,0.0003,Consumer Discretionary,CN,issuer
VWCE,2026-05-31,ARABIAND,Arabian Drilling Co,0.0003,Energy,SA,issuer
VWCE,2026-05-31,002558,Giant Network Group Co Ltd,0.0003,Consumer Discretionary,CN,issuer
VWCE,2026-05-31,600588,Yonyou Network Technology Co Ltd,0.0003,Technology,CN,issuer
VWCE,2026-05-31,QLG,QL Resources Bhd,0.0003,Consumer Staples,MY,issuer
VWCE,2026-05-31,CPFE3,CPFL Energia SA,0.0003,Utilities,BR,issuer
VWCE,2026-05-31,000831,China Rare Earth Resources And Technology Co Ltd,0.0003,Basic Materials,CN,issuer
VWCE,2026-05-31,CSNA3,Cia Siderurgica Nacional SA,0.0003,Basic Materials,BR,issuer
VWCE,2026-05-31,570,China Traditional Chinese Medicine Holdings Co Ltd,0.0003,Health Care,HK,issuer
VWCE,2026-05-31,6808,Sun Art Retail Group Ltd,0.0003,Consumer Discretionary,HK,issuer
VWCE,2026-05-31,659,CTF Services Ltd,0.0003,Industrials,HK,issuer
VWCE,2026-05-31,600221,Hainan Airlines Holding Co Ltd,0.0003,Consumer Discretionary,CN,issuer
VWCE,2026-05-31,300454,Sangfor Technologies Inc,0.0003,Technology,CN,issuer
VWCE,2026-05-31,4483,JMDC Inc,0.0003,Industrials,JP,issuer
VWCE,2026-05-31,002459,JA Solar Technology Co Ltd,0.0003,Energy,CN,issuer
VWCE,2026-05-31,3292,AEON REIT Investment Corp,0.0003,Real Estate,JP,issuer
VWCE,2026-05-31,600988,Chifeng Jilong Gold Mining Group Ltd,0.0003,Basic Materials,CN,issuer
VWCE,2026-05-31,ABMB,Alliance Bank Malaysia Bhd,0.0003,Financials,MY,issuer
VWCE,2026-05-31,1368,Xtep International Holdings Ltd,0.0003,Consumer Discretionary,HK,issuer
VWCE,2026-05-31,LULU,Lulu Retail Holdings PLC,0.0003,Consumer Staples,AE,issuer
VWCE,2026-05-31,2229,Calbee Inc,0.0003,Consumer Staples,JP,issuer
VWCE,2026-05-31,002287,Tibet Cheezheng Tibetan Medicine Co Ltd,0.0003,Health Care,CN,issuer
VWCE,2026-05-31,MULT3,Multiplan Empreendimentos Imobiliarios SA,0.0003,Real Estate,BR,issuer
VWCE,2026-05-31,1199,COSCO SHIPPING Ports Ltd,0.0003,Industrials,HK,issuer
VWCE,2026-05-31,PHX,Phoenix Group PLC,0.0003,Technology,AE,issuer
VWCE,2026-05-31,002920,Huizhou Desay Sv Automotive Co Ltd,0.0003,Consumer Discretionary,CN,issuer
VWCE,2026-05-31,601866,COSCO SHIPPING Development Co Ltd,0.0003,Industrials,CN,issuer
VWCE,2026-05-31,BTS/F,BTS Group Holdings PCL,0.0003,Industrials,TH,issuer
VWCE,2026-05-31,M,MED Life SA,0.0003,Health Care,RO,issuer
VWCE,2026-05-31,3923,Rakus Co Ltd,0.0003,Technology,JP,issuer
VWCE,2026-05-31,683,Kerry Properties Ltd,0.0003,Real Estate,HK,issuer
VWCE,2026-05-31,300724,Shenzhen SC New Energy Technology Corp,0.0003,Energy,CN,issuer
VWCE,2026-05-31,2593,Ito En Ltd,0.0003,Consumer Staples,JP,issuer
VWCE,2026-05-31,LU,Lufax Holding Ltd,0.0003,Financials,US,issuer
VWCE,2026-05-31,8876,Relo Group Inc,0.0003,Real Estate,JP,issuer
VWCE,2026-05-31,601825,Shanghai Rural Commercial Bank Co Ltd,0.0003,Financials,CN,issuer
VWCE,2026-05-31,GMAT3,Grupo Mateus SA,0.0003,Consumer Discretionary,BR,issuer
VWCE,2026-05-31,600096,Yunnan Yuntianhua Co Ltd,0.0003,Basic Materials,CN,issuer
VWCE,2026-05-31,600522,Jiangsu Zhongtian Technology Co Ltd,0.0003,Telecommunications,CN,issuer
VWCE,2026-05-31,639,Shougang Fushan Resources Group Ltd,0.0003,Energy,HK,issuer
VWCE,2026-05-31,002261,Talkweb Information System Co Ltd,0.0003,Technology,CN,issuer
VWCE,2026-05-31,688180,Shanghai Junshi Biosciences Co Ltd,0.0003,Health Care,CN,issuer
VWCE,2026-05-31,LYDYE,Lydia Yesil Enerji Kaynaklari Anonimsirketi,0.0003,Utilities,TR,issuer
VWCE,2026-05-31,600895,Shanghai Zhangjiang High-Tech Park Development Co Ltd,0.0003,Real Estate,CN,issuer
VWCE,2026-05-31,INTP,Indocement Tunggal Prakarsa Tbk PT,0.0003,Industrials,ID,issuer
VWCE,2026-05-31,004990,Lotte Corp,0.0003,Consumer Discretionary,KR,issuer
VWCE,2026-05-31,002127,NanJi E-Commerce Co Ltd,0.0003,Technology,CN,issuer
VWCE,2026-05-31,002252,Shanghai RAAS Blood Products Co Ltd,0.0003,Health Care,CN,issuer
VWCE,2026-05-31,600143,Kingfa Sci & Tech Co Ltd,0.0003,Industrials,CN,issuer
VWCE,2026-05-31,4681,Resorttrust Inc,0.0003,Consumer Discretionary,JP,issuer
VWCE,2026-05-31,2670,ABC-Mart Inc,0.0003,Consumer Discretionary,JP,issuer
VWCE,2026-05-31,14,Hysan Development Co Ltd,0.0003,Real Estate,HK,issuer
VWCE,2026-05-31,300085,Shenzhen Infogem Technologies Co Ltd,0.0003,Technology,CN,issuer
VWCE,2026-05-31,300748,JL Mag Rare-Earth Co Ltd,0.0003,Industrials,CN,issuer
VWCE,2026-05-31,000895,Henan Shuanghui Investment & Development Co Ltd,0.0003,Consumer Staples,CN,issuer
VWCE,2026-05-31,TRMET,TR Anadolu Metal Madencilik Isletmeleri AS,0.0003,Basic Materials,TR,issuer
VWCE,2026-05-31,,Sodexo SA,0.0003,Consumer Discretionary,FR,issuer
VWCE,2026-05-31,006360,GS Engineering & Construction Corp,0.0003,Industrials,KR,issuer
VWCE,2026-05-31,9449,GMO internet group Inc,0.0003,Technology,JP,issuer
VWCE,2026-05-31,696,TravelSky Technology Ltd,0.0003,Technology,HK,issuer
VWCE,2026-05-31,002653,Haisco Pharmaceutical Group Co Ltd,0.0003,Health Care,CN,issuer
VWCE,2026-05-31,002673,Western Securities Co Ltd,0.0003,Financials,CN,issuer
VWCE,2026-05-31,002064,Huafon Chemical Co Ltd,0.0003,Basic Materials,CN,issuer
VWCE,2026-05-31,ILCO,Israel Corp Ltd,0.0003,Basic Materials,IL,issuer
VWCE,2026-05-31,300115,Shenzhen Everwin Precision Technology Co Ltd,0.0003,Technology,CN,issuer
VWCE,2026-05-31,BRSAN,Borusan Birlesik Boru Fabrikalari Sanayi ve Ticaret AS,0.0003,Basic Materials,TR,issuer
VWCE,2026-05-31,001979,China Merchants Shekou Industrial Zone Holdings Co Ltd,0.0003,Real Estate,CN,issuer
VWCE,2026-05-31,1877,Shanghai Junshi Biosciences Co Ltd,0.0003,Health Care,HK,issuer
VWCE,2026-05-31,BATA,Bata India Ltd,0.0003,Consumer Discretionary,IN,issuer
VWCE,2026-05-31,688297,AVIC Chengdu UAS Co Ltd,0.0003,Industrials,CN,issuer
VWCE,2026-05-31,000999,China Resources Sanjiu Medical & Pharmaceutical Co Ltd,0.0003,Health Care,CN,issuer
VWCE,2026-05-31,ECILC,EIS Eczacibasi Ilac ve Sinai ve Finansal Yatirimlar Sanayi ve Ticaret AS,0.0003,Health Care,TR,issuer
VWCE,2026-05-31,300765,CSPC Innovation Pharmaceutical Co Ltd,0.0003,Consumer Staples,CN,issuer
VWCE,2026-05-31,000975,Shanjin International Gold Co Ltd,0.0003,Basic Materials,CN,issuer
VWCE,2026-05-31,LIDER,LDR Turizm AS,0.0003,Consumer Discretionary,TR,issuer
VWCE,2026-05-31,MONDE,Monde Nissin Corp,0.0003,Consumer Staples,PH,issuer
VWCE,2026-05-31,AKSA,Aksa Akrilik Kimya Sanayii AS,0.0003,Basic Materials,TR,issuer
VWCE,2026-05-31,8572,Acom Co Ltd,0.0003,Financials,JP,issuer
VWCE,2026-05-31,9003,Sotetsu Holdings Inc,0.0003,Consumer Discretionary,JP,issuer
VWCE,2026-05-31,000581,Weifu High-Technology Group Co Ltd,0.0003,Consumer Discretionary,CN,issuer
VWCE,2026-05-31,ULKER,Ulker Biskuvi Sanayi AS,0.0003,Consumer Staples,TR,issuer
VWCE,2026-05-31,JSWINFRA,JSW Infrastructure Ltd,0.0003,Industrials,IN,issuer
VWCE,2026-05-31,002595,Shandong Himile Mechanical Science & Technology Co Ltd,0.0003,Industrials,CN,issuer
VWCE,2026-05-31,HWA,Honeywell Automation India Ltd,0.0003,Industrials,IN,issuer
VWCE,2026-05-31,600018,Shanghai International Port Group Co Ltd,0.0003,Industrials,CN,issuer
VWCE,2026-05-31,8570,AEON Financial Service Co Ltd,0.0003,Financials,JP,issuer
VWCE,2026-05-31,KVIKA,Kvika banki hf,0.0003,Financials,IS,issuer
VWCE,2026-05-31,600256,Guanghui Energy Co Ltd,0.0003,Energy,CN,issuer
VWCE,2026-05-31,TKA,Telekom Austria AG,0.0003,Telecommunications,AT,issuer
VWCE,2026-05-31,CMIN3,CSN Mineracao SA,0.0003,Basic Materials,BR,issuer
VWCE,2026-05-31,SCGP/F,SCG Packaging PCL,0.0003,Industrials,TH,issuer
VWCE,2026-05-31,DOAS,Dogus Otomotiv Servis ve Ticaret AS,0.0003,Consumer Discretionary,TR,issuer
VWCE,2026-05-31,3320,China Resources Pharmaceutical Group Ltd,0.0003,Health Care,HK,issuer
VWCE,2026-05-31,600252,Guangxi Wuzhou Zhongheng Group Co Ltd,0.0003,Health Care,CN,issuer
VWCE,2026-05-31,TPG,TPG Telecom Ltd,0.0003,Telecommunications,AU,issuer
VWCE,2026-05-31,NIC,National Industrialization Co,0.0003,Basic Materials,SA,issuer
VWCE,2026-05-31,KIO,Kumba Iron Ore Ltd,0.0003,Basic Materials,ZA,issuer
VWCE,2026-05-31,AIIL,Authum Investment & Infrastucture Ltd,0.0003,Financials,IN,issuer
VWCE,2026-05-31,900934,Shanghai Jinjiang International Hotels Co Ltd,0.0003,Consumer Discretionary,CN,issuer
VWCE,2026-05-31,300144,Songcheng Performance Development Co Ltd,0.0003,Consumer Discretionary,CN,issuer
VWCE,2026-05-31,097950,CJ CheilJedang Corp,0.0003,Consumer Staples,KR,issuer
VWCE,2026-05-31,300255,Hebei Changshan Biochemical Pharmaceutical Co Ltd,0.0003,Health Care,CN,issuer
VWCE,2026-05-31,6979,ZJLD Group Inc,0.0003,Consumer Staples,HK,issuer
VWCE,2026-05-31,TURSG,Turkiye Sigorta AS,0.0003,Financials,TR,issuer
VWCE,2026-05-31,688578,Shanghai Allist Pharmaceuticals Co Ltd,0.0003,Health Care,CN,issuer
VWCE,2026-05-31,300339,Jiangsu Hoperun Software Co Ltd,0.0002,Technology,CN,issuer
VWCE,2026-05-31,603077,Sichuan Hebang Biotechnology Co Ltd,0.0002,Basic Materials,CN,issuer
VWCE,2026-05-31,ISMEN,Is Yatirim Menkul Degerler AS,0.0002,Financials,TR,issuer
VWCE,2026-05-31,8283,PALTAC Corp,0.0002,Consumer Staples,JP,issuer
VWCE,2026-05-31,000028,China National Accord Medicines Corp Ltd,0.0002,Consumer Staples,CN,issuer
VWCE,2026-05-31,600536,China National Software & Service Co Ltd,0.0002,Technology,CN,issuer
VWCE,2026-05-31,002414,Wuhan Guide Infrared Co Ltd,0.0002,Industrials,CN,issuer
VWCE,2026-05-31,10,Hang Lung Group Ltd,0.0002,Real Estate,HK,issuer
VWCE,2026-05-31,688303,Xinjiang Daqo New Energy Co Ltd,0.0002,Basic Materials,CN,issuer
VWCE,2026-05-31,8424,Fuyo General Lease Co Ltd,0.0002,Consumer Discretionary,JP,issuer
VWCE,2026-05-31,300832,Shenzhen New Industries Biomedical Engineering Co Ltd,0.0002,Health Care,CN,issuer
VWCE,2026-05-31,TERA,Tera Yatirim Menkul Degerler AS,0.0002,Financials,TR,issuer
VWCE,2026-05-31,CUERVO*,Becle SAB de CV,0.0002,Consumer Staples,MX,issuer
VWCE,2026-05-31,754,Hopson Development Holdings Ltd,0.0002,Real Estate,HK,issuer
VWCE,2026-05-31,9989,Shenzhen Hepalink Pharmaceutical Group Co Ltd,0.0002,Health Care,HK,issuer
VWCE,2026-05-31,ENERY,Enerya Enerji AS,0.0002,Utilities,TR,issuer
VWCE,2026-05-31,RENT4,Localiza Rent a Car SA,0.0002,Consumer Discretionary,BR,issuer
VWCE,2026-05-31,NCKL,Trimegah Bangun Persada Tbk PT,0.0002,Basic Materials,ID,issuer
VWCE,2026-05-31,383220,F&F Co Ltd / New,0.0002,Consumer Discretionary,KR,issuer
VWCE,2026-05-31,ENJSA,Enerjisa Enerji AS,0.0002,Utilities,TR,issuer
VWCE,2026-05-31,601933,Yonghui Superstores Co Ltd,0.0002,Consumer Staples,CN,issuer
VWCE,2026-05-31,200625,Chongqing Changan Automobile Co Ltd,0.0002,Consumer Discretionary,CN,issuer
VWCE,2026-05-31,HPHT,Hutchison Port Holdings Trust,0.0002,Industrials,SG,issuer
VWCE,2026-05-31,000158,Shijiazhuang Changshan BeiMing Technology Co Ltd,0.0002,Technology,CN,issuer
VWCE,2026-05-31,002294,Shenzhen Salubris Pharmaceuticals Co Ltd,0.0002,Health Care,CN,issuer
VWCE,2026-05-31,8976,Daiwa Office Investment Corp,0.0002,Real Estate,JP,issuer
VWCE,2026-05-31,688608,Bestechnic Shanghai Co Ltd,0.0002,Technology,CN,issuer
VWCE,2026-05-31,300316,Zhejiang Jingsheng Mechanical & Electrical Co Ltd,0.0002,Technology,CN,issuer
VWCE,2026-05-31,BRYAT,Borusan Yatirim ve Pazarlama AS,0.0002,Basic Materials,TR,issuer
VWCE,2026-05-31,4686,Justsystems Corp,0.0002,Technology,JP,issuer
VWCE,2026-05-31,,Sodexo SA,0.0002,Consumer Discretionary,FR,issuer
VWCE,2026-05-31,AVIA,Avia Avian Tbk PT,0.0002,Industrials,ID,issuer
VWCE,2026-05-31,2201,Yulon Motor Co Ltd,0.0002,Consumer Discretionary,TW,issuer
VWCE,2026-05-31,HEKTS,Hektas Ticaret TAS,0.0002,Basic Materials,TR,issuer
VWCE,2026-05-31,3549,Kusuri no Aoki Holdings Co Ltd,0.0002,Consumer Staples,JP,issuer
VWCE,2026-05-31,601939,China Construction Bank Corp,0.0002,Financials,CN,issuer
VWCE,2026-05-31,301236,Isoftstone Information Technology Group Co Ltd,0.0002,Technology,CN,issuer
VWCE,2026-05-31,002517,Kingnet Network Co Ltd,0.0002,Consumer Discretionary,CN,issuer
VWCE,2026-05-31,601169,Bank of Beijing Co Ltd,0.0002,Financials,CN,issuer
VWCE,2026-05-31,3918,NagaCorp Ltd,0.0002,Consumer Discretionary,HK,issuer
VWCE,2026-05-31,000998,Yuan Longping High-tech Agriculture Co Ltd,0.0002,Consumer Staples,CN,issuer
VWCE,2026-05-31,4812,Dentsu Soken Inc,0.0002,Technology,JP,issuer
VWCE,2026-05-31,LH-R,Land & Houses PCL,0.0002,Real Estate,TH,issuer
VWCE,2026-05-31,6099,China Merchants Securities Co Ltd,0.0002,Financials,HK,issuer
VWCE,2026-05-31,363,Shanghai Industrial Holdings Ltd,0.0002,Real Estate,HK,issuer
VWCE,2026-05-31,018880,Hanon Systems,0.0002,Consumer Discretionary,KR,issuer
VWCE,2026-05-31,TRALT,Koza Altin Isletmeleri AS,0.0002,Basic Materials,TR,issuer
VWCE,2026-05-31,152,Shenzhen International Holdings Ltd,0.0002,Industrials,HK,issuer
VWCE,2026-05-31,300769,Shenzhen Dynanonic Co Ltd,0.0002,Basic Materials,CN,issuer
VWCE,2026-05-31,LIVEPOLC,El Puerto de Liverpool SAB de CV,0.0002,Consumer Discretionary,MX,issuer
VWCE,2026-05-31,CNVRG,Converge Information and Communications Technology Solutions Inc,0.0002,Telecommunications,PH,issuer
VWCE,2026-05-31,OPUS,Opus Global Nyrt,0.0002,Industrials,HU,issuer
VWCE,2026-05-31,002736,Guosen Securities Co Ltd,0.0002,Financials,CN,issuer
VWCE,2026-05-31,2296,Itoham Yonekyu Holdings Inc,0.0002,Consumer Staples,JP,issuer
VWCE,2026-05-31,SNT,Santam Ltd,0.0002,Financials,ZA,issuer
VWCE,2026-05-31,MYOR,Mayora Indah Tbk PT,0.0002,Consumer Staples,ID,issuer
VWCE,2026-05-31,600015,Huaxia Bank Co Ltd,0.0002,Financials,CN,issuer
VWCE,2026-05-31,GENIL,GEN Ilac VE Saglik Urunleri Sanayi VE Ticaret AS,0.0002,Health Care,TR,issuer
VWCE,2026-05-31,TBIG,PT Tower Bersama Infrastructure Tbk,0.0002,Telecommunications,ID,issuer
VWCE,2026-05-31,000564,CCOOP Group Co Ltd,0.0002,Consumer Discretionary,CN,issuer
VWCE,2026-05-31,000825,Shanxi Taigang Stainless Steel Co Ltd,0.0002,Basic Materials,CN,issuer
VWCE,2026-05-31,601098,China South Publishing & Media Group Co Ltd,0.0002,Consumer Discretionary,CN,issuer
VWCE,2026-05-31,TOASO,Tofas Turk Otomobil Fabrikasi AS,0.0002,Consumer Discretionary,TR,issuer
VWCE,2026-05-31,LYDHO,LYDIA HOLDING AS,0.0002,Real Estate,TR,issuer
VWCE,2026-05-31,ACEN,ACEN Corp,0.0002,Utilities,PH,issuer
VWCE,2026-05-31,ZRGYO,Ziraat Gayrimenkul Yatirim Ortakligi AS,0.0002,Real Estate,TR,issuer
VWCE,2026-05-31,GTCAP,GT Capital Holdings Inc,0.0002,Consumer Discretionary,PH,issuer
VWCE,2026-05-31,GRTHO,Grainturk Tarim AS,0.0002,Consumer Staples,TR,issuer
VWCE,2026-05-31,000960,Yunnan Tin Co Ltd,0.0002,Basic Materials,CN,issuer
VWCE,2026-05-31,088350,Hanwha Life Insurance Co Ltd,0.0002,Financials,KR,issuer
VWCE,2026-05-31,028670,Pan Ocean Co Ltd,0.0002,Industrials,KR,issuer
VWCE,2026-05-31,300779,New Issuer: BB Company ID:28698077,0.0002,Basic Materials,CN,issuer
VWCE,2026-05-31,002603,Shijiazhuang Yiling Pharmaceutical Co Ltd,0.0002,Health Care,CN,issuer
VWCE,2026-05-31,GUJGA,Gujarat Gas Ltd,0.0002,Utilities,IN,issuer
VWCE,2026-05-31,300661,SG Micro Corp,0.0002,Technology,CN,issuer
VWCE,2026-05-31,068760,Celltrion Pharm Inc,0.0002,Health Care,KR,issuer
VWCE,2026-05-31,2238,Guangzhou Automobile Group Co Ltd,0.0002,Consumer Discretionary,HK,issuer
VWCE,2026-05-31,600612,Lao Feng Xiang Co Ltd,0.0002,Consumer Discretionary,CN,issuer
VWCE,2026-05-31,601016,CECEP Wind-Power Corp,0.0002,Utilities,CN,issuer
VWCE,2026-05-31,000708,Citic Pacific Special Steel Group Co Ltd,0.0002,Basic Materials,CN,issuer
VWCE,2026-05-31,AMOT,Amot Investments Ltd,0.0002,Real Estate,IL,issuer
VWCE,2026-05-31,002939,China Great Wall Securities Co Ltd,0.0002,Financials,CN,issuer
VWCE,2026-05-31,600549,Xiamen Tungsten Co Ltd,0.0002,Basic Materials,CN,issuer
VWCE,2026-05-31,SEERA,Seera Group Holding,0.0002,Consumer Discretionary,SA,issuer
VWCE,2026-05-31,000630,Tongling Nonferrous Metals Group Co Ltd,0.0002,Basic Materials,CN,issuer
VWCE,2026-05-31,000959,Beijing Shougang Co Ltd,0.0002,Basic Materials,CN,issuer
VWCE,2026-05-31,603659,Shanghai Putailai New Energy Technology Group Co Ltd,0.0002,Basic Materials,CN,issuer
VWCE,2026-05-31,601818,China Everbright Bank Co Ltd,0.0002,Financials,CN,issuer
VWCE,2026-05-31,3116,Toyota Boshoku Corp,0.0002,Consumer Discretionary,JP,issuer
VWCE,2026-05-31,8454,momo.com Inc,0.0002,Consumer Discretionary,TW,issuer
VWCE,2026-05-31,000983,Shanxi Coking Coal Energy Group Co Ltd,0.0002,Energy,CN,issuer
VWCE,2026-05-31,600027,Huadian Power International Corp Ltd,0.0002,Utilities,CN,issuer
VWCE,2026-05-31,MANYAVAR,Vedant Fashions Ltd,0.0002,Consumer Discretionary,IN,issuer
VWCE,2026-05-31,600048,Poly Developments and Holdings Group Co Ltd,0.0001,Real Estate,CN,issuer
VWCE,2026-05-31,300418,Kunlun Tech Co Ltd,0.0001,Consumer Discretionary,CN,issuer
VWCE,2026-05-31,012750,S-1 Corp,0.0001,Industrials,KR,issuer
VWCE,2026-05-31,051600,KEPCO Plant Service & Engineering Co Ltd,0.0001,Industrials,KR,issuer
VWCE,2026-05-31,PTBA,Bukit Asam Persero Tbk PT,0.0001,Energy,ID,issuer
VWCE,2026-05-31,601916,China Zheshang Bank Co Ltd,0.0001,Financials,CN,issuer
VWCE,2026-05-31,600216,Zhejiang Medicine Co Ltd,0.0001,Health Care,CN,issuer
VWCE,2026-05-31,300782,Maxscend Microelectronics Co Ltd,0.0001,Technology,CN,issuer
VWCE,2026-05-31,OLG,Olam Group Ltd,0.0001,Consumer Staples,SG,issuer
VWCE,2026-05-31,601117,China National Chemical Engineering Co Ltd,0.0001,Industrials,CN,issuer
VWCE,2026-05-31,4IG,4iG Nyrt,0.0001,Technology,HU,issuer
VWCE,2026-05-31,2128,China Lesso Group Holdings Ltd,0.0001,Industrials,HK,issuer
VWCE,2026-05-31,300628,Yealink Network Technology Corp Ltd,0.0001,Telecommunications,CN,issuer
VWCE,2026-05-31,6865,Flat Glass Group Co Ltd,0.0001,Industrials,HK,issuer
VWCE,2026-05-31,METROBRA,Metro Brands Ltd,0.0001,Consumer Discretionary,IN,issuer
VWCE,2026-05-31,002812,Yunnan Energy New Material Group Co Ltd,0.0001,Industrials,CN,issuer
VWCE,2026-05-31,002110,Sansteel Minguang Co Ltd Fujian,0.0001,Basic Materials,CN,issuer
VWCE,2026-05-31,300133,Zhejiang Huace Film & Television Co Ltd,0.0001,Consumer Discretionary,CN,issuer
VWCE,2026-05-31,880,SJM Holdings Ltd,0.0001,Consumer Discretionary,HK,issuer
VWCE,2026-05-31,600426,Shandong Hualu Hengsheng Chemical Co Ltd,0.0001,Basic Materials,CN,issuer
VWCE,2026-05-31,688599,Trina Solar Co Ltd,0.0001,Energy,CN,issuer
VWCE,2026-05-31,601618,Metallurgical Corp of China Ltd,0.0001,Industrials,CN,issuer
VWCE,2026-05-31,002648,Satellite Chemical Co Ltd,0.0001,Basic Materials,CN,issuer
VWCE,2026-05-31,300759,Pharmaron Beijing Co Ltd,0.0001,Health Care,CN,issuer
VWCE,2026-05-31,636,KLN Logistics Group Ltd,0.0001,Industrials,HK,issuer
VWCE,2026-05-31,002155,Hunan Gold Corp Ltd,0.0001,Basic Materials,CN,issuer
VWCE,2026-05-31,6699,Angelalign Technology Inc,0.0001,Health Care,HK,issuer
VWCE,2026-05-31,300999,Yihai Kerry Arawana Holdings Co Ltd,0.0001,Consumer Staples,CN,issuer
VWCE,2026-05-31,9401,TBS Holdings Inc,0.0001,Consumer Discretionary,JP,issuer
VWCE,2026-05-31,DMC,DMCI Holdings Inc,0.0001,Energy,PH,issuer
VWCE,2026-05-31,MTC/F,Muangthai Capital PCL,0.0001,Financials,TH,issuer
VWCE,2026-05-31,2314,Lee & Man Paper Manufacturing Ltd,0.0001,Basic Materials,HK,issuer
VWCE,2026-05-31,1083,Towngas Smart Energy Co Ltd,0.0001,Utilities,HK,issuer
VWCE,2026-05-31,300037,Shenzhen Capchem Technology Co Ltd,0.0001,Basic Materials,CN,issuer
VWCE,2026-05-31,6049,Poly Property Services Co Ltd,0.0001,Real Estate,HK,issuer
VWCE,2026-05-31,2356,Dah Sing Banking Group Ltd,0.0001,Financials,HK,issuer
VWCE,2026-05-31,4927,Pola Orbis Holdings Inc,0.0001,Consumer Discretionary,JP,issuer
VWCE,2026-05-31,1313,China Resources Building Materials Technology Holdings Ltd,0.0001,Industrials,HK,issuer
VWCE,2026-05-31,601699,Shanxi Lu'an Environmental Energy Development Co Ltd,0.0001,Energy,CN,issuer
VWCE,2026-05-31,6993,Blue Moon Group Holdings Ltd,0.0001,Consumer Staples,HK,issuer
VWCE,2026-05-31,995,Anhui Expressway Co Ltd,0.0001,Industrials,HK,issuer
VWCE,2026-05-31,600392,Shenghe Resources Holding Co Ltd,0.0001,Basic Materials,CN,issuer
VWCE,2026-05-31,579,Beijing Jingneng Clean Energy Co Ltd,0.0001,Utilities,HK,issuer
VWCE,2026-05-31,TOWR,Sarana Menara Nusantara Tbk PT,0.0001,Telecommunications,ID,issuer
VWCE,2026-05-31,SCC,Semirara Mining & Power Corp,0.0001,Energy,PH,issuer
VWCE,2026-05-31,002266,Zhefu Holding Group Co Ltd,0.0001,Utilities,CN,issuer
VWCE,2026-05-31,000120,CJ Logistics Corp,0.0001,Industrials,KR,issuer
VWCE,2026-05-31,GFL,GFL Environmental Inc,0.0001,Utilities,US,issuer
VWCE,2026-05-31,525,Guangshen Railway Co Ltd,0.0001,Industrials,HK,issuer
VWCE,2026-05-31,1030,Seazen Group Ltd,0.0001,Real Estate,HK,issuer
VWCE,2026-05-31,1033,Sinopec Oilfield Service Corp,0.0001,Energy,HK,issuer
VWCE,2026-05-31,361610,SK IE Technology Co Ltd,0.0001,Industrials,KR,issuer
VWCE,2026-05-31,000876,New Hope Liuhe Co Ltd,0.0001,Consumer Staples,CN,issuer
VWCE,2026-05-31,300122,Chongqing Zhifei Biological Products Co Ltd,0.0001,Health Care,CN,issuer
VWCE,2026-05-31,600007,China World Trade Center Co Ltd,0.0001,Real Estate,CN,issuer
VWCE,2026-05-31,600570,Hundsun Technologies Inc,0.0001,Technology,CN,issuer
VWCE,2026-05-31,026960,Dongsuh Cos Inc,0.0001,Consumer Staples,KR,issuer
VWCE,2026-05-31,029780,Samsung Card Co Ltd,0.0001,Financials,KR,issuer
VWCE,2026-05-31,601811,Xinhua Winshare Publishing and Media Co Ltd,0.0001,Consumer Discretionary,CN,issuer
VWCE,2026-05-31,601333,Guangshen Railway Co Ltd,0.0001,Industrials,CN,issuer
VWCE,2026-05-31,300763,Ginlong Technologies Co Ltd,0.0001,Industrials,CN,issuer
VWCE,2026-05-31,008930,Hanmi Science Co ltd,0.0001,Health Care,KR,issuer
VWCE,2026-05-31,002532,Tianshan Aluminum Group Co Ltd,0.0001,Basic Materials,CN,issuer
VWCE,2026-05-31,GULF-R,Gulf Development PCL,0.0001,Utilities,TH,issuer
VWCE,2026-05-31,INCO,Vale Indonesia Tbk PT,0.0001,Basic Materials,ID,issuer
VWCE,2026-05-31,2778,Champion REIT,0.0001,Real Estate,HK,issuer
VWCE,2026-05-31,002790,AMOREPACIFIC Group,0.0001,Consumer Discretionary,KR,issuer
VWCE,2026-05-31,900911,Shanghai Jinqiao Export Processing Zone Development Co Ltd,0.0001,Real Estate,CN,issuer
VWCE,2026-05-31,002407,Do-Fluoride New Materials Co Ltd,0.0001,Basic Materials,CN,issuer
VWCE,2026-05-31,600383,Gemdale Corp,0.0001,Real Estate,CN,issuer
VWCE,2026-05-31,000629,Pangang Group Vanadium Titanium & Resources Co Ltd,0.0001,Basic Materials,CN,issuer
VWCE,2026-05-31,69,Shangri-La Asia Ltd,0.0001,Consumer Discretionary,HK,issuer
VWCE,2026-05-31,6127,Joinn Laboratories China Co Ltd,0.0001,Health Care,HK,issuer
VWCE,2026-05-31,000301,Jiangsu Eastern Shenghong Co Ltd,0.0001,Basic Materials,CN,issuer
VWCE,2026-05-31,007070,GS Retail Co Ltd,0.0001,Consumer Staples,KR,issuer
VWCE,2026-05-31,000883,Hubei Energy Group Co Ltd,0.0001,Utilities,CN,issuer
VWCE,2026-05-31,EFOR,Efor Yatirim Sanayi Ticaret AS,0.0001,Consumer Staples,TR,issuer
VWCE,2026-05-31,002555,37 Interactive Entertainment Network Technology Group Co Ltd,0.0001,Consumer Discretionary,CN,issuer
VWCE,2026-05-31,6185,CanSino Biologics Inc,0.0001,Health Care,HK,issuer
VWCE,2026-05-31,000938,Unisplendour Corp Ltd,0.0001,Technology,CN,issuer
VWCE,2026-05-31,BEKE,KE Holdings Inc,0.0001,Real Estate,US,issuer
VWCE,2026-05-31,694,Beijing Capital International Airport Co Ltd,0.0001,Industrials,HK,issuer
VWCE,2026-05-31,GGRM,Gudang Garam Tbk PT,0.0001,Consumer Staples,ID,issuer
VWCE,2026-05-31,000027,Shenzhen Energy Group Co Ltd,0.0001,Utilities,CN,issuer
VWCE,2026-05-31,2866,COSCO SHIPPING Development Co Ltd,0.0001,Industrials,HK,issuer
VWCE,2026-05-31,601877,Zhejiang Chint Electrics Co Ltd,0.0001,Industrials,CN,issuer
VWCE,2026-05-31,000963,Huadong Medicine Co Ltd,0.0001,Health Care,CN,issuer
VWCE,2026-05-31,BYRCS,Bayer CropScience Ltd/India,0.0001,Basic Materials,IN,issuer
VWCE,2026-05-31,BRIS,Bank Syariah Indonesia Persero Tbk PT,0.0001,Financials,ID,issuer
VWCE,2026-05-31,347,Angang Steel Co Ltd,0.0001,Basic Materials,HK,issuer
VWCE,2026-05-31,603185,Hoyuan Green Energy Co Ltd,0.0001,Technology,CN,issuer
VWCE,2026-05-31,BURG,Burgan Bank SAK,0.0001,Financials,KW,issuer
VWCE,2026-05-31,811,Xinhua Winshare Publishing and Media Co Ltd,0.0001,Consumer Discretionary,HK,issuer
VWCE,2026-05-31,SUNTV,Sun TV Network Ltd,0.0001,Consumer Discretionary,IN,issuer
VWCE,2026-05-31,900909,Shanghai Huayi Group Co Ltd,0.0001,Consumer Discretionary,CN,issuer
VWCE,2026-05-31,HLUNA,H Lundbeck A/S,0.0001,Health Care,DK,issuer
VWCE,2026-05-31,300207,Sunwoda Electronic Co Ltd,0.0001,Consumer Staples,CN,issuer
VWCE,2026-05-31,SMGR,Semen Indonesia Persero Tbk PT,0.0001,Industrials,ID,issuer
VWCE,2026-05-31,002409,Jiangsu Yoke Technology Co Ltd,0.0001,Basic Materials,CN,issuer
VWCE,2026-05-31,MDIA3,M Dias Branco SA,0.0001,Consumer Staples,BR,issuer
VWCE,2026-05-31,BJC/F,Berli Jucker PCL,0.0001,Consumer Discretionary,TH,issuer
VWCE,2026-05-31,002601,LB Group Co Ltd,0.0001,Basic Materials,CN,issuer
VWCE,2026-05-31,603486,Ecovacs Robotics Co Ltd,0.0001,Consumer Discretionary,CN,issuer
VWCE,2026-05-31,000069,Shenzhen Overseas Chinese Town Co Ltd,0.0001,Real Estate,CN,issuer
VWCE,2026-05-31,300146,By-health Co Ltd,0.0001,Consumer Staples,CN,issuer
VWCE,2026-05-31,300347,Hangzhou Tigermed Consulting Co Ltd,0.0001,Health Care,CN,issuer
VWCE,2026-05-31,600325,Zhuhai Huafa Properties Co Ltd,0.0001,Real Estate,CN,issuer
VWCE,2026-05-31,603806,Hangzhou First Applied Material Co Ltd,0.0001,Industrials,CN,issuer
VWCE,2026-05-31,601233,Tongkun Group Co Ltd,0.0001,Basic Materials,CN,issuer
VWCE,2026-05-31,JSMR,Jasa Marga Persero Tbk PT,0.0001,Industrials,ID,issuer
VWCE,2026-05-31,000661,Changchun High-Tech Industry Group Co Ltd,0.0001,Health Care,CN,issuer
VWCE,2026-05-31,000799,JiuGui Liquor Co Ltd,0.0001,Consumer Staples,CN,issuer
VWCE,2026-05-31,000937,Jizhong Energy Resources Co Ltd,0.0001,Energy,CN,issuer
VWCE,2026-05-31,600009,Shanghai International Airport Co Ltd,0.0001,Industrials,CN,issuer
VWCE,2026-05-31,000932,Hunan Valin Steel Co Ltd,0.0001,Basic Materials,CN,issuer
VWCE,2026-05-31,600741,Huayu Automotive Systems Co Ltd,0.0001,Consumer Discretionary,CN,issuer
VWCE,2026-05-31,600521,Zhejiang Huahai Pharmaceutical Co Ltd,0.0001,Health Care,CN,issuer
VWCE,2026-05-31,601567,Ningbo Sanxing Medical Electric Co Ltd,0.0001,Industrials,CN,issuer
VWCE,2026-05-31,601828,Red Star Macalline Group Corp Ltd,0.0001,Consumer Discretionary,CN,issuer
VWCE,2026-05-31,300413,Mango Excellent Media Co Ltd,0.0001,Consumer Discretionary,CN,issuer
VWCE,2026-05-31,MEG,Megaworld Corp,0.0001,Real Estate,PH,issuer
VWCE,2026-05-31,600763,Topchoice Medical Corp,0.0001,Health Care,CN,issuer
VWCE,2026-05-31,600803,ENN Natural Gas Co Ltd,0.0001,Utilities,CN,issuer
VWCE,2026-05-31,600985,Huaibei Mining Holdings Co Ltd,0.0001,Energy,CN,issuer
VWCE,2026-05-31,300896,Imeik Technology Development Co Ltd,0.0001,Health Care,CN,issuer
VWCE,2026-05-31,000830,Luxi Chemical Group Co Ltd,0.0001,Basic Materials,CN,issuer
VWCE,2026-05-31,002624,Perfect World Co Ltd/China,0.0001,Consumer Discretionary,CN,issuer
VWCE,2026-05-31,300003,Lepu Medical Technology Beijing Co Ltd,0.0001,Health Care,CN,issuer
VWCE,2026-05-31,002007,Hualan Biological Engineering Inc,0.0001,Health Care,CN,issuer
VWCE,2026-05-31,UFUK,Ufuk Yatirim Yonetim ve Gayrimenkul AS,0.0001,Financials,TR,issuer
VWCE,2026-05-31,002821,Asymchem Laboratories Tianjin Co Ltd,0.0001,Health Care,CN,issuer
VWCE,2026-05-31,000400,Xuji Electric Co Ltd,0.0001,Industrials,CN,issuer
VWCE,2026-05-31,000878,Yunnan Copper Co Ltd,0.0001,Basic Materials,CN,issuer
VWCE,2026-05-31,688188,Shanghai BOCHU Electronic Technology Corp Ltd,0.0001,Technology,CN,issuer
VWCE,2026-05-31,603260,Hoshine Silicon Industry Co Ltd,0.0001,Basic Materials,CN,issuer
VWCE,2026-05-31,600348,Shan Xi Hua Yang Group New Energy Co Ltd,0.0001,Energy,CN,issuer
VWCE,2026-05-31,601155,Seazen Holdings Co Ltd,0.0001,Real Estate,CN,issuer
VWCE,2026-05-31,600699,Ningbo Joyson Electronic Corp,0.0001,Consumer Discretionary,CN,issuer
VWCE,2026-05-31,BSDE,Bumi Serpong Damai Tbk PT,0.0001,Real Estate,ID,issuer
VWCE,2026-05-31,002326,Zhejiang Yongtai Technology Co Ltd,0.0001,Basic Materials,CN,issuer
VWCE,2026-05-31,600779,Sichuan Swellfun Co Ltd,0.0001,Consumer Staples,CN,issuer
VWCE,2026-05-31,000591,CECEP Solar Energy Co Ltd,0.0001,Utilities,CN,issuer
VWCE,2026-05-31,300496,Thunder Software Technology Co Ltd,0.0001,Technology,CN,issuer
VWCE,2026-05-31,001570,Kum Yang Co Ltd,0.0001,Basic Materials,KR,issuer
VWCE,2026-05-31,ERES,Ezdan Holding Group QSC,0.0001,Real Estate,QA,issuer
VWCE,2026-05-31,VAKBN,Turkiye Vakiflar Bankasi TAO,0.0001,Financials,TR,issuer
VWCE,2026-05-31,DFM,Dubai Financial Market PJSC,0.0001,Financials,AE,issuer
VWCE,2026-05-31,KNPL,Kansai Nerolac Paints Ltd,0.0001,Industrials,IN,issuer
VWCE,2026-05-31,603444,G-bits Network Technology Xiamen Co Ltd,0.0001,Consumer Discretionary,CN,issuer
VWCE,2026-05-31,300142,Walvax Biotechnology Co Ltd,0.0001,Health Care,CN,issuer
VWCE,2026-05-31,601799,Changzhou Xingyu Automotive Lighting Systems Co Ltd,0.0,Consumer Discretionary,CN,issuer
VWCE,2026-05-31,000786,Beijing New Building Materials PLC,0.0,Industrials,CN,issuer
VWCE,2026-05-31,600483,Fujian Funeng Co Ltd,0.0,Utilities,CN,issuer
VWCE,2026-05-31,600338,Xizang Zhufeng Resources Co Ltd,0.0,Basic Materials,CN,issuer
VWCE,2026-05-31,601666,Pingdingshan Tianan Coal Mining Co Ltd,0.0,Energy,CN,issuer
VWCE,2026-05-31,688122,Western Superconducting Technologies Co Ltd,0.0,Basic Materials,CN,issuer
VWCE,2026-05-31,002268,CETC Cyberspace Security Technology Co Ltd,0.0,Industrials,CN,issuer
VWCE,2026-05-31,601139,Shenzhen Gas Corp Ltd,0.0,Utilities,CN,issuer
VWCE,2026-05-31,000860,Beijing Shunxin Agriculture Co Ltd,0.0,Consumer Staples,CN,issuer
VWCE,2026-05-31,300677,Intco Medical Technology Co Ltd,0.0,Health Care,CN,issuer
VWCE,2026-05-31,002568,Shanghai Bairun Investment Holding Group Co Ltd,0.0,Basic Materials,CN,issuer
VWCE,2026-05-31,603345,Anjoy Foods Group Co Ltd,0.0,Consumer Staples,CN,issuer
VWCE,2026-05-31,STH,StarHub Ltd,0.0,Telecommunications,SG,issuer
VWCE,2026-05-31,603939,Yifeng Pharmacy Chain Co Ltd,0.0,Consumer Staples,CN,issuer
VWCE,2026-05-31,300618,Nanjing Hanrui Cobalt Co Ltd,0.0,Basic Materials,CN,issuer
VWCE,2026-05-31,200539,Guangdong Electric Power Development Co Ltd,0.0,Utilities,CN,issuer
VWCE,2026-05-31,000519,North Industries Group Red Arrow Co Ltd,0.0,Industrials,CN,issuer
VWCE,2026-05-31,603737,Skshu Paint Co Ltd,0.0,Industrials,CN,issuer
VWCE,2026-05-31,300699,Weihai Guangwei Composites Co Ltd,0.0,Basic Materials,CN,issuer
VWCE,2026-05-31,002153,Beijing Shiji Information Technology Co Ltd,0.0,Technology,CN,issuer
VWCE,2026-05-31,600704,Wuchan Zhongda Group Co Ltd,0.0,Industrials,CN,issuer
VWCE,2026-05-31,603338,Zhejiang Dingli Machinery Co Ltd,0.0,Industrials,CN,issuer
VWCE,2026-05-31,,EDP SA,0.0,,PT,issuer
VWCE,2026-05-31,601216,Inner Mongolia Junzheng Energy & Chemical Industry Group Co Ltd,0.0,Basic Materials,CN,issuer
VWCE,2026-05-31,600298,Angel Yeast Co Ltd,0.0,Consumer Staples,CN,issuer
VWCE,2026-05-31,603392,Beijing Wantai Biological Pharmacy Enterprise Co Ltd,0.0,Health Care,CN,issuer
VWCE,2026-05-31,002670,Guosheng Securities Inc,0.0,Financials,CN,issuer
VWCE,2026-05-31,300601,Shenzhen Kangtai Biological Products Co Ltd,0.0,Health Care,CN,issuer
VWCE,2026-05-31,000902,Yonfer Agricultural Technology Co Ltd,0.0,Basic Materials,CN,issuer
VWCE,2026-05-31,300595,Ovctek China Inc,0.0,Health Care,CN,issuer
VWCE,2026-05-31,601636,Zhuzhou Kibing Group Co Ltd,0.0,Industrials,CN,issuer
VWCE,2026-05-31,603456,Zhejiang Jiuzhou Pharmaceutical Co Ltd,0.0,Health Care,CN,issuer
VWCE,2026-05-31,PARAUOSA,Parque Arauco SA,0.0,Real Estate,CL,issuer
VWCE,2026-05-31,002607,Offcn Education Technology Co Ltd,0.0,Consumer Discretionary,CN,issuer
VWCE,2026-05-31,603882,Guangzhou Kingmed Diagnostics Group Co Ltd,0.0,Health Care,CN,issuer
VWCE,2026-05-31,603816,Jason Furniture Hangzhou Co Ltd,0.0,Consumer Discretionary,CN,issuer
VWCE,2026-05-31,601456,Guolian Securities Co Ltd,0.0,Financials,CN,issuer
VWCE,2026-05-31,000725,Hyundai Engineering & Construction Co Ltd,0.0,Industrials,KR,issuer
VWCE,2026-05-31,300529,Jafron Biomedical Co Ltd,0.0,Health Care,CN,issuer
VWCE,2026-05-31,600655,Shanghai Yuyuan Tourist Mart Group Co Ltd,0.0,Consumer Discretionary,CN,issuer
VWCE,2026-05-31,601966,Shandong Linglong Tyre Co Ltd,0.0,Consumer Discretionary,CN,issuer
VWCE,2026-05-31,300357,Zhejiang Wolwo Bio-Pharmaceutical Co Ltd,0.0,Health Care,CN,issuer
VWCE,2026-05-31,PROX,Proximus SADP,0.0,Telecommunications,BE,issuer
VWCE,2026-05-31,RASP,Raspadskaya PAO,0.0,Energy,RU,issuer
VWCE,2026-05-31,,Hanergy Thin Film Power Group Ltd,0.0,,HK,issuer
VWCE,2026-05-31,HMSO,Hammerson PLC,0.0,Real Estate,GB,issuer
VWCE,2026-05-31,,ROCKWOOL A/S,0.0,,,issuer
VWCE,2026-05-31,SSA,Sistema AFK PAO,0.0,Financials,GB,issuer
VWCE,2026-05-31,NOVOB,Novo Nordisk A/S,0.0,Health Care,DK,issuer
VWCE,2026-05-31,CHMF,Severstal PAO,0.0,Basic Materials,RU,issuer
VWCE,2026-05-31,AFKS,Sistema AFK PAO,0.0,Financials,RU,issuer
VWCE,2026-05-31,EVR,Evraz PLC,0.0,Basic Materials,GB,issuer
VWCE,2026-05-31,NEM,Newmont Corp,0.0,Basic Materials,AU,issuer
VWCE,2026-05-31,ROSN,Rosneft Oil Co PJSC,0.0,Energy,RU,issuer
VWCE,2026-05-31,2299955D,Constellation Software Inc/Canada,0.0,Technology,CA,issuer
VWCE,2026-05-31,HUH1V,Huhtamaki Oyj,0.0,Industrials,FI,issuer
VWCE,2026-05-31,GVYM,Gav-Yam Lands Corp Ltd,0.0,Real Estate,IL,issuer
VWCE,2026-05-31,PLZL,Polyus PJSC,0.0,Basic Materials,RU,issuer
VWCE,2026-05-31,CBOM,Credit Bank of Moscow PJSC,0.0,Financials,RU,issuer
VWCE,2026-05-31,CHR,Chr Hansen Holding A/S,0.0,Health Care,DK,issuer
VWCE,2026-05-31,UTG,UNITE Group PLC/The,0.0,Real Estate,GB,issuer
VWCE,2026-05-31,ENG,Enagas SA,0.0,Energy,ES,issuer
VWCE,2026-05-31,OMU,Old Mutual Ltd,0.0,Financials,GB,issuer
VWCE,2026-05-31,DLN,Derwent London PLC,0.0,Real Estate,GB,issuer
VWCE,2026-05-31,MAGN,Magnitogorsk Iron & Steel Works PJSC,0.0,Basic Materials,RU,issuer
VWCE,2026-05-31,ALRS,Alrosa PJSC,0.0,Basic Materials,RU,issuer
VWCE,2026-05-31,AENA,Aena SME SA,0.0,Industrials,ES,issuer
VWCE,2026-05-31,SAMPO,Sampo Oyj,0.0,Financials,FI,issuer
VWCE,2026-05-31,TNET,Telenet Group Holding NV,0.0,Telecommunications,BE,issuer
VWCE,2026-05-31,COLR,Colruyt Group N.V,0.0,Consumer Staples,BE,issuer
VWCE,2026-05-31,,Hologic Inc,0.0,,US,issuer
VWCE,2026-05-31,CRH,CRH PLC,0.0,Industrials,GB,issuer
VWCE,2026-05-31,1FRVIA,Forvia SE,0.0,Consumer Discretionary,IT,issuer
VWCE,2026-05-31,,Polyus PJSC,0.0,Basic Materials,GB,issuer
VWCE,2026-05-31,TUI,TUI AG,0.0,Consumer Discretionary,GB,issuer
VWCE,2026-05-31,RBREW,Royal Unibrew A/S,0.0,Consumer Staples,DK,issuer
VWCE,2026-05-31,TYRES,Nokian Renkaat Oyj,0.0,Consumer Discretionary,FI,issuer
VWCE,2026-05-31,NEOE3,Neoenergia SA,0.0,Utilities,BR,issuer
VWCE,2026-05-31,SOLB,Solvay SA,0.0,Basic Materials,BE,issuer
VWCE,2026-05-31,UMI,Umicore SA,0.0,Basic Materials,BE,issuer
VWCE,2026-05-31,FFGRP,FF Group,0.0,Consumer Discretionary,GR,issuer
VWCE,2026-05-31,LUMO,Lumo Kodit Oyj,0.0,Real Estate,FI,issuer
VWCE,2026-05-31,NMC,NMC Health PLC,0.0,Health Care,GB,issuer
VWCE,2026-05-31,TUI1,TUI AG,0.0,Consumer Discretionary,DE,issuer
VWCE,2026-05-31,FLOT,Sovcomflot PJSC,0.0,Industrials,RU,issuer
VWCE,2026-05-31,VOE,voestalpine AG,0.0,Basic Materials,AT,issuer
VWCE,2026-05-31,VTBR,VTB Bank PJSC,0.0,Financials,RU,issuer
VWCE,2026-05-31,SBER,Sberbank of Russia PJSC,0.0,Financials,RU,issuer
